watch_id,profile_id,content_id,watch_duration_min,completion_rate_percent,device,timestamp
W00001,P0041,C0281,48,60,Mobile,2024-02-01 21:51:00
W00002,P0453,C0294,125,21,Tablet,2024-05-03 20:49:00
W00003,P0208,C0292,146,19,Tablet,2024-01-11 08:41:00
W00004,P0060,C0167,95,46,Mobile,2024-01-15 04:32:00
W00005,P0365,C0309,61,75,Tablet,2024-05-25 03:02:00
W00006,P0240,C0267,52,76,Tablet,2024-02-28 14:05:00
W00007,P0096,C0346,149,23,Tablet,2024-05-03 16:24:00
W00008,P0278,C0345,48,56,Mobile,2024-04-23 13:09:00
W00009,P0427,C0266,136,29,TV,2024-02-01 11:25:00
W00010,P0160,C0396,85,61,Laptop,2024-04-22 14:47:00
W00011,P0397,C0311,101,77,TV,2024-05-28 02:01:00
W00012,P0422,C0233,34,35,Mobile,2024-02-01 20:45:00
W00013,P0282,C0297,125,56,Laptop,2024-04-28 00:38:00
W00014,P0500,C0149,89,88,Mobile,2024-01-12 20:56:00
W00015,P0209,C0164,88,82,TV,2024-01-18 02:28:00
W00016,P0133,C0212,102,12,Mobile,2024-05-20 17:01:00
W00017,P0381,C0285,96,11,Tablet,2024-05-28 05:01:00
W00018,P0433,C0204,77,50,Tablet,2024-04-13 03:57:00
W00019,P0097,C0313,35,39,TV,2024-05-14 11:02:00
W00020,P0219,C0105,113,46,Tablet,2024-03-26 11:01:00
W00021,P0389,C0219,20,90,TV,2024-03-29 08:53:00
W00022,P0485,C0349,99,12,Mobile,2024-04-01 12:49:00
W00023,P0071,C0267,81,18,Mobile,2024-01-29 03:32:00
W00024,P0432,C0342,146,17,TV,2024-01-27 23:50:00
W00025,P0274,C0380,6,18,Laptop,2024-03-28 17:47:00
W00026,P0351,C0338,144,26,TV,2024-01-22 07:00:00
W00027,P0134,C0305,132,33,Laptop,2024-04-06 11:35:00
W00028,P0066,C0101,96,81,TV,2024-01-03 11:42:00
W00029,P0127,C0271,28,23,Mobile,2024-04-27 00:18:00
W00030,P0205,C0267,41,63,Tablet,2024-01-23 06:52:00
W00031,P0298,C0358,33,89,TV,2024-01-30 01:47:00
W00032,P0117,C0163,46,27,Laptop,2024-04-20 21:44:00
W00033,P0436,C0372,22,97,Tablet,2024-05-07 20:52:00
W00034,P0267,C0137,135,48,Laptop,2024-04-20 02:15:00
W00035,P0282,C0116,17,56,Laptop,2024-04-15 20:09:00
W00036,P0149,C0354,110,36,Laptop,2024-05-23 02:08:00
W00037,P0194,C0127,63,80,Laptop,2024-04-17 21:24:00
W00038,P0168,C0211,96,100,TV,2024-01-03 07:28:00
W00039,P0312,C0333,8,43,Tablet,2024-05-11 18:47:00
W00040,P0374,C0164,55,28,Tablet,2024-03-04 14:33:00
W00041,P0179,C0197,137,15,Tablet,2024-04-07 07:52:00
W00042,P0148,C0367,45,39,Tablet,2024-01-10 23:48:00
W00043,P0465,C0332,9,21,Mobile,2024-05-07 05:01:00
W00044,P0464,C0148,140,24,Mobile,2024-03-06 15:36:00
W00045,P0057,C0310,95,48,TV,2024-04-21 17:16:00
W00046,P0490,C0176,56,73,Tablet,2024-05-16 08:19:00
W00047,P0005,C0347,139,73,Mobile,2024-03-26 03:53:00
W00048,P0014,C0168,51,24,Tablet,2024-03-30 05:13:00
W00049,P0280,C0164,131,67,TV,2024-02-23 17:15:00
W00050,P0499,C0282,86,76,Laptop,2024-01-14 23:20:00
W00051,P0324,C0180,70,10,TV,2024-01-20 09:46:00
W00052,P0436,C0303,137,16,Mobile,2024-05-23 16:54:00
W00053,P0304,C0282,65,18,Mobile,2024-03-10 20:34:00
W00054,P0216,C0314,54,10,Mobile,2024-04-10 11:37:00
W00055,P0175,C0220,132,14,TV,2024-05-11 23:24:00
W00056,P0316,C0341,67,56,TV,2024-05-11 17:23:00
W00057,P0457,C0302,144,19,TV,2024-05-17 08:55:00
W00058,P0003,C0392,107,11,Tablet,2024-02-06 13:41:00
W00059,P0375,C0154,13,32,Mobile,2024-04-12 06:44:00
W00060,P0137,C0245,83,65,TV,2024-02-07 15:41:00
W00061,P0466,C0186,91,28,TV,2024-01-04 03:07:00
W00062,P0100,C0122,113,47,Tablet,2024-02-26 15:40:00
W00063,P0083,C0392,26,56,Mobile,2024-01-20 04:32:00
W00064,P0280,C0336,40,93,Laptop,2024-04-28 09:42:00
W00065,P0132,C0129,78,85,Laptop,2024-01-04 20:44:00
W00066,P0393,C0283,60,84,Mobile,2024-01-14 05:35:00
W00067,P0481,C0260,103,61,Tablet,2024-02-24 08:19:00
W00068,P0001,C0118,9,58,Mobile,2024-05-11 12:45:00
W00069,P0116,C0138,8,80,Laptop,2024-01-24 02:41:00
W00070,P0499,C0201,19,32,TV,2024-03-22 02:38:00
W00071,P0419,C0390,30,59,Mobile,2024-02-29 15:14:00
W00072,P0202,C0273,27,26,Laptop,2024-02-18 22:22:00
W00073,P0140,C0167,129,57,TV,2024-04-19 03:30:00
W00074,P0146,C0291,107,11,Mobile,2024-05-29 11:03:00
W00075,P0462,C0143,33,78,Tablet,2024-04-18 18:19:00
W00076,P0266,C0223,90,71,Laptop,2024-01-30 22:17:00
W00077,P0202,C0378,61,94,TV,2024-04-26 15:26:00
W00078,P0402,C0296,66,22,TV,2024-04-09 00:18:00
W00079,P0152,C0225,52,70,Tablet,2024-04-03 03:02:00
W00080,P0385,C0196,115,20,Laptop,2024-04-22 20:06:00
W00081,P0222,C0257,39,97,TV,2024-05-25 13:50:00
W00082,P0079,C0140,50,36,Tablet,2024-04-25 18:56:00
W00083,P0200,C0273,37,44,Laptop,2024-02-16 16:10:00
W00084,P0250,C0273,75,27,Tablet,2024-02-26 16:59:00
W00085,P0099,C0220,14,94,Tablet,2024-04-27 02:40:00
W00086,P0466,C0373,48,77,Tablet,2024-05-24 03:17:00
W00087,P0489,C0361,130,70,Tablet,2024-01-04 10:59:00
W00088,P0400,C0381,118,50,Laptop,2024-02-16 06:38:00
W00089,P0213,C0224,127,52,Tablet,2024-02-16 01:17:00
W00090,P0143,C0378,67,58,Tablet,2024-05-03 01:14:00
W00091,P0190,C0193,53,20,TV,2024-04-12 02:16:00
W00092,P0389,C0135,89,76,Laptop,2024-03-30 23:43:00
W00093,P0301,C0228,45,60,Laptop,2024-03-09 08:19:00
W00094,P0374,C0120,102,61,Tablet,2024-03-01 02:17:00
W00095,P0052,C0361,43,94,Tablet,2024-02-19 16:12:00
W00096,P0455,C0267,111,52,Mobile,2024-04-16 04:13:00
W00097,P0112,C0336,17,67,Tablet,2024-04-27 11:49:00
W00098,P0135,C0132,110,87,Laptop,2024-03-21 09:22:00
W00099,P0411,C0331,115,79,TV,2024-05-26 09:06:00
W00100,P0473,C0291,74,38,Laptop,2024-02-15 15:21:00
W00101,P0470,C0245,61,40,TV,2024-03-09 22:52:00
W00102,P0112,C0201,80,37,Tablet,2024-03-04 00:48:00
W00103,P0013,C0179,24,59,Mobile,2024-05-28 18:17:00
W00104,P0273,C0260,66,45,TV,2024-01-05 05:55:00
W00105,P0233,C0355,67,28,Laptop,2024-03-10 21:23:00
W00106,P0044,C0379,140,76,Tablet,2024-05-05 12:22:00
W00107,P0397,C0288,42,21,TV,2024-02-08 16:49:00
W00108,P0474,C0310,96,97,Mobile,2024-05-08 13:11:00
W00109,P0073,C0341,103,85,Mobile,2024-02-26 10:11:00
W00110,P0261,C0156,112,33,Mobile,2024-03-10 13:28:00
W00111,P0231,C0237,109,74,Tablet,2024-02-29 23:07:00
W00112,P0033,C0206,111,89,TV,2024-02-26 16:24:00
W00113,P0388,C0169,106,30,TV,2024-02-05 12:04:00
W00114,P0476,C0290,134,35,Tablet,2024-04-17 10:17:00
W00115,P0410,C0292,11,44,TV,2024-03-26 20:43:00
W00116,P0068,C0378,131,89,Tablet,2024-05-14 02:42:00
W00117,P0016,C0132,109,67,Mobile,2024-01-14 10:31:00
W00118,P0485,C0275,55,51,TV,2024-05-17 23:43:00
W00119,P0150,C0358,54,38,Mobile,2024-04-15 03:24:00
W00120,P0292,C0223,68,38,Tablet,2024-03-10 14:00:00
W00121,P0102,C0185,144,18,Mobile,2024-02-14 20:51:00
W00122,P0186,C0316,79,87,Laptop,2024-04-16 09:55:00
W00123,P0439,C0316,14,81,Tablet,2024-03-22 04:09:00
W00124,P0419,C0114,103,11,Laptop,2024-04-16 03:15:00
W00125,P0025,C0137,72,84,Tablet,2024-01-07 18:13:00
W00126,P0072,C0127,70,11,Mobile,2024-05-06 23:42:00
W00127,P0081,C0252,32,27,Mobile,2024-05-27 15:43:00
W00128,P0061,C0164,111,78,Mobile,2024-05-28 08:11:00
W00129,P0018,C0170,114,66,Laptop,2024-04-29 14:55:00
W00130,P0242,C0254,115,80,Mobile,2024-05-21 22:16:00
W00131,P0058,C0353,82,32,Laptop,2024-02-27 00:20:00
W00132,P0332,C0371,97,28,Laptop,2024-03-22 19:14:00
W00133,P0377,C0129,134,28,TV,2024-03-27 16:23:00
W00134,P0057,C0174,38,67,TV,2024-02-18 06:10:00
W00135,P0097,C0384,51,92,TV,2024-03-29 14:12:00
W00136,P0215,C0159,122,58,Tablet,2024-05-07 07:24:00
W00137,P0319,C0343,132,54,Laptop,2024-04-26 14:54:00
W00138,P0012,C0249,30,37,Mobile,2024-03-11 09:57:00
W00139,P0011,C0110,88,84,TV,2024-02-02 09:52:00
W00140,P0397,C0232,5,59,Tablet,2024-03-01 09:32:00
W00141,P0163,C0162,101,20,Laptop,2024-04-07 00:27:00
W00142,P0283,C0362,91,64,Tablet,2024-02-12 07:02:00
W00143,P0217,C0318,79,18,Mobile,2024-03-26 02:56:00
W00144,P0360,C0332,112,23,TV,2024-01-17 16:05:00
W00145,P0323,C0172,19,30,Laptop,2024-04-07 14:01:00
W00146,P0241,C0116,146,57,Tablet,2024-03-25 00:21:00
W00147,P0345,C0138,59,67,TV,2024-04-21 18:00:00
W00148,P0045,C0277,133,78,TV,2024-03-06 14:01:00
W00149,P0458,C0183,37,18,Laptop,2024-04-07 19:27:00
W00150,P0081,C0117,74,76,TV,2024-04-21 07:14:00
W00151,P0255,C0256,60,87,Tablet,2024-05-04 18:29:00
W00152,P0067,C0272,27,27,Laptop,2024-03-16 05:43:00
W00153,P0493,C0170,58,21,Laptop,2024-02-07 09:30:00
W00154,P0406,C0171,94,96,TV,2024-05-17 10:10:00
W00155,P0102,C0355,135,87,Mobile,2024-03-03 09:20:00
W00156,P0462,C0231,50,25,Mobile,2024-02-01 06:30:00
W00157,P0091,C0149,138,46,Mobile,2024-01-21 08:51:00
W00158,P0042,C0121,21,29,Tablet,2024-05-06 18:11:00
W00159,P0276,C0320,97,29,Laptop,2024-04-19 14:43:00
W00160,P0304,C0287,27,24,TV,2024-05-22 06:15:00
W00161,P0274,C0132,148,34,Mobile,2024-03-19 10:27:00
W00162,P0384,C0303,100,26,TV,2024-04-01 13:01:00
W00163,P0077,C0376,87,21,Mobile,2024-05-04 16:40:00
W00164,P0234,C0342,59,51,Mobile,2024-02-27 17:29:00
W00165,P0454,C0116,66,48,TV,2024-04-22 07:26:00
W00166,P0202,C0273,149,65,Tablet,2024-03-06 21:17:00
W00167,P0485,C0237,106,62,TV,2024-05-10 17:47:00
W00168,P0221,C0279,63,80,TV,2024-04-06 16:51:00
W00169,P0262,C0161,146,81,Tablet,2024-01-06 11:18:00
W00170,P0039,C0204,59,97,Tablet,2024-01-23 10:00:00
W00171,P0011,C0295,66,56,TV,2024-05-02 20:01:00
W00172,P0112,C0356,52,34,Tablet,2024-05-26 11:48:00
W00173,P0409,C0176,107,94,Mobile,2024-02-20 12:58:00
W00174,P0108,C0371,32,59,Tablet,2024-01-12 00:07:00
W00175,P0492,C0281,88,42,TV,2024-02-10 02:43:00
W00176,P0094,C0232,138,83,Tablet,2024-03-25 18:15:00
W00177,P0311,C0251,63,95,Laptop,2024-02-24 15:04:00
W00178,P0084,C0255,94,92,Tablet,2024-02-16 03:57:00
W00179,P0058,C0335,74,38,Mobile,2024-04-13 20:33:00
W00180,P0293,C0348,64,12,Laptop,2024-02-11 13:47:00
W00181,P0016,C0265,149,48,Mobile,2024-01-12 06:25:00
W00182,P0479,C0305,70,13,Mobile,2024-01-07 14:07:00
W00183,P0477,C0265,119,46,Laptop,2024-05-10 14:36:00
W00184,P0326,C0313,128,15,Mobile,2024-01-03 04:42:00
W00185,P0093,C0354,75,19,Laptop,2024-04-23 00:39:00
W00186,P0480,C0257,48,21,Mobile,2024-05-08 16:54:00
W00187,P0457,C0277,88,75,TV,2024-01-08 10:12:00
W00188,P0165,C0175,61,12,Mobile,2024-05-03 11:27:00
W00189,P0437,C0278,40,74,Laptop,2024-04-16 10:12:00
W00190,P0215,C0384,61,73,TV,2024-01-04 16:29:00
W00191,P0144,C0233,125,44,TV,2024-04-19 09:03:00
W00192,P0274,C0225,48,33,Tablet,2024-05-16 13:33:00
W00193,P0403,C0227,66,56,Tablet,2024-04-28 17:19:00
W00194,P0428,C0325,119,61,Tablet,2024-05-08 09:34:00
W00195,P0386,C0117,87,43,TV,2024-04-18 16:52:00
W00196,P0442,C0346,65,93,Tablet,2024-01-21 11:09:00
W00197,P0138,C0237,98,89,TV,2024-01-13 19:45:00
W00198,P0204,C0317,15,34,Tablet,2024-01-04 15:23:00
W00199,P0302,C0296,81,78,Mobile,2024-04-11 04:06:00
W00200,P0210,C0301,124,38,Tablet,2024-05-07 02:10:00
W00201,P0019,C0307,106,73,Laptop,2024-04-06 03:15:00
W00202,P0294,C0116,125,62,Tablet,2024-01-25 15:29:00
W00203,P0293,C0113,116,67,TV,2024-05-05 17:01:00
W00204,P0475,C0178,70,50,Laptop,2024-05-12 03:46:00
W00205,P0368,C0314,114,96,Laptop,2024-01-09 23:15:00
W00206,P0462,C0219,124,60,TV,2024-05-13 03:30:00
W00207,P0301,C0281,27,27,Laptop,2024-02-29 23:20:00
W00208,P0373,C0237,19,50,Laptop,2024-05-18 15:42:00
W00209,P0162,C0279,34,70,Laptop,2024-04-17 07:36:00
W00210,P0130,C0308,8,33,Tablet,2024-05-10 09:47:00
W00211,P0044,C0154,68,56,Laptop,2024-01-30 16:25:00
W00212,P0353,C0179,69,37,Mobile,2024-01-21 02:35:00
W00213,P0083,C0371,12,45,Mobile,2024-02-03 00:40:00
W00214,P0380,C0218,56,30,Tablet,2024-02-20 15:42:00
W00215,P0124,C0206,146,65,Tablet,2024-03-22 22:17:00
W00216,P0027,C0205,62,78,Mobile,2024-03-15 15:52:00
W00217,P0304,C0218,15,35,Laptop,2024-01-23 19:59:00
W00218,P0350,C0329,63,63,Mobile,2024-05-07 04:32:00
W00219,P0007,C0248,28,96,TV,2024-03-09 10:19:00
W00220,P0411,C0250,92,53,Laptop,2024-05-18 14:21:00
W00221,P0341,C0356,50,42,Mobile,2024-01-15 15:30:00
W00222,P0199,C0182,32,35,Mobile,2024-02-02 12:03:00
W00223,P0112,C0116,20,31,Laptop,2024-05-04 04:31:00
W00224,P0089,C0293,46,29,Laptop,2024-03-06 08:02:00
W00225,P0128,C0311,107,11,Laptop,2024-02-16 07:33:00
W00226,P0230,C0174,20,50,Tablet,2024-05-27 02:03:00
W00227,P0018,C0377,104,63,TV,2024-01-01 16:07:00
W00228,P0289,C0161,144,66,Tablet,2024-03-27 10:39:00
W00229,P0161,C0124,38,27,Mobile,2024-03-07 08:35:00
W00230,P0352,C0123,42,14,TV,2024-02-16 02:22:00
W00231,P0378,C0358,131,55,Tablet,2024-01-21 03:46:00
W00232,P0281,C0298,26,84,Mobile,2024-02-26 15:48:00
W00233,P0398,C0153,84,30,Laptop,2024-02-15 07:39:00
W00234,P0422,C0239,92,31,Mobile,2024-05-24 09:10:00
W00235,P0166,C0371,7,12,Laptop,2024-05-16 14:04:00
W00236,P0260,C0301,5,18,Tablet,2024-04-24 10:45:00
W00237,P0364,C0264,57,11,Mobile,2024-03-31 22:57:00
W00238,P0190,C0192,51,37,TV,2024-04-29 09:17:00
W00239,P0338,C0123,119,43,Mobile,2024-02-07 02:21:00
W00240,P0266,C0188,45,62,Laptop,2024-04-09 08:20:00
W00241,P0291,C0282,145,68,Tablet,2024-03-12 11:41:00
W00242,P0355,C0383,70,19,TV,2024-02-04 09:55:00
W00243,P0360,C0121,47,92,TV,2024-04-22 04:40:00
W00244,P0279,C0149,93,11,Tablet,2024-03-28 04:29:00
W00245,P0217,C0290,117,57,Tablet,2024-04-11 11:01:00
W00246,P0321,C0305,30,15,Mobile,2024-03-23 15:46:00
W00247,P0338,C0144,103,53,Mobile,2024-05-10 21:38:00
W00248,P0207,C0400,65,63,TV,2024-01-28 16:19:00
W00249,P0153,C0228,129,80,Mobile,2024-03-11 18:06:00
W00250,P0480,C0289,123,45,Laptop,2024-03-13 12:42:00
W00251,P0181,C0270,66,17,Laptop,2024-05-03 23:18:00
W00252,P0212,C0379,86,92,Mobile,2024-04-30 13:06:00
W00253,P0273,C0301,146,19,TV,2024-05-21 19:03:00
W00254,P0441,C0225,141,42,Mobile,2024-03-01 11:15:00
W00255,P0203,C0392,48,100,Tablet,2024-01-30 04:24:00
W00256,P0205,C0116,60,28,Tablet,2024-03-04 11:12:00
W00257,P0473,C0374,7,27,TV,2024-04-29 13:39:00
W00258,P0404,C0394,102,60,TV,2024-03-29 20:26:00
W00259,P0384,C0120,101,32,Tablet,2024-02-22 16:40:00
W00260,P0153,C0119,95,10,Tablet,2024-03-18 03:41:00
W00261,P0170,C0113,63,68,Laptop,2024-02-10 01:07:00
W00262,P0429,C0117,77,12,Mobile,2024-01-08 08:33:00
W00263,P0241,C0306,145,19,TV,2024-04-14 19:10:00
W00264,P0287,C0130,57,80,Tablet,2024-01-16 07:56:00
W00265,P0245,C0399,46,58,TV,2024-03-02 14:40:00
W00266,P0321,C0143,73,65,Tablet,2024-01-12 17:38:00
W00267,P0436,C0193,114,99,TV,2024-01-11 08:13:00
W00268,P0080,C0166,96,25,TV,2024-02-19 11:00:00
W00269,P0496,C0219,7,48,Laptop,2024-03-09 22:07:00
W00270,P0092,C0172,45,85,Laptop,2024-01-20 16:52:00
W00271,P0149,C0262,129,53,Laptop,2024-05-16 22:27:00
W00272,P0030,C0369,5,17,Laptop,2024-02-04 16:16:00
W00273,P0123,C0318,119,17,Laptop,2024-03-05 17:11:00
W00274,P0387,C0354,74,54,Tablet,2024-02-14 05:42:00
W00275,P0482,C0159,130,20,Mobile,2024-03-16 07:17:00
W00276,P0326,C0132,54,34,Tablet,2024-03-16 02:53:00
W00277,P0427,C0220,84,26,Mobile,2024-02-16 08:46:00
W00278,P0029,C0102,101,92,Laptop,2024-04-14 10:58:00
W00279,P0259,C0218,63,64,TV,2024-01-26 13:39:00
W00280,P0186,C0137,78,88,TV,2024-04-02 06:45:00
W00281,P0417,C0197,67,65,Mobile,2024-01-21 08:24:00
W00282,P0075,C0357,29,53,Mobile,2024-05-11 05:47:00
W00283,P0045,C0228,142,62,Tablet,2024-01-28 12:51:00
W00284,P0069,C0256,81,44,Mobile,2024-05-29 01:15:00
W00285,P0498,C0245,128,48,Tablet,2024-03-07 14:13:00
W00286,P0416,C0157,133,11,Laptop,2024-03-31 15:50:00
W00287,P0367,C0170,103,34,TV,2024-04-14 18:30:00
W00288,P0210,C0144,18,47,TV,2024-01-06 03:33:00
W00289,P0239,C0312,42,77,Tablet,2024-05-24 09:32:00
W00290,P0340,C0275,5,89,Mobile,2024-01-12 04:21:00
W00291,P0308,C0241,88,41,Tablet,2024-01-27 23:23:00
W00292,P0192,C0176,137,88,Mobile,2024-04-15 07:20:00
W00293,P0372,C0258,48,87,Mobile,2024-04-02 12:32:00
W00294,P0103,C0185,61,50,Mobile,2024-04-08 02:21:00
W00295,P0241,C0118,108,88,Tablet,2024-02-04 12:28:00
W00296,P0253,C0384,49,80,Laptop,2024-03-24 10:52:00
W00297,P0424,C0142,64,16,TV,2024-02-18 22:05:00
W00298,P0220,C0234,70,81,Tablet,2024-04-22 20:13:00
W00299,P0397,C0202,51,92,Laptop,2024-05-15 09:14:00
W00300,P0474,C0237,119,27,TV,2024-05-27 14:51:00
W00301,P0336,C0322,30,26,Tablet,2024-04-06 10:01:00
W00302,P0217,C0329,141,91,Tablet,2024-02-08 05:40:00
W00303,P0202,C0394,55,92,Laptop,2024-03-02 10:17:00
W00304,P0029,C0219,98,86,Tablet,2024-04-16 06:21:00
W00305,P0494,C0199,114,68,TV,2024-01-09 22:47:00
W00306,P0447,C0259,140,20,Laptop,2024-02-06 13:36:00
W00307,P0486,C0339,9,60,Tablet,2024-02-10 14:15:00
W00308,P0212,C0289,43,16,TV,2024-01-21 13:38:00
W00309,P0154,C0349,72,36,Tablet,2024-02-28 03:02:00
W00310,P0480,C0126,44,68,Laptop,2024-02-10 06:36:00
W00311,P0231,C0289,40,46,Tablet,2024-01-11 15:06:00
W00312,P0102,C0240,101,14,TV,2024-03-17 02:06:00
W00313,P0315,C0281,30,71,Mobile,2024-02-15 00:00:00
W00314,P0177,C0121,108,81,Tablet,2024-04-17 00:18:00
W00315,P0181,C0263,107,83,Tablet,2024-03-16 09:43:00
W00316,P0472,C0171,79,99,TV,2024-04-18 21:31:00
W00317,P0415,C0182,89,88,TV,2024-02-14 10:01:00
W00318,P0232,C0255,117,64,Laptop,2024-04-12 16:27:00
W00319,P0012,C0147,60,25,Mobile,2024-01-08 19:36:00
W00320,P0186,C0294,61,83,Laptop,2024-03-31 02:53:00
W00321,P0249,C0324,132,65,TV,2024-03-27 16:44:00
W00322,P0420,C0337,105,60,TV,2024-03-24 14:09:00
W00323,P0266,C0380,139,77,TV,2024-05-25 22:27:00
W00324,P0390,C0110,145,55,TV,2024-05-06 06:59:00
W00325,P0135,C0252,88,70,Laptop,2024-03-22 08:04:00
W00326,P0245,C0204,104,87,Mobile,2024-05-26 06:51:00
W00327,P0031,C0224,50,42,TV,2024-03-24 18:56:00
W00328,P0347,C0285,65,64,Laptop,2024-03-16 23:21:00
W00329,P0456,C0390,60,27,Laptop,2024-05-22 00:40:00
W00330,P0259,C0141,33,21,Laptop,2024-01-02 15:58:00
W00331,P0104,C0111,115,83,Laptop,2024-01-29 01:44:00
W00332,P0431,C0318,96,30,Laptop,2024-02-20 21:29:00
W00333,P0382,C0101,146,87,TV,2024-05-21 03:29:00
W00334,P0469,C0271,106,82,TV,2024-02-20 19:01:00
W00335,P0001,C0382,75,35,Mobile,2024-04-30 12:50:00
W00336,P0429,C0153,17,88,Mobile,2024-03-24 07:33:00
W00337,P0438,C0225,149,30,Mobile,2024-04-26 06:26:00
W00338,P0434,C0275,85,31,Mobile,2024-05-23 22:53:00
W00339,P0207,C0365,104,64,Tablet,2024-02-09 04:17:00
W00340,P0135,C0365,87,55,Laptop,2024-03-21 04:27:00
W00341,P0447,C0299,120,50,Laptop,2024-03-05 22:14:00
W00342,P0271,C0356,129,14,Laptop,2024-02-14 16:25:00
W00343,P0089,C0272,6,53,Tablet,2024-04-10 20:36:00
W00344,P0195,C0159,66,25,Laptop,2024-03-02 00:48:00
W00345,P0414,C0206,24,44,Laptop,2024-05-06 03:42:00
W00346,P0122,C0225,94,14,Laptop,2024-01-23 23:51:00
W00347,P0462,C0116,66,71,Laptop,2024-02-07 04:36:00
W00348,P0116,C0138,21,99,Laptop,2024-04-16 06:59:00
W00349,P0196,C0343,43,35,Mobile,2024-04-08 06:14:00
W00350,P0036,C0310,14,70,Tablet,2024-03-13 17:33:00
W00351,P0067,C0385,114,60,TV,2024-04-17 03:14:00
W00352,P0133,C0268,32,78,Mobile,2024-03-19 17:44:00
W00353,P0281,C0364,65,65,Tablet,2024-03-03 00:22:00
W00354,P0479,C0198,62,59,Laptop,2024-04-13 18:18:00
W00355,P0011,C0234,48,45,Tablet,2024-02-17 11:11:00
W00356,P0456,C0281,87,33,Laptop,2024-02-26 19:01:00
W00357,P0218,C0322,129,88,Laptop,2024-04-09 23:23:00
W00358,P0322,C0249,149,39,Tablet,2024-02-03 07:19:00
W00359,P0156,C0344,83,78,TV,2024-01-07 20:19:00
W00360,P0240,C0176,89,57,Laptop,2024-02-25 13:52:00
W00361,P0060,C0362,42,31,Laptop,2024-02-16 19:31:00
W00362,P0138,C0331,34,42,Mobile,2024-01-19 20:25:00
W00363,P0050,C0291,36,78,Tablet,2024-05-25 16:46:00
W00364,P0167,C0234,24,59,Tablet,2024-05-05 06:34:00
W00365,P0165,C0352,106,32,Tablet,2024-02-18 14:40:00
W00366,P0319,C0345,68,19,Mobile,2024-02-07 09:35:00
W00367,P0189,C0365,40,45,Tablet,2024-03-09 23:35:00
W00368,P0487,C0104,30,26,Tablet,2024-04-25 20:27:00
W00369,P0469,C0137,11,62,Laptop,2024-03-05 17:34:00
W00370,P0092,C0171,38,100,TV,2024-05-11 13:56:00
W00371,P0294,C0362,138,17,TV,2024-04-29 22:47:00
W00372,P0376,C0337,66,53,Mobile,2024-03-07 01:14:00
W00373,P0289,C0278,90,70,Tablet,2024-02-14 19:38:00
W00374,P0075,C0196,77,15,Mobile,2024-04-16 07:27:00
W00375,P0045,C0327,132,80,TV,2024-02-20 04:21:00
W00376,P0428,C0111,64,99,Mobile,2024-02-28 02:04:00
W00377,P0385,C0366,68,90,Laptop,2024-05-22 04:04:00
W00378,P0053,C0289,56,46,Laptop,2024-01-30 08:04:00
W00379,P0175,C0309,149,63,Laptop,2024-05-01 02:04:00
W00380,P0161,C0113,64,32,Tablet,2024-02-06 02:49:00
W00381,P0067,C0262,81,100,Laptop,2024-05-03 17:38:00
W00382,P0474,C0160,123,66,Mobile,2024-03-27 10:45:00
W00383,P0399,C0105,142,60,Laptop,2024-01-18 03:20:00
W00384,P0361,C0302,129,67,Tablet,2024-04-22 13:16:00
W00385,P0270,C0112,22,28,Laptop,2024-03-17 00:58:00
W00386,P0407,C0340,68,36,Laptop,2024-05-05 01:48:00
W00387,P0124,C0325,83,98,Tablet,2024-01-22 01:07:00
W00388,P0182,C0282,63,34,Tablet,2024-03-09 19:48:00
W00389,P0376,C0397,62,30,Laptop,2024-02-18 11:13:00
W00390,P0392,C0278,65,34,TV,2024-04-18 13:40:00
W00391,P0182,C0218,122,60,Laptop,2024-05-02 05:42:00
W00392,P0036,C0176,83,80,Mobile,2024-05-10 22:57:00
W00393,P0212,C0146,75,44,Tablet,2024-04-18 12:41:00
W00394,P0384,C0327,92,79,Laptop,2024-03-25 15:41:00
W00395,P0436,C0394,91,59,TV,2024-05-06 16:43:00
W00396,P0134,C0340,143,24,Laptop,2024-01-21 04:59:00
W00397,P0353,C0241,92,33,Mobile,2024-05-18 05:58:00
W00398,P0412,C0304,137,58,Tablet,2024-03-08 23:28:00
W00399,P0178,C0250,43,77,Mobile,2024-04-01 21:43:00
W00400,P0166,C0230,84,16,TV,2024-05-04 08:02:00
W00401,P0414,C0369,24,90,Mobile,2024-05-20 18:54:00
W00402,P0494,C0237,85,63,Mobile,2024-04-07 02:18:00
W00403,P0491,C0216,23,47,Tablet,2024-01-17 18:42:00
W00404,P0337,C0261,147,54,Mobile,2024-03-22 01:43:00
W00405,P0329,C0255,138,18,TV,2024-01-19 02:44:00
W00406,P0476,C0273,120,64,TV,2024-03-25 08:39:00
W00407,P0438,C0230,105,92,Tablet,2024-01-28 08:36:00
W00408,P0327,C0179,43,61,TV,2024-05-24 10:12:00
W00409,P0046,C0157,40,86,TV,2024-04-27 01:03:00
W00410,P0156,C0157,87,58,TV,2024-03-31 19:00:00
W00411,P0401,C0234,98,64,TV,2024-04-07 04:26:00
W00412,P0488,C0114,6,92,TV,2024-02-23 19:23:00
W00413,P0432,C0383,77,79,TV,2024-05-28 06:34:00
W00414,P0428,C0394,39,85,TV,2024-01-05 16:16:00
W00415,P0236,C0247,133,88,Laptop,2024-01-20 09:17:00
W00416,P0316,C0227,67,12,TV,2024-01-12 14:42:00
W00417,P0060,C0360,99,77,Tablet,2024-05-26 11:05:00
W00418,P0005,C0318,49,47,Laptop,2024-02-17 10:19:00
W00419,P0453,C0333,129,79,TV,2024-02-21 14:23:00
W00420,P0462,C0268,41,58,TV,2024-03-10 17:02:00
W00421,P0454,C0243,11,17,Tablet,2024-04-11 20:39:00
W00422,P0391,C0360,114,94,TV,2024-05-22 11:54:00
W00423,P0181,C0318,148,54,Laptop,2024-03-22 10:03:00
W00424,P0145,C0246,146,38,Laptop,2024-01-04 15:02:00
W00425,P0315,C0199,138,88,Tablet,2024-04-18 02:42:00
W00426,P0265,C0282,142,58,TV,2024-02-17 08:30:00
W00427,P0223,C0269,36,33,Tablet,2024-03-13 01:55:00
W00428,P0406,C0333,138,30,TV,2024-03-21 05:36:00
W00429,P0301,C0193,6,32,Laptop,2024-04-22 12:16:00
W00430,P0457,C0217,43,37,TV,2024-04-05 13:59:00
W00431,P0443,C0104,53,41,TV,2024-05-26 22:26:00
W00432,P0336,C0185,31,31,Laptop,2024-03-09 17:16:00
W00433,P0484,C0267,60,71,Laptop,2024-01-31 11:59:00
W00434,P0482,C0107,18,76,Laptop,2024-04-23 07:59:00
W00435,P0237,C0332,107,82,TV,2024-01-22 22:52:00
W00436,P0013,C0351,122,15,Tablet,2024-03-07 15:05:00
W00437,P0339,C0185,126,74,Laptop,2024-02-11 05:19:00
W00438,P0268,C0293,109,31,TV,2024-05-05 04:36:00
W00439,P0420,C0223,29,60,Tablet,2024-02-04 11:35:00
W00440,P0266,C0189,57,77,Mobile,2024-01-30 00:56:00
W00441,P0016,C0195,15,66,Mobile,2024-02-16 19:46:00
W00442,P0092,C0400,41,81,TV,2024-01-19 23:13:00
W00443,P0248,C0145,13,64,TV,2024-01-08 13:13:00
W00444,P0019,C0353,32,51,Laptop,2024-04-22 22:30:00
W00445,P0360,C0151,59,61,TV,2024-01-30 10:46:00
W00446,P0390,C0165,131,70,Tablet,2024-03-07 18:08:00
W00447,P0388,C0154,74,28,TV,2024-02-05 00:24:00
W00448,P0414,C0322,31,10,Tablet,2024-02-06 00:00:00
W00449,P0103,C0172,14,50,Tablet,2024-05-22 02:20:00
W00450,P0095,C0268,130,72,Laptop,2024-05-15 03:07:00
W00451,P0430,C0286,7,97,Tablet,2024-05-07 03:20:00
W00452,P0283,C0243,47,57,TV,2024-05-06 04:16:00
W00453,P0429,C0119,103,90,Tablet,2024-02-04 03:13:00
W00454,P0213,C0110,11,41,Mobile,2024-04-13 21:28:00
W00455,P0037,C0372,46,59,Tablet,2024-02-03 15:41:00
W00456,P0393,C0271,101,23,TV,2024-05-07 21:23:00
W00457,P0061,C0116,8,26,Laptop,2024-04-11 18:18:00
W00458,P0291,C0180,140,39,TV,2024-04-08 15:09:00
W00459,P0362,C0384,88,60,TV,2024-02-03 00:44:00
W00460,P0303,C0290,149,71,TV,2024-03-01 01:22:00
W00461,P0244,C0248,9,33,Mobile,2024-05-02 05:57:00
W00462,P0405,C0263,117,72,Laptop,2024-01-16 18:09:00
W00463,P0401,C0365,141,23,Mobile,2024-05-24 06:14:00
W00464,P0311,C0238,140,43,Tablet,2024-05-03 23:01:00
W00465,P0344,C0130,11,68,Tablet,2024-03-06 07:29:00
W00466,P0351,C0268,41,74,Mobile,2024-01-13 03:03:00
W00467,P0006,C0191,59,95,Laptop,2024-04-20 08:27:00
W00468,P0377,C0191,71,42,Tablet,2024-02-03 04:54:00
W00469,P0419,C0311,140,67,Laptop,2024-05-15 20:38:00
W00470,P0306,C0400,73,27,Mobile,2024-04-29 17:30:00
W00471,P0165,C0274,9,21,Tablet,2024-04-27 12:12:00
W00472,P0013,C0234,21,83,Mobile,2024-02-22 05:20:00
W00473,P0025,C0124,115,75,Tablet,2024-05-24 20:56:00
W00474,P0224,C0301,62,11,TV,2024-01-13 23:46:00
W00475,P0123,C0319,108,79,Laptop,2024-02-22 22:16:00
W00476,P0129,C0107,117,93,Mobile,2024-01-25 12:05:00
W00477,P0305,C0106,96,37,TV,2024-01-31 05:36:00
W00478,P0122,C0218,72,51,Mobile,2024-01-23 09:03:00
W00479,P0035,C0261,32,12,Mobile,2024-03-14 17:13:00
W00480,P0083,C0185,93,57,Laptop,2024-02-23 10:59:00
W00481,P0309,C0348,110,98,Mobile,2024-04-23 17:17:00
W00482,P0436,C0266,71,96,Laptop,2024-04-19 16:51:00
W00483,P0182,C0245,126,22,Mobile,2024-02-22 06:47:00
W00484,P0076,C0131,105,66,Tablet,2024-03-19 17:25:00
W00485,P0104,C0320,16,97,TV,2024-01-30 11:42:00
W00486,P0232,C0233,105,12,Tablet,2024-01-04 20:28:00
W00487,P0303,C0164,8,72,Laptop,2024-02-28 12:55:00
W00488,P0043,C0176,125,47,Laptop,2024-01-12 21:53:00
W00489,P0404,C0231,46,68,TV,2024-03-22 05:53:00
W00490,P0417,C0138,26,37,Laptop,2024-05-06 18:18:00
W00491,P0093,C0154,5,35,Tablet,2024-04-14 16:30:00
W00492,P0144,C0230,52,93,TV,2024-04-02 19:37:00
W00493,P0254,C0318,47,100,Laptop,2024-01-18 18:39:00
W00494,P0078,C0102,106,74,Laptop,2024-02-07 03:28:00
W00495,P0263,C0346,22,83,Laptop,2024-03-27 18:31:00
W00496,P0070,C0240,80,83,Laptop,2024-02-19 06:29:00
W00497,P0149,C0396,149,70,Mobile,2024-03-09 15:39:00
W00498,P0292,C0358,86,66,Mobile,2024-04-30 19:40:00
W00499,P0214,C0205,14,10,Mobile,2024-05-18 10:32:00
W00500,P0360,C0285,28,41,Laptop,2024-03-05 02:16:00
W00501,P0310,C0344,144,41,Mobile,2024-04-09 15:10:00
W00502,P0147,C0264,8,36,Laptop,2024-02-20 02:20:00
W00503,P0025,C0232,130,22,Tablet,2024-03-23 02:56:00
W00504,P0323,C0303,137,26,Laptop,2024-04-21 11:30:00
W00505,P0484,C0310,84,37,TV,2024-05-24 07:50:00
W00506,P0109,C0201,9,98,TV,2024-02-29 10:31:00
W00507,P0181,C0371,87,61,TV,2024-05-17 02:54:00
W00508,P0251,C0149,10,45,Laptop,2024-01-23 03:54:00
W00509,P0482,C0339,11,56,TV,2024-01-13 18:44:00
W00510,P0203,C0315,14,75,TV,2024-01-24 08:42:00
W00511,P0304,C0391,82,41,Laptop,2024-01-17 07:10:00
W00512,P0170,C0380,46,41,Laptop,2024-01-25 08:52:00
W00513,P0175,C0177,66,79,Mobile,2024-03-24 16:18:00
W00514,P0347,C0251,129,64,Laptop,2024-05-19 21:56:00
W00515,P0170,C0397,26,82,Mobile,2024-02-11 15:12:00
W00516,P0002,C0257,61,89,Laptop,2024-04-10 22:07:00
W00517,P0134,C0298,100,98,Tablet,2024-04-12 08:59:00
W00518,P0127,C0387,143,49,TV,2024-02-10 22:58:00
W00519,P0046,C0124,146,37,Tablet,2024-02-16 03:46:00
W00520,P0194,C0109,35,90,Laptop,2024-04-14 14:51:00
W00521,P0362,C0232,8,40,Tablet,2024-01-13 03:29:00
W00522,P0209,C0177,113,96,Mobile,2024-05-20 18:43:00
W00523,P0296,C0326,122,40,Laptop,2024-01-31 14:57:00
W00524,P0058,C0231,97,35,Laptop,2024-01-16 10:48:00
W00525,P0496,C0190,103,13,Tablet,2024-03-13 19:49:00
W00526,P0078,C0217,81,67,TV,2024-02-23 15:51:00
W00527,P0202,C0210,87,88,Laptop,2024-04-09 10:20:00
W00528,P0493,C0371,119,32,TV,2024-03-27 19:56:00
W00529,P0289,C0327,65,78,Tablet,2024-05-16 12:55:00
W00530,P0490,C0344,104,69,Tablet,2024-01-07 04:33:00
W00531,P0062,C0155,138,52,Tablet,2024-01-03 17:31:00
W00532,P0268,C0137,83,98,Mobile,2024-03-10 15:39:00
W00533,P0126,C0155,10,35,Laptop,2024-05-28 08:59:00
W00534,P0480,C0112,70,76,Tablet,2024-02-23 18:08:00
W00535,P0049,C0285,147,77,Tablet,2024-04-09 21:15:00
W00536,P0088,C0337,80,64,Mobile,2024-01-13 22:16:00
W00537,P0334,C0393,44,56,Laptop,2024-02-18 01:57:00
W00538,P0261,C0304,11,91,TV,2024-02-23 09:24:00
W00539,P0179,C0311,26,68,Laptop,2024-02-13 00:52:00
W00540,P0069,C0326,76,84,Tablet,2024-03-14 09:17:00
W00541,P0367,C0107,110,84,TV,2024-01-13 18:45:00
W00542,P0416,C0320,143,25,Mobile,2024-01-24 14:27:00
W00543,P0493,C0128,134,67,Mobile,2024-05-21 19:21:00
W00544,P0433,C0393,34,98,Tablet,2024-05-10 01:50:00
W00545,P0481,C0312,72,10,TV,2024-04-11 00:16:00
W00546,P0060,C0289,93,99,Laptop,2024-01-12 20:05:00
W00547,P0302,C0175,77,54,Tablet,2024-04-25 09:00:00
W00548,P0452,C0342,76,15,TV,2024-05-01 20:11:00
W00549,P0249,C0214,137,100,TV,2024-03-30 03:49:00
W00550,P0478,C0267,70,61,TV,2024-03-05 01:58:00
W00551,P0169,C0206,89,28,TV,2024-01-16 07:44:00
W00552,P0465,C0251,53,52,Mobile,2024-04-13 11:37:00
W00553,P0451,C0184,12,28,TV,2024-01-27 02:54:00
W00554,P0269,C0312,6,48,TV,2024-05-13 23:34:00
W00555,P0364,C0367,32,41,Tablet,2024-02-02 00:54:00
W00556,P0112,C0369,143,74,Mobile,2024-01-07 12:35:00
W00557,P0100,C0277,50,98,Mobile,2024-02-26 00:11:00
W00558,P0402,C0371,130,56,Mobile,2024-01-16 11:59:00
W00559,P0215,C0282,25,22,Laptop,2024-02-12 06:12:00
W00560,P0483,C0259,36,83,Laptop,2024-05-14 20:51:00
W00561,P0113,C0289,81,91,Mobile,2024-04-20 05:06:00
W00562,P0097,C0286,25,45,Tablet,2024-03-15 12:55:00
W00563,P0307,C0346,38,95,TV,2024-02-14 20:37:00
W00564,P0118,C0142,142,79,TV,2024-02-28 10:43:00
W00565,P0036,C0385,69,36,Mobile,2024-04-13 03:14:00
W00566,P0337,C0400,69,81,Mobile,2024-04-07 20:49:00
W00567,P0359,C0394,92,33,Laptop,2024-03-19 19:07:00
W00568,P0290,C0281,71,29,Mobile,2024-01-04 18:47:00
W00569,P0396,C0282,47,95,Laptop,2024-05-16 10:30:00
W00570,P0389,C0318,119,18,Mobile,2024-05-12 10:07:00
W00571,P0304,C0263,145,48,TV,2024-03-15 19:26:00
W00572,P0360,C0146,122,92,Mobile,2024-02-01 08:59:00
W00573,P0347,C0192,8,10,TV,2024-01-22 03:52:00
W00574,P0124,C0205,27,20,Mobile,2024-01-17 18:33:00
W00575,P0040,C0307,74,83,Laptop,2024-04-15 00:25:00
W00576,P0141,C0239,45,10,Mobile,2024-01-25 23:37:00
W00577,P0026,C0129,124,100,Tablet,2024-02-14 22:42:00
W00578,P0142,C0351,94,90,TV,2024-01-11 07:40:00
W00579,P0352,C0291,56,53,TV,2024-04-13 18:11:00
W00580,P0395,C0147,149,60,TV,2024-04-04 23:55:00
W00581,P0422,C0351,55,26,Mobile,2024-03-05 17:52:00
W00582,P0336,C0363,135,75,Tablet,2024-02-21 18:45:00
W00583,P0057,C0164,59,32,Tablet,2024-02-26 09:18:00
W00584,P0150,C0368,123,50,Laptop,2024-01-26 00:04:00
W00585,P0367,C0112,117,68,Laptop,2024-03-24 06:00:00
W00586,P0400,C0392,39,83,Laptop,2024-02-23 15:45:00
W00587,P0205,C0129,72,34,Tablet,2024-01-15 12:15:00
W00588,P0076,C0239,96,26,TV,2024-03-01 19:05:00
W00589,P0466,C0185,63,28,TV,2024-01-21 07:32:00
W00590,P0285,C0174,17,91,Laptop,2024-05-13 21:57:00
W00591,P0210,C0351,66,91,Laptop,2024-03-02 09:57:00
W00592,P0494,C0324,98,55,Mobile,2024-03-18 11:53:00
W00593,P0386,C0147,7,44,Mobile,2024-02-15 20:46:00
W00594,P0438,C0181,25,83,Tablet,2024-01-03 16:29:00
W00595,P0258,C0221,108,32,Mobile,2024-01-06 18:36:00
W00596,P0259,C0143,69,95,Laptop,2024-01-08 08:12:00
W00597,P0477,C0246,17,53,Laptop,2024-04-17 19:44:00
W00598,P0184,C0174,81,18,Laptop,2024-03-15 05:32:00
W00599,P0328,C0153,113,41,TV,2024-02-19 14:22:00
W00600,P0011,C0333,100,99,Laptop,2024-03-10 04:31:00
W00601,P0460,C0395,97,68,Mobile,2024-03-08 21:15:00
W00602,P0160,C0300,49,51,Tablet,2024-02-17 11:35:00
W00603,P0260,C0262,66,71,Mobile,2024-03-04 18:33:00
W00604,P0393,C0137,34,28,TV,2024-03-16 19:22:00
W00605,P0088,C0197,18,44,Mobile,2024-04-10 04:33:00
W00606,P0369,C0149,14,85,Mobile,2024-01-19 05:10:00
W00607,P0184,C0110,10,17,TV,2024-04-11 14:45:00
W00608,P0016,C0140,123,98,Mobile,2024-05-13 21:23:00
W00609,P0465,C0253,23,100,TV,2024-04-17 14:42:00
W00610,P0495,C0206,16,52,Mobile,2024-01-29 02:04:00
W00611,P0244,C0141,121,54,TV,2024-04-07 21:36:00
W00612,P0086,C0264,107,15,Tablet,2024-04-16 04:04:00
W00613,P0199,C0358,118,22,Tablet,2024-03-20 07:29:00
W00614,P0010,C0311,86,20,TV,2024-01-08 19:24:00
W00615,P0477,C0302,13,79,Laptop,2024-04-15 00:07:00
W00616,P0164,C0295,138,78,TV,2024-04-05 08:14:00
W00617,P0024,C0153,133,16,Mobile,2024-04-03 13:52:00
W00618,P0064,C0247,97,64,Laptop,2024-02-08 09:52:00
W00619,P0312,C0382,103,64,Laptop,2024-03-24 12:33:00
W00620,P0238,C0343,103,28,Laptop,2024-03-26 01:32:00
W00621,P0462,C0151,34,15,TV,2024-03-26 17:47:00
W00622,P0462,C0214,39,98,TV,2024-05-16 07:00:00
W00623,P0345,C0373,67,18,Laptop,2024-03-14 19:39:00
W00624,P0238,C0220,32,29,TV,2024-04-13 05:21:00
W00625,P0022,C0289,36,34,Tablet,2024-02-24 07:35:00
W00626,P0180,C0146,73,59,Mobile,2024-03-31 13:09:00
W00627,P0306,C0343,114,81,Mobile,2024-04-10 19:38:00
W00628,P0047,C0150,101,59,Mobile,2024-04-30 05:48:00
W00629,P0279,C0111,136,47,TV,2024-04-17 19:56:00
W00630,P0224,C0148,146,75,Mobile,2024-01-10 12:19:00
W00631,P0218,C0156,19,66,Tablet,2024-01-09 21:10:00
W00632,P0499,C0108,24,31,Mobile,2024-02-03 02:08:00
W00633,P0475,C0114,24,65,Tablet,2024-03-29 10:04:00
W00634,P0237,C0315,103,45,TV,2024-03-11 16:19:00
W00635,P0204,C0345,72,60,TV,2024-05-27 10:28:00
W00636,P0339,C0154,22,77,Mobile,2024-04-03 23:02:00
W00637,P0019,C0373,37,10,Laptop,2024-03-31 11:57:00
W00638,P0180,C0231,129,57,Tablet,2024-01-17 04:33:00
W00639,P0162,C0109,68,42,Laptop,2024-04-25 14:20:00
W00640,P0480,C0312,73,33,Tablet,2024-03-31 18:25:00
W00641,P0285,C0222,49,58,TV,2024-03-08 16:00:00
W00642,P0061,C0214,114,78,TV,2024-04-23 18:01:00
W00643,P0085,C0120,24,67,Tablet,2024-04-18 23:47:00
W00644,P0035,C0121,39,57,Tablet,2024-04-25 21:29:00
W00645,P0490,C0308,138,66,TV,2024-02-28 17:44:00
W00646,P0005,C0133,95,73,Tablet,2024-04-14 20:16:00
W00647,P0076,C0233,13,62,Tablet,2024-05-24 21:41:00
W00648,P0253,C0291,23,69,Laptop,2024-04-07 16:55:00
W00649,P0007,C0126,107,99,Mobile,2024-03-08 11:48:00
W00650,P0169,C0189,89,52,Laptop,2024-05-18 13:43:00
W00651,P0130,C0192,67,50,TV,2024-05-28 01:38:00
W00652,P0473,C0133,99,35,Laptop,2024-03-16 04:41:00
W00653,P0138,C0338,139,68,TV,2024-04-24 06:42:00
W00654,P0358,C0118,41,58,Tablet,2024-04-18 11:39:00
W00655,P0300,C0374,93,73,Mobile,2024-02-16 05:26:00
W00656,P0326,C0389,96,14,TV,2024-02-09 06:44:00
W00657,P0091,C0127,40,53,Mobile,2024-05-11 13:10:00
W00658,P0163,C0208,21,27,Mobile,2024-04-15 01:23:00
W00659,P0318,C0326,94,66,Laptop,2024-05-22 12:33:00
W00660,P0458,C0119,96,98,TV,2024-04-25 18:52:00
W00661,P0253,C0323,53,49,Laptop,2024-05-15 09:12:00
W00662,P0201,C0381,85,55,Tablet,2024-04-21 19:30:00
W00663,P0020,C0204,38,67,Tablet,2024-04-21 10:14:00
W00664,P0229,C0389,141,94,TV,2024-02-15 15:23:00
W00665,P0163,C0137,24,33,TV,2024-03-08 04:30:00
W00666,P0165,C0344,72,37,Tablet,2024-05-08 11:46:00
W00667,P0232,C0143,81,55,TV,2024-04-20 21:43:00
W00668,P0328,C0226,106,77,Laptop,2024-01-27 00:39:00
W00669,P0238,C0109,144,81,Laptop,2024-01-24 08:55:00
W00670,P0120,C0114,129,63,TV,2024-01-04 04:49:00
W00671,P0438,C0231,77,42,Laptop,2024-04-25 04:38:00
W00672,P0351,C0284,83,76,TV,2024-04-18 09:40:00
W00673,P0383,C0382,117,93,Laptop,2024-04-04 04:13:00
W00674,P0369,C0153,137,44,Laptop,2024-03-02 11:20:00
W00675,P0107,C0141,29,48,Mobile,2024-02-26 11:39:00
W00676,P0250,C0121,105,56,Laptop,2024-02-23 22:29:00
W00677,P0336,C0395,35,80,TV,2024-04-10 11:19:00
W00678,P0284,C0308,38,100,Laptop,2024-05-14 18:28:00
W00679,P0198,C0251,72,14,Laptop,2024-03-01 03:31:00
W00680,P0416,C0169,126,46,Tablet,2024-01-03 06:23:00
W00681,P0220,C0127,50,10,TV,2024-03-26 14:03:00
W00682,P0395,C0216,73,95,Laptop,2024-02-07 06:59:00
W00683,P0426,C0242,31,65,Mobile,2024-05-20 22:46:00
W00684,P0151,C0141,49,16,Tablet,2024-02-27 05:05:00
W00685,P0286,C0206,22,73,Mobile,2024-01-30 11:41:00
W00686,P0265,C0174,36,17,Mobile,2024-04-10 08:56:00
W00687,P0220,C0160,6,73,Tablet,2024-04-21 23:54:00
W00688,P0216,C0398,24,66,Mobile,2024-05-05 08:15:00
W00689,P0315,C0222,42,37,TV,2024-05-02 17:50:00
W00690,P0156,C0303,5,35,TV,2024-04-27 08:23:00
W00691,P0216,C0111,146,43,Mobile,2024-01-22 03:32:00
W00692,P0335,C0247,141,31,TV,2024-02-23 11:00:00
W00693,P0359,C0316,140,29,Laptop,2024-01-16 15:37:00
W00694,P0114,C0114,20,23,Laptop,2024-02-01 07:22:00
W00695,P0161,C0167,118,32,Laptop,2024-01-09 16:16:00
W00696,P0303,C0280,12,76,Mobile,2024-05-18 00:09:00
W00697,P0098,C0342,27,28,Mobile,2024-01-17 07:15:00
W00698,P0406,C0260,77,87,TV,2024-04-20 02:32:00
W00699,P0157,C0110,38,48,TV,2024-05-02 15:16:00
W00700,P0162,C0224,22,46,TV,2024-04-10 18:45:00
W00701,P0042,C0373,113,10,Mobile,2024-03-05 20:14:00
W00702,P0180,C0341,48,28,TV,2024-02-20 18:24:00
W00703,P0303,C0243,147,24,Laptop,2024-05-06 18:31:00
W00704,P0330,C0267,19,98,Laptop,2024-04-13 18:39:00
W00705,P0051,C0157,97,10,Tablet,2024-05-02 20:21:00
W00706,P0252,C0238,131,40,Tablet,2024-01-01 16:46:00
W00707,P0429,C0117,125,61,Tablet,2024-05-01 02:46:00
W00708,P0350,C0373,27,52,Laptop,2024-05-05 05:12:00
W00709,P0120,C0103,75,55,Mobile,2024-03-21 12:42:00
W00710,P0075,C0343,113,95,TV,2024-03-13 19:24:00
W00711,P0162,C0208,36,59,TV,2024-03-10 04:21:00
W00712,P0149,C0151,118,29,Mobile,2024-03-24 22:11:00
W00713,P0123,C0274,37,71,Tablet,2024-01-03 22:40:00
W00714,P0141,C0216,17,52,Mobile,2024-03-03 09:20:00
W00715,P0182,C0283,120,14,Laptop,2024-03-16 02:54:00
W00716,P0409,C0254,141,88,Mobile,2024-04-18 03:02:00
W00717,P0378,C0347,71,75,Laptop,2024-03-05 16:02:00
W00718,P0277,C0176,36,21,Laptop,2024-01-15 18:43:00
W00719,P0257,C0344,77,66,Tablet,2024-02-01 14:23:00
W00720,P0442,C0181,109,69,TV,2024-05-07 06:08:00
W00721,P0325,C0329,133,64,Tablet,2024-03-23 00:42:00
W00722,P0245,C0172,117,80,Laptop,2024-04-25 08:07:00
W00723,P0086,C0318,110,75,Tablet,2024-03-18 13:45:00
W00724,P0071,C0343,73,81,TV,2024-02-02 21:33:00
W00725,P0269,C0178,73,82,Tablet,2024-05-11 12:07:00
W00726,P0493,C0258,65,36,Laptop,2024-02-28 15:24:00
W00727,P0180,C0148,12,37,TV,2024-03-23 15:01:00
W00728,P0279,C0398,11,46,Tablet,2024-04-30 16:32:00
W00729,P0149,C0124,149,88,Mobile,2024-03-23 03:12:00
W00730,P0006,C0210,74,28,TV,2024-01-27 22:39:00
W00731,P0148,C0152,58,60,Tablet,2024-05-13 16:39:00
W00732,P0332,C0390,40,22,Mobile,2024-01-13 21:03:00
W00733,P0168,C0359,70,54,TV,2024-03-04 10:58:00
W00734,P0009,C0239,7,15,Mobile,2024-03-20 14:50:00
W00735,P0178,C0375,17,10,Tablet,2024-02-12 18:32:00
W00736,P0284,C0144,33,34,Mobile,2024-05-27 18:38:00
W00737,P0395,C0359,61,35,Mobile,2024-01-02 23:19:00
W00738,P0116,C0213,14,22,Laptop,2024-01-22 14:42:00
W00739,P0096,C0327,67,28,Mobile,2024-02-26 13:59:00
W00740,P0331,C0165,77,19,TV,2024-01-07 20:29:00
W00741,P0344,C0263,112,54,Mobile,2024-04-28 07:30:00
W00742,P0056,C0264,105,80,Mobile,2024-04-23 16:54:00
W00743,P0207,C0266,100,24,TV,2024-03-23 20:02:00
W00744,P0105,C0139,101,96,Tablet,2024-03-12 19:07:00
W00745,P0035,C0253,6,40,Tablet,2024-04-22 17:15:00
W00746,P0209,C0369,114,17,Mobile,2024-05-05 05:30:00
W00747,P0281,C0175,134,39,TV,2024-05-12 21:46:00
W00748,P0369,C0357,127,10,Mobile,2024-05-19 23:44:00
W00749,P0355,C0300,120,25,TV,2024-05-13 18:40:00
W00750,P0147,C0198,41,20,TV,2024-01-05 09:28:00
W00751,P0489,C0204,134,36,Tablet,2024-03-18 18:12:00
W00752,P0287,C0264,65,95,Mobile,2024-04-27 14:47:00
W00753,P0081,C0213,44,49,Mobile,2024-02-28 17:36:00
W00754,P0050,C0203,29,92,Mobile,2024-03-02 00:49:00
W00755,P0087,C0137,127,53,Mobile,2024-04-21 00:18:00
W00756,P0191,C0206,41,79,Mobile,2024-05-02 09:18:00
W00757,P0303,C0287,31,66,Mobile,2024-02-02 19:24:00
W00758,P0001,C0121,88,57,Laptop,2024-03-24 06:30:00
W00759,P0381,C0248,48,49,Mobile,2024-03-19 03:34:00
W00760,P0442,C0229,76,48,Laptop,2024-01-14 03:34:00
W00761,P0138,C0287,136,93,Laptop,2024-05-26 02:07:00
W00762,P0136,C0384,59,12,Laptop,2024-02-23 12:39:00
W00763,P0362,C0299,77,64,Mobile,2024-05-27 17:32:00
W00764,P0381,C0335,16,10,TV,2024-01-24 05:37:00
W00765,P0154,C0208,146,32,Tablet,2024-03-03 11:53:00
W00766,P0162,C0109,10,76,TV,2024-04-14 09:28:00
W00767,P0019,C0326,51,71,TV,2024-05-15 03:37:00
W00768,P0462,C0309,119,43,Mobile,2024-03-02 03:21:00
W00769,P0328,C0345,72,26,TV,2024-01-17 05:21:00
W00770,P0243,C0388,63,57,TV,2024-01-06 22:28:00
W00771,P0129,C0166,141,100,Mobile,2024-03-02 11:20:00
W00772,P0176,C0253,123,62,Mobile,2024-03-22 07:04:00
W00773,P0409,C0291,52,70,Tablet,2024-03-11 16:58:00
W00774,P0280,C0318,13,96,Tablet,2024-05-10 12:57:00
W00775,P0431,C0254,50,20,Laptop,2024-04-07 22:48:00
W00776,P0084,C0377,147,24,Tablet,2024-02-04 03:27:00
W00777,P0376,C0182,76,99,Mobile,2024-01-02 09:45:00
W00778,P0222,C0321,132,20,TV,2024-01-22 02:33:00
W00779,P0325,C0380,114,16,Mobile,2024-02-08 03:38:00
W00780,P0451,C0211,149,56,Mobile,2024-01-20 09:12:00
W00781,P0416,C0192,39,17,TV,2024-05-27 18:51:00
W00782,P0145,C0112,136,14,Tablet,2024-05-26 09:55:00
W00783,P0445,C0239,52,90,TV,2024-04-20 23:57:00
W00784,P0106,C0255,146,96,Mobile,2024-02-22 13:21:00
W00785,P0325,C0123,50,75,Tablet,2024-05-29 19:17:00
W00786,P0011,C0320,52,100,Mobile,2024-01-27 01:12:00
W00787,P0166,C0337,11,72,Mobile,2024-04-05 09:19:00
W00788,P0196,C0353,99,30,Tablet,2024-03-10 12:24:00
W00789,P0231,C0283,64,80,TV,2024-04-09 18:02:00
W00790,P0147,C0298,39,99,Laptop,2024-01-02 06:52:00
W00791,P0359,C0270,148,21,Tablet,2024-03-05 09:54:00
W00792,P0238,C0223,23,20,Mobile,2024-01-10 13:40:00
W00793,P0497,C0134,134,63,Mobile,2024-03-19 22:18:00
W00794,P0471,C0103,72,90,Tablet,2024-05-29 15:46:00
W00795,P0401,C0106,102,19,Mobile,2024-02-17 15:16:00
W00796,P0013,C0202,11,25,Laptop,2024-05-02 21:11:00
W00797,P0219,C0292,51,24,Tablet,2024-01-22 14:27:00
W00798,P0257,C0113,47,67,Mobile,2024-04-07 06:53:00
W00799,P0002,C0136,36,88,Laptop,2024-01-25 04:43:00
W00800,P0210,C0170,149,93,Mobile,2024-04-22 05:00:00
W00801,P0484,C0389,132,13,Tablet,2024-03-08 17:10:00
W00802,P0365,C0205,123,31,TV,2024-02-18 19:20:00
W00803,P0225,C0304,18,44,Laptop,2024-03-23 18:16:00
W00804,P0484,C0155,85,23,Tablet,2024-02-15 10:17:00
W00805,P0194,C0207,56,40,Tablet,2024-02-01 04:21:00
W00806,P0196,C0241,8,83,Tablet,2024-05-24 14:01:00
W00807,P0400,C0325,37,79,TV,2024-04-23 00:53:00
W00808,P0260,C0136,110,100,Mobile,2024-03-25 19:10:00
W00809,P0057,C0233,133,20,TV,2024-04-20 21:34:00
W00810,P0457,C0125,101,45,Tablet,2024-05-11 06:18:00
W00811,P0113,C0137,68,83,Laptop,2024-03-13 15:14:00
W00812,P0213,C0119,132,89,Mobile,2024-04-01 00:42:00
W00813,P0279,C0135,41,33,TV,2024-04-30 17:44:00
W00814,P0244,C0106,130,94,Laptop,2024-02-08 06:08:00
W00815,P0380,C0299,74,49,Tablet,2024-04-20 17:50:00
W00816,P0117,C0134,139,51,Laptop,2024-03-03 12:16:00
W00817,P0386,C0156,108,96,Laptop,2024-04-19 01:08:00
W00818,P0451,C0356,118,30,Tablet,2024-02-12 15:43:00
W00819,P0087,C0311,59,90,TV,2024-02-03 04:55:00
W00820,P0410,C0197,125,60,Tablet,2024-03-01 15:45:00
W00821,P0381,C0382,127,90,Laptop,2024-03-02 22:17:00
W00822,P0367,C0341,7,64,Tablet,2024-03-15 05:37:00
W00823,P0263,C0270,96,94,Mobile,2024-04-03 22:07:00
W00824,P0484,C0394,123,13,Mobile,2024-05-17 22:41:00
W00825,P0300,C0327,145,71,Laptop,2024-02-07 10:38:00
W00826,P0417,C0227,65,96,Tablet,2024-01-19 19:47:00
W00827,P0113,C0380,105,34,Laptop,2024-03-03 09:48:00
W00828,P0448,C0121,120,79,Tablet,2024-05-10 14:29:00
W00829,P0164,C0346,37,23,Mobile,2024-03-05 16:54:00
W00830,P0004,C0190,82,50,Mobile,2024-04-29 10:02:00
W00831,P0118,C0106,28,66,Laptop,2024-01-08 11:30:00
W00832,P0023,C0366,56,47,Mobile,2024-03-13 08:28:00
W00833,P0409,C0197,105,71,Laptop,2024-05-13 04:54:00
W00834,P0233,C0250,120,50,TV,2024-04-22 13:15:00
W00835,P0090,C0180,127,54,Laptop,2024-04-06 09:08:00
W00836,P0476,C0117,10,89,Tablet,2024-05-16 09:27:00
W00837,P0255,C0238,80,25,Tablet,2024-03-25 12:49:00
W00838,P0092,C0240,94,28,Tablet,2024-02-27 06:02:00
W00839,P0469,C0140,127,46,Laptop,2024-05-02 20:11:00
W00840,P0458,C0268,68,94,TV,2024-04-23 21:15:00
W00841,P0155,C0174,146,88,Laptop,2024-04-16 22:38:00
W00842,P0307,C0174,85,70,Laptop,2024-04-01 01:02:00
W00843,P0115,C0150,75,35,TV,2024-05-29 08:31:00
W00844,P0207,C0110,69,88,Mobile,2024-05-18 20:08:00
W00845,P0081,C0203,117,73,Mobile,2024-01-04 20:37:00
W00846,P0103,C0399,106,22,Mobile,2024-05-14 14:34:00
W00847,P0483,C0204,8,100,Mobile,2024-02-23 01:27:00
W00848,P0453,C0390,140,96,Mobile,2024-03-08 16:27:00
W00849,P0080,C0380,64,43,TV,2024-05-08 13:42:00
W00850,P0407,C0242,49,32,TV,2024-01-03 16:13:00
W00851,P0103,C0397,76,29,Laptop,2024-04-30 23:28:00
W00852,P0240,C0270,99,63,Mobile,2024-04-11 17:41:00
W00853,P0265,C0113,35,82,Tablet,2024-03-25 16:47:00
W00854,P0033,C0257,124,67,TV,2024-05-12 11:53:00
W00855,P0035,C0274,68,68,TV,2024-04-01 00:20:00
W00856,P0249,C0262,71,29,Mobile,2024-04-18 05:02:00
W00857,P0488,C0232,113,48,Tablet,2024-03-24 13:22:00
W00858,P0050,C0128,72,87,Tablet,2024-03-09 19:12:00
W00859,P0280,C0183,39,99,TV,2024-05-19 04:42:00
W00860,P0472,C0369,102,100,Laptop,2024-02-25 12:25:00
W00861,P0242,C0351,40,41,Tablet,2024-01-23 04:36:00
W00862,P0152,C0206,136,50,Laptop,2024-03-01 22:22:00
W00863,P0147,C0361,53,78,Mobile,2024-05-01 00:51:00
W00864,P0039,C0114,22,77,Mobile,2024-03-28 02:32:00
W00865,P0189,C0180,64,96,Mobile,2024-02-24 09:03:00
W00866,P0025,C0260,90,30,Laptop,2024-02-24 23:32:00
W00867,P0244,C0278,142,33,TV,2024-02-05 10:21:00
W00868,P0223,C0255,117,25,Laptop,2024-04-15 05:13:00
W00869,P0230,C0135,27,41,Mobile,2024-02-08 14:07:00
W00870,P0153,C0359,72,92,Tablet,2024-04-06 14:40:00
W00871,P0411,C0360,63,35,TV,2024-03-01 02:16:00
W00872,P0288,C0235,94,12,Laptop,2024-01-06 16:50:00
W00873,P0395,C0231,11,91,Tablet,2024-04-18 09:06:00
W00874,P0453,C0181,17,16,Tablet,2024-02-08 11:01:00
W00875,P0108,C0159,135,97,Mobile,2024-04-27 04:20:00
W00876,P0033,C0174,15,25,Mobile,2024-03-27 07:44:00
W00877,P0403,C0339,55,62,Tablet,2024-03-16 07:50:00
W00878,P0363,C0229,36,97,TV,2024-02-26 14:54:00
W00879,P0111,C0238,46,13,Laptop,2024-01-29 21:02:00
W00880,P0121,C0203,106,54,TV,2024-03-27 10:52:00
W00881,P0016,C0109,125,41,TV,2024-02-15 23:15:00
W00882,P0227,C0332,82,92,Laptop,2024-04-21 17:48:00
W00883,P0011,C0199,76,87,Laptop,2024-05-24 21:10:00
W00884,P0203,C0318,110,67,Laptop,2024-04-13 09:56:00
W00885,P0202,C0337,123,22,TV,2024-05-13 10:19:00
W00886,P0098,C0322,37,31,TV,2024-01-18 11:01:00
W00887,P0116,C0268,83,53,Laptop,2024-02-02 23:57:00
W00888,P0453,C0162,82,53,Tablet,2024-05-05 03:54:00
W00889,P0471,C0110,123,39,Tablet,2024-05-01 16:59:00
W00890,P0439,C0334,61,32,Laptop,2024-04-24 15:31:00
W00891,P0281,C0187,56,21,TV,2024-01-28 17:14:00
W00892,P0349,C0367,76,23,Laptop,2024-02-16 12:37:00
W00893,P0232,C0304,72,45,Mobile,2024-05-06 02:26:00
W00894,P0461,C0341,104,54,Tablet,2024-04-27 23:25:00
W00895,P0111,C0156,86,81,Tablet,2024-03-12 06:02:00
W00896,P0352,C0210,63,33,Tablet,2024-05-16 19:58:00
W00897,P0418,C0149,23,12,Laptop,2024-02-02 15:57:00
W00898,P0012,C0343,7,87,Mobile,2024-01-19 03:14:00
W00899,P0472,C0116,43,60,Tablet,2024-03-14 02:54:00
W00900,P0488,C0173,70,84,Mobile,2024-04-07 02:20:00
W00901,P0021,C0302,77,64,TV,2024-05-08 15:29:00
W00902,P0127,C0193,138,47,TV,2024-04-02 03:58:00
W00903,P0285,C0237,32,96,Tablet,2024-02-17 04:04:00
W00904,P0435,C0133,102,91,TV,2024-03-04 22:20:00
W00905,P0121,C0188,97,29,Laptop,2024-02-08 10:39:00
W00906,P0124,C0303,130,11,TV,2024-03-28 21:45:00
W00907,P0407,C0139,20,35,Laptop,2024-01-17 01:10:00
W00908,P0033,C0214,39,11,TV,2024-01-13 22:28:00
W00909,P0392,C0347,79,76,Mobile,2024-01-26 05:04:00
W00910,P0170,C0308,111,93,TV,2024-01-07 22:17:00
W00911,P0077,C0397,91,83,Mobile,2024-02-18 18:46:00
W00912,P0453,C0311,73,51,Laptop,2024-02-22 03:12:00
W00913,P0297,C0159,120,94,TV,2024-03-02 08:48:00
W00914,P0330,C0256,12,49,TV,2024-01-25 04:10:00
W00915,P0063,C0222,111,18,Mobile,2024-05-10 20:30:00
W00916,P0270,C0220,111,11,TV,2024-01-29 06:55:00
W00917,P0216,C0397,118,37,Laptop,2024-01-26 23:23:00
W00918,P0190,C0162,14,12,Mobile,2024-05-23 00:24:00
W00919,P0075,C0258,32,25,Laptop,2024-02-23 11:07:00
W00920,P0174,C0140,64,13,Tablet,2024-03-13 10:31:00
W00921,P0067,C0342,14,32,Laptop,2024-02-25 18:36:00
W00922,P0093,C0140,146,86,Mobile,2024-03-26 05:35:00
W00923,P0053,C0290,106,15,Laptop,2024-04-17 15:46:00
W00924,P0496,C0334,67,83,TV,2024-04-27 20:22:00
W00925,P0436,C0115,60,64,Laptop,2024-03-23 10:58:00
W00926,P0094,C0224,138,90,TV,2024-01-15 14:58:00
W00927,P0113,C0328,132,17,Mobile,2024-05-18 15:41:00
W00928,P0229,C0380,82,82,TV,2024-01-30 00:56:00
W00929,P0250,C0148,143,90,Laptop,2024-05-25 07:14:00
W00930,P0391,C0289,50,95,Tablet,2024-05-07 09:19:00
W00931,P0209,C0147,73,73,TV,2024-05-15 08:53:00
W00932,P0468,C0284,49,76,Tablet,2024-01-06 11:55:00
W00933,P0182,C0205,99,50,Tablet,2024-04-13 04:51:00
W00934,P0267,C0347,112,49,Tablet,2024-03-19 12:11:00
W00935,P0492,C0364,62,36,Tablet,2024-04-25 13:44:00
W00936,P0281,C0306,119,48,Laptop,2024-02-18 11:24:00
W00937,P0443,C0118,14,62,TV,2024-03-22 13:53:00
W00938,P0472,C0351,145,49,Mobile,2024-03-17 09:16:00
W00939,P0450,C0338,115,61,Mobile,2024-03-19 08:51:00
W00940,P0155,C0166,17,46,TV,2024-05-02 05:22:00
W00941,P0083,C0250,40,76,Mobile,2024-03-23 00:02:00
W00942,P0186,C0293,90,28,TV,2024-03-04 00:39:00
W00943,P0349,C0247,132,43,Laptop,2024-02-28 15:50:00
W00944,P0485,C0283,126,87,TV,2024-03-02 10:43:00
W00945,P0139,C0206,122,94,Laptop,2024-02-29 14:02:00
W00946,P0055,C0336,139,75,TV,2024-05-01 10:18:00
W00947,P0019,C0226,19,19,Tablet,2024-04-05 23:57:00
W00948,P0348,C0279,85,61,Tablet,2024-05-09 18:05:00
W00949,P0423,C0113,50,51,Laptop,2024-02-18 15:04:00
W00950,P0469,C0331,52,69,Mobile,2024-04-01 11:10:00
W00951,P0346,C0128,70,90,Tablet,2024-05-03 05:16:00
W00952,P0470,C0361,8,11,TV,2024-02-17 23:52:00
W00953,P0454,C0200,7,100,Mobile,2024-05-15 20:24:00
W00954,P0267,C0288,7,10,Mobile,2024-02-27 23:11:00
W00955,P0142,C0400,73,59,Laptop,2024-03-02 13:26:00
W00956,P0316,C0219,97,45,Mobile,2024-02-27 22:58:00
W00957,P0164,C0146,32,31,Laptop,2024-02-13 09:30:00
W00958,P0252,C0168,27,91,Tablet,2024-03-11 18:35:00
W00959,P0232,C0271,34,45,Tablet,2024-01-09 14:54:00
W00960,P0297,C0296,66,12,Mobile,2024-05-13 15:24:00
W00961,P0386,C0120,91,53,Mobile,2024-05-24 23:43:00
W00962,P0441,C0211,55,25,TV,2024-05-10 14:17:00
W00963,P0363,C0246,45,20,TV,2024-02-05 08:09:00
W00964,P0060,C0292,68,19,Laptop,2024-03-02 15:37:00
W00965,P0404,C0329,47,60,Mobile,2024-03-16 21:32:00
W00966,P0022,C0112,95,51,Mobile,2024-01-11 00:53:00
W00967,P0384,C0317,62,94,TV,2024-01-16 10:15:00
W00968,P0126,C0179,63,34,Laptop,2024-02-28 17:43:00
W00969,P0103,C0136,66,15,TV,2024-05-09 12:13:00
W00970,P0388,C0364,120,53,Mobile,2024-05-17 04:59:00
W00971,P0440,C0128,115,17,Laptop,2024-05-18 20:30:00
W00972,P0221,C0186,27,43,Tablet,2024-03-20 09:52:00
W00973,P0110,C0288,23,50,Mobile,2024-01-02 20:01:00
W00974,P0058,C0354,15,10,TV,2024-05-19 06:10:00
W00975,P0472,C0180,64,12,Laptop,2024-03-30 13:10:00
W00976,P0065,C0286,7,61,TV,2024-05-25 22:21:00
W00977,P0472,C0105,148,100,Tablet,2024-04-22 06:23:00
W00978,P0058,C0146,13,86,Mobile,2024-03-02 08:24:00
W00979,P0158,C0202,45,52,Mobile,2024-03-01 19:12:00
W00980,P0076,C0102,42,56,TV,2024-05-28 23:21:00
W00981,P0019,C0317,73,92,Mobile,2024-04-19 15:22:00
W00982,P0384,C0125,39,28,TV,2024-04-09 15:02:00
W00983,P0485,C0357,131,79,TV,2024-01-22 16:38:00
W00984,P0190,C0323,52,56,Laptop,2024-05-11 14:46:00
W00985,P0250,C0169,111,87,Tablet,2024-03-10 22:43:00
W00986,P0360,C0297,12,14,Mobile,2024-04-10 05:39:00
W00987,P0363,C0372,31,73,Mobile,2024-01-28 06:31:00
W00988,P0374,C0282,13,54,TV,2024-01-01 09:34:00
W00989,P0452,C0118,18,73,Tablet,2024-01-22 18:13:00
W00990,P0079,C0207,33,54,Laptop,2024-05-04 06:44:00
W00991,P0084,C0117,30,45,TV,2024-04-05 13:47:00
W00992,P0172,C0225,147,18,Tablet,2024-04-29 11:29:00
W00993,P0212,C0182,119,32,Mobile,2024-05-13 20:40:00
W00994,P0374,C0104,77,41,Laptop,2024-02-25 06:05:00
W00995,P0445,C0215,85,54,Laptop,2024-04-13 01:16:00
W00996,P0149,C0237,71,37,TV,2024-05-25 21:21:00
W00997,P0010,C0387,148,61,TV,2024-01-08 05:30:00
W00998,P0030,C0328,145,20,Laptop,2024-05-04 11:27:00
W00999,P0280,C0116,94,28,Mobile,2024-01-27 21:39:00
W01000,P0432,C0398,100,73,Mobile,2024-05-19 04:58:00
W01001,P0055,C0312,122,74,Laptop,2024-01-31 18:34:00
W01002,P0360,C0346,66,82,TV,2024-03-01 07:37:00
W01003,P0127,C0386,40,66,TV,2024-04-18 14:18:00
W01004,P0180,C0382,128,75,Mobile,2024-04-04 23:43:00
W01005,P0232,C0277,26,13,Tablet,2024-01-13 13:22:00
W01006,P0381,C0131,109,38,Tablet,2024-05-28 08:18:00
W01007,P0422,C0150,118,13,Tablet,2024-02-17 08:20:00
W01008,P0451,C0243,114,10,Mobile,2024-02-04 09:57:00
W01009,P0093,C0152,7,27,Laptop,2024-04-23 16:31:00
W01010,P0008,C0333,101,22,Tablet,2024-04-09 03:26:00
W01011,P0413,C0266,40,79,Mobile,2024-04-08 08:34:00
W01012,P0247,C0138,14,58,Mobile,2024-03-25 19:08:00
W01013,P0394,C0120,104,56,TV,2024-05-17 05:38:00
W01014,P0453,C0199,25,95,TV,2024-01-25 01:07:00
W01015,P0331,C0315,108,39,Mobile,2024-03-01 06:22:00
W01016,P0196,C0144,119,36,TV,2024-01-19 11:22:00
W01017,P0433,C0211,141,81,TV,2024-03-14 09:32:00
W01018,P0442,C0189,116,37,TV,2024-01-20 17:51:00
W01019,P0163,C0218,124,11,Mobile,2024-03-27 10:50:00
W01020,P0434,C0339,83,29,Tablet,2024-04-19 16:33:00
W01021,P0040,C0172,100,84,TV,2024-01-28 20:14:00
W01022,P0254,C0263,112,87,Mobile,2024-02-28 15:00:00
W01023,P0396,C0351,123,33,Mobile,2024-02-20 12:59:00
W01024,P0085,C0295,148,86,Laptop,2024-02-19 18:56:00
W01025,P0272,C0160,32,81,Laptop,2024-01-14 04:47:00
W01026,P0078,C0198,10,53,Tablet,2024-05-18 03:08:00
W01027,P0213,C0173,65,30,Laptop,2024-05-25 19:38:00
W01028,P0304,C0322,10,31,Mobile,2024-02-24 11:33:00
W01029,P0255,C0219,126,82,Laptop,2024-04-29 07:50:00
W01030,P0091,C0282,109,67,TV,2024-03-15 04:36:00
W01031,P0484,C0318,66,20,Laptop,2024-05-12 22:46:00
W01032,P0385,C0356,32,89,Mobile,2024-02-28 14:16:00
W01033,P0193,C0188,84,62,Tablet,2024-05-29 13:52:00
W01034,P0253,C0375,13,18,Tablet,2024-03-04 13:58:00
W01035,P0278,C0126,19,76,Tablet,2024-01-04 03:12:00
W01036,P0143,C0221,24,61,Tablet,2024-05-22 10:15:00
W01037,P0244,C0389,64,22,TV,2024-05-29 15:42:00
W01038,P0212,C0130,79,10,TV,2024-04-02 07:09:00
W01039,P0195,C0302,98,53,TV,2024-05-21 23:47:00
W01040,P0270,C0136,71,84,Laptop,2024-04-21 06:14:00
W01041,P0329,C0225,6,33,Laptop,2024-02-28 17:46:00
W01042,P0019,C0323,146,14,Laptop,2024-01-12 21:59:00
W01043,P0040,C0335,48,75,Tablet,2024-04-27 08:51:00
W01044,P0098,C0224,138,90,Tablet,2024-05-10 19:39:00
W01045,P0004,C0271,140,90,Laptop,2024-03-30 18:37:00
W01046,P0033,C0281,43,29,TV,2024-01-13 16:12:00
W01047,P0299,C0315,97,73,Mobile,2024-03-06 13:24:00
W01048,P0165,C0218,48,24,Laptop,2024-03-06 14:35:00
W01049,P0450,C0327,31,77,Mobile,2024-02-12 19:33:00
W01050,P0027,C0137,20,63,TV,2024-05-27 17:11:00
W01051,P0173,C0196,43,20,Mobile,2024-01-29 04:55:00
W01052,P0337,C0220,133,32,Tablet,2024-05-07 05:39:00
W01053,P0113,C0112,37,10,Mobile,2024-04-25 07:18:00
W01054,P0434,C0222,54,51,Laptop,2024-05-23 15:41:00
W01055,P0373,C0135,107,56,Laptop,2024-03-02 08:38:00
W01056,P0380,C0351,31,77,TV,2024-02-14 15:54:00
W01057,P0095,C0167,128,47,Laptop,2024-03-28 21:19:00
W01058,P0319,C0138,90,11,Mobile,2024-03-13 15:30:00
W01059,P0233,C0380,32,54,Tablet,2024-02-06 20:57:00
W01060,P0134,C0330,68,36,Mobile,2024-04-28 13:44:00
W01061,P0124,C0268,53,86,Mobile,2024-01-08 20:30:00
W01062,P0372,C0346,115,70,Mobile,2024-04-04 14:44:00
W01063,P0351,C0179,132,91,Laptop,2024-04-19 04:35:00
W01064,P0323,C0214,13,20,TV,2024-05-03 22:12:00
W01065,P0488,C0317,27,78,Laptop,2024-04-28 21:31:00
W01066,P0451,C0300,139,38,Mobile,2024-01-17 18:07:00
W01067,P0353,C0342,64,34,TV,2024-02-11 22:53:00
W01068,P0116,C0113,65,87,TV,2024-05-26 08:13:00
W01069,P0443,C0307,79,63,Mobile,2024-01-11 18:41:00
W01070,P0013,C0362,104,57,Mobile,2024-03-11 06:03:00
W01071,P0405,C0197,58,55,Laptop,2024-02-27 12:42:00
W01072,P0320,C0171,35,50,TV,2024-01-20 00:49:00
W01073,P0165,C0330,32,50,Tablet,2024-04-11 12:07:00
W01074,P0208,C0400,94,70,TV,2024-05-17 15:27:00
W01075,P0085,C0132,10,20,Laptop,2024-02-21 13:02:00
W01076,P0248,C0350,38,53,Mobile,2024-03-24 09:43:00
W01077,P0432,C0354,96,41,TV,2024-02-09 03:55:00
W01078,P0056,C0359,112,58,Tablet,2024-02-25 05:59:00
W01079,P0172,C0282,13,15,Laptop,2024-05-18 01:49:00
W01080,P0141,C0266,97,66,TV,2024-05-15 18:36:00
W01081,P0132,C0104,102,15,Laptop,2024-04-03 09:27:00
W01082,P0479,C0245,16,56,TV,2024-02-29 10:49:00
W01083,P0201,C0265,20,72,Mobile,2024-02-08 17:52:00
W01084,P0368,C0205,75,58,Tablet,2024-05-04 17:16:00
W01085,P0289,C0136,139,31,Mobile,2024-02-05 01:40:00
W01086,P0421,C0269,7,76,TV,2024-01-26 18:29:00
W01087,P0309,C0108,9,28,Tablet,2024-01-04 20:46:00
W01088,P0357,C0186,42,64,TV,2024-03-22 02:45:00
W01089,P0408,C0197,83,43,TV,2024-05-06 23:19:00
W01090,P0345,C0130,103,50,Tablet,2024-01-22 00:30:00
W01091,P0179,C0201,6,16,Tablet,2024-04-28 00:10:00
W01092,P0425,C0167,104,66,Laptop,2024-02-15 01:35:00
W01093,P0029,C0163,146,25,Tablet,2024-01-10 19:11:00
W01094,P0443,C0132,143,68,Mobile,2024-04-08 18:55:00
W01095,P0424,C0187,136,47,Tablet,2024-02-29 22:46:00
W01096,P0307,C0311,51,18,Tablet,2024-05-24 18:08:00
W01097,P0306,C0151,120,86,Laptop,2024-02-26 01:45:00
W01098,P0367,C0163,98,43,Mobile,2024-01-09 13:09:00
W01099,P0036,C0180,104,55,Mobile,2024-05-20 18:32:00
W01100,P0463,C0332,24,46,Tablet,2024-01-18 23:14:00
W01101,P0109,C0201,20,52,Tablet,2024-05-24 23:42:00
W01102,P0316,C0229,140,56,Laptop,2024-04-15 21:34:00
W01103,P0146,C0119,68,15,Mobile,2024-03-03 11:18:00
W01104,P0276,C0194,108,47,Mobile,2024-01-13 14:08:00
W01105,P0389,C0181,137,70,TV,2024-02-01 06:32:00
W01106,P0146,C0203,42,13,Laptop,2024-02-09 10:59:00
W01107,P0380,C0254,23,14,Laptop,2024-03-22 14:04:00
W01108,P0168,C0369,78,79,Tablet,2024-03-16 17:41:00
W01109,P0257,C0218,145,69,Mobile,2024-03-11 12:40:00
W01110,P0275,C0379,141,86,Tablet,2024-02-17 17:21:00
W01111,P0087,C0325,21,97,Laptop,2024-05-23 03:06:00
W01112,P0154,C0368,99,86,Mobile,2024-03-29 03:43:00
W01113,P0497,C0237,49,65,Mobile,2024-03-02 08:07:00
W01114,P0285,C0326,92,91,Laptop,2024-05-20 14:36:00
W01115,P0315,C0329,46,68,Mobile,2024-03-21 20:52:00
W01116,P0319,C0208,55,16,TV,2024-05-13 16:18:00
W01117,P0098,C0400,117,77,Laptop,2024-03-17 16:56:00
W01118,P0211,C0107,137,40,Laptop,2024-03-30 04:29:00
W01119,P0446,C0228,12,97,Mobile,2024-04-04 05:09:00
W01120,P0048,C0367,41,95,Laptop,2024-05-11 18:15:00
W01121,P0318,C0273,51,94,Tablet,2024-01-25 14:04:00
W01122,P0274,C0314,104,57,Laptop,2024-04-29 03:39:00
W01123,P0194,C0347,93,51,Tablet,2024-02-22 23:55:00
W01124,P0252,C0206,137,99,TV,2024-05-10 21:00:00
W01125,P0283,C0183,90,39,TV,2024-05-29 10:07:00
W01126,P0262,C0392,29,60,Tablet,2024-03-12 03:04:00
W01127,P0487,C0303,130,44,Laptop,2024-01-06 20:29:00
W01128,P0454,C0141,120,71,Tablet,2024-02-01 15:05:00
W01129,P0443,C0305,124,60,Mobile,2024-05-10 11:38:00
W01130,P0262,C0149,34,96,Tablet,2024-03-16 20:00:00
W01131,P0031,C0243,52,59,TV,2024-02-28 05:48:00
W01132,P0105,C0241,98,39,TV,2024-03-09 05:07:00
W01133,P0488,C0153,59,28,Tablet,2024-03-29 19:10:00
W01134,P0350,C0207,50,59,TV,2024-01-31 12:45:00
W01135,P0312,C0133,35,63,Mobile,2024-03-24 06:22:00
W01136,P0438,C0300,96,92,Laptop,2024-05-29 06:27:00
W01137,P0469,C0219,78,95,Laptop,2024-01-13 10:38:00
W01138,P0169,C0388,60,13,Tablet,2024-04-23 04:35:00
W01139,P0236,C0329,126,21,TV,2024-03-21 15:31:00
W01140,P0274,C0218,61,24,Laptop,2024-05-08 15:10:00
W01141,P0343,C0276,21,24,TV,2024-01-17 18:01:00
W01142,P0230,C0285,143,19,Tablet,2024-03-12 01:48:00
W01143,P0023,C0315,21,70,TV,2024-01-23 05:27:00
W01144,P0476,C0321,109,28,Mobile,2024-01-08 05:14:00
W01145,P0164,C0230,142,62,Mobile,2024-04-20 11:38:00
W01146,P0281,C0372,138,81,TV,2024-01-13 20:52:00
W01147,P0007,C0346,85,66,Mobile,2024-01-16 14:46:00
W01148,P0210,C0223,20,18,Tablet,2024-01-02 12:37:00
W01149,P0253,C0108,107,38,Mobile,2024-05-24 21:49:00
W01150,P0404,C0167,94,16,Mobile,2024-04-12 00:12:00
W01151,P0133,C0215,8,81,Laptop,2024-04-05 08:17:00
W01152,P0274,C0388,66,26,Laptop,2024-04-03 22:41:00
W01153,P0106,C0205,60,88,Tablet,2024-01-13 19:54:00
W01154,P0232,C0125,37,25,Mobile,2024-04-03 11:00:00
W01155,P0033,C0153,35,80,Laptop,2024-04-21 14:08:00
W01156,P0079,C0347,139,92,TV,2024-04-25 02:22:00
W01157,P0035,C0381,137,47,TV,2024-04-17 07:58:00
W01158,P0495,C0133,5,98,Mobile,2024-02-22 07:50:00
W01159,P0110,C0387,49,85,Tablet,2024-05-07 15:25:00
W01160,P0321,C0136,51,56,Mobile,2024-02-26 05:07:00
W01161,P0063,C0339,34,19,Laptop,2024-05-16 23:10:00
W01162,P0469,C0317,85,33,Mobile,2024-01-01 17:47:00
W01163,P0328,C0277,28,59,Mobile,2024-03-15 18:41:00
W01164,P0455,C0144,35,77,TV,2024-01-09 02:19:00
W01165,P0297,C0258,32,52,TV,2024-05-15 01:11:00
W01166,P0178,C0369,136,46,Laptop,2024-01-12 22:24:00
W01167,P0384,C0271,43,54,Tablet,2024-04-16 20:55:00
W01168,P0364,C0321,87,63,Tablet,2024-02-11 14:42:00
W01169,P0232,C0330,75,52,Laptop,2024-05-18 10:14:00
W01170,P0104,C0191,13,77,Laptop,2024-04-04 04:32:00
W01171,P0414,C0231,26,46,Mobile,2024-03-25 07:03:00
W01172,P0294,C0326,131,98,Mobile,2024-02-25 06:29:00
W01173,P0035,C0325,6,50,Tablet,2024-03-26 15:45:00
W01174,P0194,C0243,95,10,Mobile,2024-04-11 08:12:00
W01175,P0174,C0166,20,25,Mobile,2024-02-23 20:56:00
W01176,P0392,C0128,9,46,TV,2024-04-24 02:18:00
W01177,P0102,C0225,144,46,Laptop,2024-03-28 13:36:00
W01178,P0324,C0312,19,16,Laptop,2024-05-28 18:58:00
W01179,P0293,C0180,71,49,TV,2024-03-03 01:43:00
W01180,P0085,C0338,77,60,TV,2024-03-23 14:30:00
W01181,P0397,C0232,96,73,Mobile,2024-01-17 17:09:00
W01182,P0201,C0400,67,31,Laptop,2024-05-26 03:03:00
W01183,P0173,C0219,104,52,Tablet,2024-01-28 19:02:00
W01184,P0029,C0146,29,71,Laptop,2024-02-06 23:14:00
W01185,P0297,C0184,45,63,Tablet,2024-03-08 20:41:00
W01186,P0056,C0382,32,36,TV,2024-02-12 00:57:00
W01187,P0472,C0113,115,38,Laptop,2024-01-13 05:07:00
W01188,P0016,C0225,25,25,TV,2024-02-27 21:51:00
W01189,P0140,C0272,65,94,Laptop,2024-04-14 20:51:00
W01190,P0066,C0334,107,20,Tablet,2024-03-23 20:09:00
W01191,P0446,C0281,143,30,TV,2024-04-08 13:15:00
W01192,P0147,C0151,79,18,Mobile,2024-05-08 03:29:00
W01193,P0158,C0369,5,36,Laptop,2024-02-17 10:08:00
W01194,P0400,C0269,113,95,Tablet,2024-04-23 14:59:00
W01195,P0472,C0388,81,88,Mobile,2024-05-16 06:06:00
W01196,P0397,C0374,21,32,TV,2024-05-23 03:03:00
W01197,P0069,C0307,115,60,Laptop,2024-03-16 21:50:00
W01198,P0023,C0248,23,89,Laptop,2024-04-28 10:53:00
W01199,P0190,C0400,78,12,Mobile,2024-01-25 13:21:00
W01200,P0248,C0137,63,25,Mobile,2024-03-07 21:13:00
W01201,P0486,C0261,119,17,TV,2024-04-27 16:41:00
W01202,P0415,C0375,42,99,Mobile,2024-03-13 21:45:00
W01203,P0309,C0388,35,51,Laptop,2024-05-27 23:03:00
W01204,P0376,C0206,110,82,Laptop,2024-01-10 20:34:00
W01205,P0145,C0122,115,44,Laptop,2024-03-07 02:31:00
W01206,P0384,C0333,54,80,Laptop,2024-01-05 20:18:00
W01207,P0305,C0222,130,81,Mobile,2024-01-27 07:43:00
W01208,P0177,C0229,107,57,Mobile,2024-04-22 04:30:00
W01209,P0195,C0317,63,63,Tablet,2024-04-14 21:45:00
W01210,P0410,C0248,125,45,TV,2024-04-04 07:13:00
W01211,P0013,C0158,149,15,Mobile,2024-03-24 02:19:00
W01212,P0364,C0337,99,80,TV,2024-05-11 01:26:00
W01213,P0166,C0170,98,21,Mobile,2024-04-21 02:08:00
W01214,P0150,C0289,56,68,Tablet,2024-03-29 11:09:00
W01215,P0341,C0342,146,74,Mobile,2024-05-10 23:21:00
W01216,P0413,C0163,20,59,Laptop,2024-05-28 16:24:00
W01217,P0045,C0341,59,52,Mobile,2024-03-24 10:27:00
W01218,P0174,C0285,141,52,TV,2024-04-25 04:53:00
W01219,P0167,C0359,140,58,Laptop,2024-05-22 04:09:00
W01220,P0197,C0329,113,98,Mobile,2024-04-19 15:47:00
W01221,P0206,C0323,98,85,Laptop,2024-02-15 17:28:00
W01222,P0082,C0199,11,64,Laptop,2024-01-21 16:23:00
W01223,P0068,C0347,137,100,Laptop,2024-04-30 14:49:00
W01224,P0097,C0145,144,96,Tablet,2024-05-12 01:09:00
W01225,P0167,C0373,85,92,TV,2024-04-22 14:34:00
W01226,P0404,C0105,92,94,TV,2024-04-21 23:07:00
W01227,P0077,C0111,112,59,Mobile,2024-02-16 07:50:00
W01228,P0484,C0139,87,30,Laptop,2024-03-31 08:49:00
W01229,P0237,C0142,49,97,Mobile,2024-05-28 12:18:00
W01230,P0196,C0303,84,22,TV,2024-04-13 03:11:00
W01231,P0291,C0194,29,51,Laptop,2024-02-09 21:05:00
W01232,P0136,C0105,31,24,TV,2024-05-17 05:44:00
W01233,P0308,C0152,55,59,Laptop,2024-03-01 03:11:00
W01234,P0296,C0250,123,10,Laptop,2024-01-05 21:00:00
W01235,P0377,C0305,112,60,Tablet,2024-02-24 09:08:00
W01236,P0369,C0400,64,43,Laptop,2024-02-25 07:22:00
W01237,P0367,C0287,76,51,Mobile,2024-04-11 20:20:00
W01238,P0036,C0253,84,71,TV,2024-03-13 12:31:00
W01239,P0390,C0216,76,41,TV,2024-01-02 05:59:00
W01240,P0248,C0249,100,70,TV,2024-02-20 00:29:00
W01241,P0254,C0320,130,63,Laptop,2024-01-11 01:47:00
W01242,P0214,C0292,100,83,Mobile,2024-03-16 11:56:00
W01243,P0252,C0333,143,67,Tablet,2024-05-02 15:59:00
W01244,P0070,C0321,113,94,Tablet,2024-05-04 12:11:00
W01245,P0234,C0147,10,33,Mobile,2024-05-01 10:05:00
W01246,P0484,C0227,26,36,Mobile,2024-04-12 11:37:00
W01247,P0329,C0391,107,30,Mobile,2024-01-31 14:16:00
W01248,P0016,C0315,16,27,Laptop,2024-03-16 14:56:00
W01249,P0487,C0107,31,64,Laptop,2024-01-22 09:11:00
W01250,P0174,C0284,133,77,Tablet,2024-04-10 01:50:00
W01251,P0187,C0216,84,56,Mobile,2024-05-08 12:40:00
W01252,P0294,C0152,64,63,Mobile,2024-05-28 22:38:00
W01253,P0225,C0146,120,27,TV,2024-01-22 11:17:00
W01254,P0274,C0123,74,82,Tablet,2024-04-08 20:31:00
W01255,P0012,C0231,40,73,Laptop,2024-01-08 11:41:00
W01256,P0310,C0227,133,58,Mobile,2024-01-17 08:48:00
W01257,P0219,C0365,56,44,Laptop,2024-03-30 10:56:00
W01258,P0431,C0296,134,48,TV,2024-03-21 08:15:00
W01259,P0001,C0148,141,67,Mobile,2024-03-18 07:08:00
W01260,P0399,C0182,115,66,Laptop,2024-01-06 02:42:00
W01261,P0111,C0209,92,15,Laptop,2024-04-19 21:02:00
W01262,P0475,C0363,52,87,Tablet,2024-03-12 10:54:00
W01263,P0464,C0131,109,87,Laptop,2024-02-23 04:28:00
W01264,P0277,C0156,46,29,Laptop,2024-02-29 00:05:00
W01265,P0129,C0289,98,59,Laptop,2024-02-27 06:46:00
W01266,P0093,C0105,49,18,Laptop,2024-01-26 17:08:00
W01267,P0451,C0386,134,85,TV,2024-01-20 06:29:00
W01268,P0396,C0378,108,23,Laptop,2024-02-28 12:33:00
W01269,P0380,C0245,111,32,Tablet,2024-05-25 23:31:00
W01270,P0412,C0296,43,57,TV,2024-01-17 21:12:00
W01271,P0039,C0127,138,89,TV,2024-01-14 00:12:00
W01272,P0421,C0227,31,91,Laptop,2024-05-14 06:23:00
W01273,P0479,C0235,147,65,Mobile,2024-02-13 14:46:00
W01274,P0316,C0123,23,49,Laptop,2024-05-22 00:18:00
W01275,P0159,C0217,68,78,TV,2024-03-03 12:30:00
W01276,P0186,C0108,55,48,Laptop,2024-03-21 06:58:00
W01277,P0481,C0201,61,83,Tablet,2024-05-26 02:01:00
W01278,P0353,C0361,24,95,Tablet,2024-02-13 22:20:00
W01279,P0256,C0299,24,52,Tablet,2024-05-04 02:24:00
W01280,P0239,C0186,86,40,Laptop,2024-03-11 06:02:00
W01281,P0104,C0328,105,79,Laptop,2024-02-19 18:08:00
W01282,P0395,C0279,42,12,TV,2024-04-08 13:19:00
W01283,P0366,C0340,42,13,TV,2024-05-20 13:45:00
W01284,P0029,C0112,69,36,TV,2024-05-07 06:37:00
W01285,P0089,C0334,80,98,Mobile,2024-04-21 07:42:00
W01286,P0375,C0283,137,36,Tablet,2024-03-08 13:27:00
W01287,P0397,C0382,127,56,Mobile,2024-05-23 20:13:00
W01288,P0051,C0290,129,69,Mobile,2024-05-11 07:08:00
W01289,P0364,C0315,31,45,Tablet,2024-03-30 21:47:00
W01290,P0438,C0358,107,55,Mobile,2024-04-05 03:56:00
W01291,P0147,C0126,24,70,Laptop,2024-01-31 12:50:00
W01292,P0314,C0370,64,51,Tablet,2024-05-15 13:11:00
W01293,P0036,C0182,87,16,Mobile,2024-01-15 02:50:00
W01294,P0284,C0285,10,39,Mobile,2024-02-14 16:01:00
W01295,P0452,C0388,116,59,Mobile,2024-01-08 09:42:00
W01296,P0387,C0162,143,56,Laptop,2024-04-17 06:10:00
W01297,P0486,C0130,118,49,Mobile,2024-04-12 16:41:00
W01298,P0101,C0131,88,14,Mobile,2024-05-04 22:16:00
W01299,P0107,C0393,26,79,Mobile,2024-01-30 20:53:00
W01300,P0345,C0273,88,67,TV,2024-05-25 14:41:00
W01301,P0425,C0202,51,53,Tablet,2024-04-26 12:12:00
W01302,P0291,C0228,106,80,Mobile,2024-02-29 02:50:00
W01303,P0349,C0186,84,41,Mobile,2024-05-05 02:52:00
W01304,P0105,C0128,29,88,Tablet,2024-04-03 08:13:00
W01305,P0221,C0222,95,86,Mobile,2024-04-17 17:07:00
W01306,P0076,C0351,71,91,Laptop,2024-04-02 15:18:00
W01307,P0227,C0161,149,83,Mobile,2024-01-06 04:47:00
W01308,P0084,C0271,44,49,Mobile,2024-04-15 19:29:00
W01309,P0465,C0372,34,66,TV,2024-01-15 10:07:00
W01310,P0076,C0400,63,20,TV,2024-01-06 10:23:00
W01311,P0249,C0213,32,49,Laptop,2024-04-29 07:26:00
W01312,P0255,C0294,51,56,Tablet,2024-03-07 18:49:00
W01313,P0050,C0119,121,11,Laptop,2024-05-18 13:30:00
W01314,P0356,C0193,87,100,Tablet,2024-05-24 18:39:00
W01315,P0458,C0317,61,61,Mobile,2024-05-11 15:58:00
W01316,P0210,C0279,133,81,TV,2024-03-21 13:28:00
W01317,P0158,C0291,33,58,Laptop,2024-05-12 06:55:00
W01318,P0328,C0263,68,68,Laptop,2024-02-04 20:16:00
W01319,P0233,C0200,103,47,TV,2024-05-29 12:38:00
W01320,P0371,C0287,41,25,Tablet,2024-01-11 16:12:00
W01321,P0077,C0395,132,97,Mobile,2024-01-03 23:36:00
W01322,P0223,C0167,139,96,Tablet,2024-02-29 01:15:00
W01323,P0121,C0173,94,87,TV,2024-03-27 21:33:00
W01324,P0454,C0332,91,36,Mobile,2024-01-18 01:52:00
W01325,P0310,C0289,68,83,Tablet,2024-03-13 11:53:00
W01326,P0327,C0150,22,37,Mobile,2024-03-23 02:04:00
W01327,P0341,C0224,33,98,TV,2024-03-09 17:50:00
W01328,P0358,C0257,118,75,Mobile,2024-04-25 21:19:00
W01329,P0107,C0361,64,54,Laptop,2024-01-30 04:40:00
W01330,P0241,C0295,58,42,TV,2024-04-21 08:14:00
W01331,P0435,C0356,76,69,Laptop,2024-01-25 11:57:00
W01332,P0028,C0300,62,59,Mobile,2024-02-27 10:05:00
W01333,P0192,C0168,40,55,Tablet,2024-04-28 10:38:00
W01334,P0249,C0180,149,44,Mobile,2024-01-25 22:37:00
W01335,P0364,C0333,84,50,TV,2024-04-08 01:55:00
W01336,P0213,C0286,19,67,TV,2024-02-17 01:38:00
W01337,P0021,C0205,44,86,Mobile,2024-01-11 06:44:00
W01338,P0472,C0242,85,64,Tablet,2024-05-14 08:22:00
W01339,P0155,C0372,55,14,TV,2024-05-05 04:17:00
W01340,P0027,C0224,145,14,Mobile,2024-03-16 02:00:00
W01341,P0077,C0323,101,31,Tablet,2024-02-11 16:17:00
W01342,P0306,C0274,147,43,Laptop,2024-02-23 16:58:00
W01343,P0413,C0291,121,74,TV,2024-03-15 13:03:00
W01344,P0423,C0240,137,68,Laptop,2024-01-18 08:02:00
W01345,P0057,C0397,6,26,TV,2024-03-30 10:55:00
W01346,P0119,C0219,119,60,Laptop,2024-01-06 15:52:00
W01347,P0476,C0375,82,58,Mobile,2024-04-17 08:10:00
W01348,P0165,C0176,97,18,Tablet,2024-02-17 04:57:00
W01349,P0477,C0209,81,83,Mobile,2024-03-16 22:36:00
W01350,P0064,C0219,64,24,Mobile,2024-05-11 16:38:00
W01351,P0048,C0358,100,38,Mobile,2024-05-09 13:46:00
W01352,P0150,C0120,102,62,TV,2024-01-27 09:50:00
W01353,P0484,C0219,60,34,Laptop,2024-03-12 21:26:00
W01354,P0158,C0237,122,94,TV,2024-04-20 09:34:00
W01355,P0156,C0377,123,90,TV,2024-05-03 00:11:00
W01356,P0151,C0355,42,100,Tablet,2024-05-20 00:16:00
W01357,P0225,C0364,106,37,Mobile,2024-03-03 04:12:00
W01358,P0260,C0267,55,32,TV,2024-04-29 16:20:00
W01359,P0387,C0265,131,12,Laptop,2024-01-08 01:29:00
W01360,P0256,C0129,107,42,TV,2024-02-05 13:15:00
W01361,P0061,C0135,133,80,Tablet,2024-04-27 19:58:00
W01362,P0352,C0337,89,78,Tablet,2024-03-16 15:25:00
W01363,P0260,C0394,107,99,Laptop,2024-05-23 16:09:00
W01364,P0321,C0190,22,26,Tablet,2024-03-11 20:03:00
W01365,P0396,C0303,31,90,Mobile,2024-05-03 23:24:00
W01366,P0397,C0328,96,76,Mobile,2024-02-06 13:16:00
W01367,P0162,C0168,76,76,Tablet,2024-05-22 03:47:00
W01368,P0380,C0231,99,43,TV,2024-01-19 07:40:00
W01369,P0443,C0211,80,17,Tablet,2024-04-15 17:24:00
W01370,P0349,C0112,10,54,Laptop,2024-03-04 02:44:00
W01371,P0457,C0388,94,69,Mobile,2024-01-27 22:14:00
W01372,P0031,C0275,84,65,Mobile,2024-01-29 04:40:00
W01373,P0071,C0254,87,79,TV,2024-03-10 13:50:00
W01374,P0397,C0143,86,31,Laptop,2024-05-09 15:17:00
W01375,P0438,C0305,49,42,Mobile,2024-01-16 19:29:00
W01376,P0002,C0272,75,59,Mobile,2024-04-09 17:33:00
W01377,P0417,C0394,11,80,Laptop,2024-02-14 07:50:00
W01378,P0050,C0385,148,92,TV,2024-02-03 10:52:00
W01379,P0135,C0152,130,55,Tablet,2024-03-02 03:40:00
W01380,P0146,C0215,62,61,TV,2024-04-09 08:53:00
W01381,P0179,C0119,61,83,Mobile,2024-04-20 15:31:00
W01382,P0264,C0135,115,96,Mobile,2024-03-13 16:50:00
W01383,P0311,C0148,146,75,TV,2024-05-26 09:41:00
W01384,P0204,C0333,60,30,TV,2024-04-25 03:58:00
W01385,P0299,C0319,16,33,Mobile,2024-03-19 07:20:00
W01386,P0187,C0210,97,57,Laptop,2024-05-27 17:12:00
W01387,P0030,C0354,19,22,Laptop,2024-02-01 06:27:00
W01388,P0059,C0288,12,73,Tablet,2024-02-19 15:15:00
W01389,P0009,C0131,57,14,Mobile,2024-03-27 10:37:00
W01390,P0476,C0359,141,27,Mobile,2024-03-15 04:37:00
W01391,P0324,C0263,96,84,Tablet,2024-03-08 16:28:00
W01392,P0167,C0171,11,46,Mobile,2024-02-13 09:48:00
W01393,P0337,C0156,48,63,Mobile,2024-02-11 10:48:00
W01394,P0395,C0199,18,41,TV,2024-04-15 02:14:00
W01395,P0379,C0121,79,37,Laptop,2024-03-08 19:30:00
W01396,P0386,C0208,119,95,Laptop,2024-05-07 02:42:00
W01397,P0279,C0153,96,54,Laptop,2024-03-25 20:12:00
W01398,P0191,C0106,138,37,Tablet,2024-03-23 20:04:00
W01399,P0242,C0331,77,74,TV,2024-02-01 03:06:00
W01400,P0278,C0182,134,79,Mobile,2024-04-25 19:21:00
W01401,P0445,C0317,35,84,Laptop,2024-05-09 03:13:00
W01402,P0154,C0147,130,51,Laptop,2024-02-29 02:23:00
W01403,P0396,C0341,123,42,TV,2024-01-16 22:05:00
W01404,P0160,C0278,31,25,Mobile,2024-04-16 18:31:00
W01405,P0265,C0182,114,22,Tablet,2024-05-08 15:06:00
W01406,P0235,C0387,110,30,Mobile,2024-04-28 05:40:00
W01407,P0453,C0292,124,68,Tablet,2024-01-04 22:30:00
W01408,P0346,C0243,86,56,Tablet,2024-04-20 05:05:00
W01409,P0199,C0379,56,48,Mobile,2024-05-19 10:06:00
W01410,P0477,C0141,18,97,Tablet,2024-04-01 16:31:00
W01411,P0033,C0371,24,52,Laptop,2024-03-05 09:18:00
W01412,P0408,C0187,122,36,TV,2024-04-15 11:50:00
W01413,P0089,C0103,56,46,Laptop,2024-05-09 18:51:00
W01414,P0095,C0311,105,12,Tablet,2024-01-19 06:49:00
W01415,P0221,C0101,44,85,Tablet,2024-02-09 13:37:00
W01416,P0069,C0175,72,16,TV,2024-03-15 08:12:00
W01417,P0294,C0331,48,67,TV,2024-01-12 03:14:00
W01418,P0237,C0176,138,29,Laptop,2024-01-27 14:40:00
W01419,P0395,C0360,91,88,TV,2024-02-18 10:55:00
W01420,P0160,C0125,124,74,TV,2024-05-09 22:19:00
W01421,P0320,C0300,61,83,Tablet,2024-01-30 18:39:00
W01422,P0328,C0194,76,23,TV,2024-05-04 12:57:00
W01423,P0276,C0208,56,88,Tablet,2024-02-11 13:27:00
W01424,P0290,C0195,15,58,Mobile,2024-03-17 16:55:00
W01425,P0367,C0191,9,98,Mobile,2024-04-14 23:17:00
W01426,P0042,C0144,135,83,Mobile,2024-02-11 05:02:00
W01427,P0392,C0123,147,46,Tablet,2024-01-22 03:04:00
W01428,P0066,C0290,134,15,Mobile,2024-04-16 21:46:00
W01429,P0021,C0123,6,15,Laptop,2024-02-10 05:35:00
W01430,P0335,C0334,98,37,Tablet,2024-03-29 22:25:00
W01431,P0070,C0286,131,87,Laptop,2024-01-12 18:16:00
W01432,P0261,C0163,130,22,Tablet,2024-03-16 03:20:00
W01433,P0246,C0203,45,22,Laptop,2024-01-10 08:24:00
W01434,P0323,C0289,34,19,Mobile,2024-01-20 17:42:00
W01435,P0235,C0289,48,89,Laptop,2024-02-29 09:37:00
W01436,P0427,C0169,14,48,Mobile,2024-03-05 23:51:00
W01437,P0272,C0214,34,88,Tablet,2024-05-09 09:28:00
W01438,P0099,C0204,79,32,Mobile,2024-03-18 20:17:00
W01439,P0329,C0208,53,46,TV,2024-01-29 08:46:00
W01440,P0035,C0121,149,17,TV,2024-01-12 10:12:00
W01441,P0339,C0366,74,99,Mobile,2024-03-24 02:04:00
W01442,P0171,C0309,30,69,TV,2024-04-12 04:39:00
W01443,P0110,C0270,104,95,TV,2024-05-28 10:21:00
W01444,P0482,C0294,137,14,TV,2024-03-18 11:13:00
W01445,P0295,C0223,115,36,TV,2024-05-07 05:13:00
W01446,P0010,C0277,18,28,Laptop,2024-03-16 19:33:00
W01447,P0202,C0104,55,52,TV,2024-02-05 17:25:00
W01448,P0404,C0288,19,52,Tablet,2024-05-06 14:07:00
W01449,P0257,C0129,132,44,Mobile,2024-04-09 07:19:00
W01450,P0262,C0186,144,93,Tablet,2024-04-05 15:40:00
W01451,P0181,C0147,50,64,TV,2024-05-27 04:53:00
W01452,P0430,C0177,76,70,Tablet,2024-04-18 02:02:00
W01453,P0066,C0291,99,56,TV,2024-05-23 11:38:00
W01454,P0294,C0131,33,86,Laptop,2024-05-28 18:47:00
W01455,P0161,C0269,136,65,Laptop,2024-05-19 15:11:00
W01456,P0067,C0136,29,91,Laptop,2024-03-21 16:44:00
W01457,P0100,C0345,36,27,TV,2024-03-27 19:25:00
W01458,P0077,C0288,104,74,Mobile,2024-03-01 23:44:00
W01459,P0035,C0115,41,62,Laptop,2024-02-23 08:14:00
W01460,P0463,C0316,130,98,TV,2024-02-13 10:09:00
W01461,P0045,C0258,142,94,TV,2024-01-05 01:48:00
W01462,P0150,C0255,104,100,Tablet,2024-01-27 06:11:00
W01463,P0491,C0341,31,20,TV,2024-03-27 10:15:00
W01464,P0068,C0396,139,10,Tablet,2024-05-02 03:25:00
W01465,P0254,C0145,103,92,Laptop,2024-03-19 00:42:00
W01466,P0017,C0275,141,17,Tablet,2024-04-06 21:08:00
W01467,P0261,C0156,40,28,TV,2024-01-31 22:58:00
W01468,P0213,C0154,122,64,Tablet,2024-01-17 07:55:00
W01469,P0313,C0365,23,25,Laptop,2024-03-23 18:53:00
W01470,P0256,C0339,59,75,TV,2024-02-01 15:35:00
W01471,P0216,C0208,88,21,Mobile,2024-05-20 04:10:00
W01472,P0351,C0298,10,83,Mobile,2024-02-04 20:24:00
W01473,P0424,C0314,127,71,TV,2024-01-29 05:25:00
W01474,P0286,C0346,111,95,Laptop,2024-04-04 13:56:00
W01475,P0426,C0138,92,67,TV,2024-03-29 01:11:00
W01476,P0007,C0273,66,30,Mobile,2024-05-08 15:39:00
W01477,P0497,C0205,148,46,TV,2024-03-27 10:07:00
W01478,P0380,C0140,145,14,Tablet,2024-03-15 09:25:00
W01479,P0199,C0230,124,79,Tablet,2024-03-28 00:53:00
W01480,P0091,C0281,41,41,Laptop,2024-01-16 10:10:00
W01481,P0472,C0294,129,76,Laptop,2024-01-20 03:12:00
W01482,P0147,C0389,21,19,Laptop,2024-05-06 00:57:00
W01483,P0425,C0159,20,78,Laptop,2024-04-20 02:08:00
W01484,P0418,C0126,133,97,Tablet,2024-03-21 11:45:00
W01485,P0150,C0203,89,93,Mobile,2024-03-24 22:29:00
W01486,P0052,C0121,129,71,Laptop,2024-01-08 00:28:00
W01487,P0243,C0180,5,46,Laptop,2024-04-21 15:46:00
W01488,P0219,C0299,34,56,Mobile,2024-05-10 03:07:00
W01489,P0006,C0137,28,90,Laptop,2024-04-17 20:27:00
W01490,P0458,C0114,50,58,Mobile,2024-04-18 04:35:00
W01491,P0109,C0321,6,33,Laptop,2024-03-13 04:02:00
W01492,P0351,C0266,147,91,Laptop,2024-01-19 18:45:00
W01493,P0409,C0273,33,35,Laptop,2024-05-20 03:07:00
W01494,P0066,C0250,103,64,Tablet,2024-03-26 00:51:00
W01495,P0010,C0272,66,16,Tablet,2024-04-20 14:36:00
W01496,P0202,C0181,17,87,Tablet,2024-03-26 17:46:00
W01497,P0282,C0325,69,50,Laptop,2024-02-11 14:17:00
W01498,P0389,C0135,49,11,Tablet,2024-04-24 17:29:00
W01499,P0214,C0288,51,39,Tablet,2024-02-12 18:20:00
W01500,P0068,C0324,20,90,Tablet,2024-05-16 17:23:00
W01501,P0247,C0231,130,29,TV,2024-02-08 07:14:00
W01502,P0354,C0109,111,65,Tablet,2024-01-12 20:30:00
W01503,P0327,C0169,7,83,TV,2024-01-11 11:05:00
W01504,P0050,C0128,108,33,Tablet,2024-02-11 06:50:00
W01505,P0017,C0334,99,21,Laptop,2024-01-11 13:25:00
W01506,P0011,C0131,137,100,Laptop,2024-04-07 07:06:00
W01507,P0309,C0332,96,24,Laptop,2024-01-19 15:01:00
W01508,P0306,C0154,19,82,TV,2024-04-25 12:21:00
W01509,P0392,C0275,41,91,Laptop,2024-04-22 20:43:00
W01510,P0476,C0398,74,57,Mobile,2024-03-05 20:55:00
W01511,P0124,C0379,143,70,Tablet,2024-03-12 00:51:00
W01512,P0492,C0186,104,80,TV,2024-04-27 06:15:00
W01513,P0225,C0165,88,37,TV,2024-01-07 04:26:00
W01514,P0244,C0189,95,12,TV,2024-04-12 22:20:00
W01515,P0318,C0154,37,25,Laptop,2024-03-08 10:51:00
W01516,P0473,C0218,125,45,Mobile,2024-02-20 00:45:00
W01517,P0469,C0329,34,13,TV,2024-02-22 09:59:00
W01518,P0332,C0367,38,18,Tablet,2024-04-30 21:32:00
W01519,P0379,C0122,137,21,Tablet,2024-03-29 06:20:00
W01520,P0346,C0347,144,83,Mobile,2024-04-27 01:55:00
W01521,P0029,C0120,80,53,Tablet,2024-04-27 04:19:00
W01522,P0358,C0284,79,75,Mobile,2024-03-15 05:04:00
W01523,P0483,C0150,56,28,Tablet,2024-01-07 06:05:00
W01524,P0357,C0190,55,22,Mobile,2024-05-01 08:42:00
W01525,P0366,C0204,62,64,Laptop,2024-04-01 20:38:00
W01526,P0428,C0294,102,74,Tablet,2024-01-23 12:26:00
W01527,P0365,C0174,129,79,Tablet,2024-04-20 05:12:00
W01528,P0429,C0369,97,12,Tablet,2024-01-26 15:20:00
W01529,P0285,C0115,138,34,Laptop,2024-02-23 14:24:00
W01530,P0497,C0383,41,61,Laptop,2024-01-14 05:33:00
W01531,P0472,C0298,142,25,TV,2024-02-04 13:17:00
W01532,P0059,C0295,60,52,TV,2024-04-01 04:32:00
W01533,P0143,C0136,87,65,Mobile,2024-04-02 11:24:00
W01534,P0326,C0305,75,77,TV,2024-03-19 10:21:00
W01535,P0352,C0239,70,17,Tablet,2024-04-11 10:17:00
W01536,P0300,C0364,49,89,Laptop,2024-02-16 20:04:00
W01537,P0226,C0157,91,53,Laptop,2024-03-04 21:09:00
W01538,P0164,C0210,99,47,Laptop,2024-03-04 18:30:00
W01539,P0084,C0274,148,32,Laptop,2024-01-07 21:41:00
W01540,P0377,C0306,14,15,Mobile,2024-03-21 16:48:00
W01541,P0313,C0325,144,52,TV,2024-03-14 10:49:00
W01542,P0117,C0164,17,53,Laptop,2024-05-14 06:20:00
W01543,P0320,C0352,85,89,Mobile,2024-02-19 12:21:00
W01544,P0204,C0367,121,89,Tablet,2024-02-21 11:12:00
W01545,P0355,C0193,142,32,TV,2024-01-01 15:48:00
W01546,P0497,C0283,126,25,Mobile,2024-01-04 15:12:00
W01547,P0294,C0400,145,85,Laptop,2024-05-11 07:06:00
W01548,P0145,C0314,63,18,Laptop,2024-01-04 01:10:00
W01549,P0027,C0242,132,91,Laptop,2024-02-04 15:19:00
W01550,P0017,C0183,53,18,Tablet,2024-02-05 12:35:00
W01551,P0063,C0199,10,94,TV,2024-05-02 21:46:00
W01552,P0267,C0381,16,67,Laptop,2024-02-01 06:16:00
W01553,P0064,C0202,33,74,TV,2024-05-25 19:39:00
W01554,P0039,C0171,81,68,Tablet,2024-01-16 22:58:00
W01555,P0130,C0366,128,32,Mobile,2024-02-16 20:10:00
W01556,P0115,C0230,30,78,TV,2024-01-31 04:19:00
W01557,P0450,C0160,72,28,Mobile,2024-01-17 05:03:00
W01558,P0438,C0219,20,44,TV,2024-02-08 09:01:00
W01559,P0413,C0363,57,64,Laptop,2024-01-22 20:26:00
W01560,P0045,C0121,74,91,Laptop,2024-03-06 01:47:00
W01561,P0216,C0197,9,49,Mobile,2024-01-12 03:41:00
W01562,P0088,C0101,134,23,TV,2024-02-05 18:33:00
W01563,P0336,C0303,134,93,Tablet,2024-01-01 06:22:00
W01564,P0415,C0228,7,22,TV,2024-03-30 09:58:00
W01565,P0177,C0232,99,62,Mobile,2024-03-30 06:29:00
W01566,P0491,C0134,47,89,TV,2024-03-10 17:47:00
W01567,P0265,C0187,137,48,TV,2024-03-26 00:18:00
W01568,P0411,C0132,14,93,Mobile,2024-04-10 10:06:00
W01569,P0440,C0359,28,74,Mobile,2024-04-10 00:32:00
W01570,P0105,C0133,26,65,Mobile,2024-01-12 14:21:00
W01571,P0381,C0386,93,49,TV,2024-05-16 21:09:00
W01572,P0334,C0149,7,55,Mobile,2024-05-28 14:03:00
W01573,P0301,C0386,148,86,Mobile,2024-01-29 19:44:00
W01574,P0473,C0182,116,16,Tablet,2024-04-26 04:30:00
W01575,P0171,C0244,8,54,Tablet,2024-01-02 02:51:00
W01576,P0108,C0380,111,31,Tablet,2024-01-18 04:18:00
W01577,P0406,C0192,44,16,Mobile,2024-05-14 07:01:00
W01578,P0355,C0324,20,93,Mobile,2024-04-17 06:17:00
W01579,P0161,C0317,109,61,Tablet,2024-01-11 09:39:00
W01580,P0283,C0256,76,77,Laptop,2024-05-02 12:01:00
W01581,P0040,C0377,92,79,Laptop,2024-04-22 18:41:00
W01582,P0026,C0108,20,76,Tablet,2024-04-02 00:21:00
W01583,P0083,C0136,122,12,Tablet,2024-05-06 02:13:00
W01584,P0173,C0224,95,67,Laptop,2024-01-25 08:22:00
W01585,P0487,C0109,24,76,Tablet,2024-03-25 02:23:00
W01586,P0173,C0140,88,63,Mobile,2024-04-04 23:55:00
W01587,P0282,C0279,87,18,Tablet,2024-04-28 07:12:00
W01588,P0070,C0229,130,63,TV,2024-01-09 15:53:00
W01589,P0323,C0168,55,89,Laptop,2024-05-29 06:55:00
W01590,P0006,C0254,22,60,Mobile,2024-02-11 17:56:00
W01591,P0284,C0103,85,25,Laptop,2024-03-14 21:14:00
W01592,P0195,C0365,101,21,Tablet,2024-02-08 14:49:00
W01593,P0013,C0104,121,29,Laptop,2024-01-15 15:24:00
W01594,P0063,C0362,128,62,Tablet,2024-05-02 23:30:00
W01595,P0013,C0382,32,40,Mobile,2024-03-23 12:57:00
W01596,P0249,C0185,93,30,Mobile,2024-04-01 00:28:00
W01597,P0205,C0135,145,12,Laptop,2024-02-04 23:39:00
W01598,P0385,C0214,10,30,Mobile,2024-04-20 21:57:00
W01599,P0253,C0159,110,37,Laptop,2024-03-17 22:52:00
W01600,P0040,C0138,123,14,Laptop,2024-05-26 18:10:00
W01601,P0165,C0133,141,80,Laptop,2024-05-15 08:39:00
W01602,P0031,C0303,33,78,Laptop,2024-05-01 05:39:00
W01603,P0500,C0302,69,82,TV,2024-05-11 09:56:00
W01604,P0017,C0200,60,56,TV,2024-02-14 19:19:00
W01605,P0137,C0218,34,94,Tablet,2024-03-27 17:19:00
W01606,P0365,C0343,118,29,Mobile,2024-03-17 20:18:00
W01607,P0320,C0129,100,47,TV,2024-01-09 05:33:00
W01608,P0313,C0327,125,46,TV,2024-03-17 16:56:00
W01609,P0397,C0313,62,67,Mobile,2024-03-11 00:14:00
W01610,P0165,C0287,142,26,Laptop,2024-03-11 03:45:00
W01611,P0398,C0213,30,51,TV,2024-01-22 23:51:00
W01612,P0459,C0399,19,41,TV,2024-04-22 00:00:00
W01613,P0281,C0261,93,71,TV,2024-01-10 20:31:00
W01614,P0223,C0119,19,96,TV,2024-04-19 15:51:00
W01615,P0122,C0364,101,30,Laptop,2024-04-22 05:05:00
W01616,P0078,C0259,79,98,Mobile,2024-01-12 22:48:00
W01617,P0313,C0111,92,42,TV,2024-04-21 15:36:00
W01618,P0327,C0108,10,76,TV,2024-04-30 02:50:00
W01619,P0088,C0253,67,15,TV,2024-05-13 16:04:00
W01620,P0113,C0213,33,75,TV,2024-01-25 20:13:00
W01621,P0100,C0248,52,41,Mobile,2024-05-20 10:57:00
W01622,P0426,C0138,26,73,Laptop,2024-02-28 22:22:00
W01623,P0426,C0235,31,35,Tablet,2024-04-01 02:58:00
W01624,P0303,C0335,89,71,Mobile,2024-02-25 19:38:00
W01625,P0372,C0355,83,14,TV,2024-04-20 02:16:00
W01626,P0428,C0174,142,20,Tablet,2024-03-08 13:33:00
W01627,P0425,C0376,26,83,TV,2024-03-07 15:21:00
W01628,P0387,C0309,88,88,Mobile,2024-05-15 10:05:00
W01629,P0239,C0367,87,91,Laptop,2024-01-13 02:27:00
W01630,P0492,C0244,54,58,Tablet,2024-04-27 14:09:00
W01631,P0346,C0142,133,87,Tablet,2024-04-20 14:09:00
W01632,P0111,C0324,65,71,Laptop,2024-03-06 13:32:00
W01633,P0090,C0152,34,69,Laptop,2024-04-23 02:54:00
W01634,P0385,C0237,80,86,Tablet,2024-03-03 09:47:00
W01635,P0463,C0295,41,93,Tablet,2024-04-23 18:54:00
W01636,P0139,C0195,133,11,Tablet,2024-05-26 00:34:00
W01637,P0485,C0358,147,98,Tablet,2024-02-22 08:57:00
W01638,P0135,C0125,17,68,Laptop,2024-01-14 06:13:00
W01639,P0012,C0332,49,85,Mobile,2024-02-14 03:52:00
W01640,P0244,C0194,8,34,Mobile,2024-02-20 15:38:00
W01641,P0422,C0321,19,77,Laptop,2024-04-28 12:05:00
W01642,P0182,C0397,108,51,Mobile,2024-01-19 01:15:00
W01643,P0195,C0303,95,85,Mobile,2024-04-01 11:38:00
W01644,P0362,C0181,147,80,TV,2024-02-02 15:14:00
W01645,P0122,C0305,43,64,Mobile,2024-01-28 14:50:00
W01646,P0053,C0177,83,47,Tablet,2024-05-05 20:00:00
W01647,P0474,C0138,64,52,Mobile,2024-02-06 06:49:00
W01648,P0478,C0295,98,79,Laptop,2024-04-08 02:06:00
W01649,P0416,C0142,47,62,Mobile,2024-03-20 04:53:00
W01650,P0356,C0282,136,100,Laptop,2024-03-17 22:46:00
W01651,P0173,C0345,81,30,Tablet,2024-02-23 11:01:00
W01652,P0179,C0295,43,29,TV,2024-01-16 08:59:00
W01653,P0293,C0178,58,28,TV,2024-02-15 13:59:00
W01654,P0375,C0225,58,42,Mobile,2024-03-25 13:13:00
W01655,P0059,C0241,66,72,Mobile,2024-03-25 01:04:00
W01656,P0054,C0127,139,77,Laptop,2024-05-13 11:02:00
W01657,P0402,C0381,17,69,TV,2024-04-24 01:03:00
W01658,P0257,C0393,119,28,Tablet,2024-03-27 15:38:00
W01659,P0245,C0342,43,37,Laptop,2024-04-16 15:18:00
W01660,P0149,C0336,88,31,Mobile,2024-04-05 19:41:00
W01661,P0284,C0303,109,60,TV,2024-03-17 08:10:00
W01662,P0368,C0242,116,97,Mobile,2024-05-25 20:48:00
W01663,P0016,C0194,76,72,TV,2024-05-28 05:12:00
W01664,P0176,C0252,7,71,Laptop,2024-04-12 15:18:00
W01665,P0028,C0353,77,38,Tablet,2024-03-31 13:32:00
W01666,P0406,C0167,12,83,Tablet,2024-03-28 22:06:00
W01667,P0467,C0276,80,41,Tablet,2024-05-14 17:53:00
W01668,P0368,C0203,96,82,Tablet,2024-03-24 05:46:00
W01669,P0129,C0191,110,34,Tablet,2024-05-13 22:50:00
W01670,P0223,C0293,53,25,Mobile,2024-05-16 04:04:00
W01671,P0372,C0266,47,24,Mobile,2024-04-18 08:52:00
W01672,P0244,C0190,142,68,Tablet,2024-03-30 04:55:00
W01673,P0426,C0368,145,57,TV,2024-04-21 20:00:00
W01674,P0354,C0151,6,27,Laptop,2024-03-27 01:40:00
W01675,P0238,C0266,69,32,TV,2024-04-26 23:44:00
W01676,P0232,C0274,90,64,TV,2024-01-28 15:36:00
W01677,P0326,C0327,101,51,Tablet,2024-01-25 00:57:00
W01678,P0092,C0366,14,12,TV,2024-02-10 02:13:00
W01679,P0003,C0109,67,80,Mobile,2024-03-15 04:08:00
W01680,P0479,C0187,107,61,Laptop,2024-02-07 15:01:00
W01681,P0464,C0194,65,20,Laptop,2024-03-15 13:53:00
W01682,P0081,C0152,5,64,Laptop,2024-01-03 22:58:00
W01683,P0044,C0279,9,97,TV,2024-01-19 02:25:00
W01684,P0155,C0378,39,34,Laptop,2024-04-25 14:52:00
W01685,P0435,C0339,129,85,Laptop,2024-03-28 17:38:00
W01686,P0024,C0173,145,96,Mobile,2024-01-01 02:32:00
W01687,P0404,C0172,31,90,Tablet,2024-05-05 08:10:00
W01688,P0416,C0168,144,50,Tablet,2024-03-29 03:40:00
W01689,P0099,C0105,98,46,Mobile,2024-05-26 12:02:00
W01690,P0397,C0338,54,91,Mobile,2024-01-25 08:47:00
W01691,P0368,C0221,73,64,Tablet,2024-03-13 17:45:00
W01692,P0171,C0311,6,18,TV,2024-05-26 08:00:00
W01693,P0148,C0362,106,45,Mobile,2024-03-20 14:31:00
W01694,P0123,C0158,7,66,Laptop,2024-05-25 05:44:00
W01695,P0112,C0143,134,72,Mobile,2024-05-04 00:44:00
W01696,P0500,C0297,46,91,TV,2024-05-13 00:20:00
W01697,P0130,C0172,47,29,Mobile,2024-05-01 18:13:00
W01698,P0068,C0191,25,94,Laptop,2024-04-05 14:32:00
W01699,P0347,C0137,49,56,Mobile,2024-02-17 09:10:00
W01700,P0316,C0337,24,29,Mobile,2024-01-31 16:41:00
W01701,P0217,C0393,47,15,Mobile,2024-01-10 09:01:00
W01702,P0388,C0254,28,82,Tablet,2024-01-18 15:55:00
W01703,P0380,C0270,86,38,Tablet,2024-03-28 06:20:00
W01704,P0096,C0372,88,86,TV,2024-03-13 07:58:00
W01705,P0145,C0210,64,100,Tablet,2024-01-15 08:35:00
W01706,P0385,C0251,36,58,TV,2024-01-09 10:20:00
W01707,P0033,C0231,126,15,Tablet,2024-05-16 02:33:00
W01708,P0286,C0368,9,48,TV,2024-05-11 20:32:00
W01709,P0005,C0123,134,41,TV,2024-01-16 02:22:00
W01710,P0118,C0239,29,58,TV,2024-04-08 18:12:00
W01711,P0140,C0339,90,52,Mobile,2024-01-05 13:07:00
W01712,P0230,C0292,90,37,Mobile,2024-03-19 10:22:00
W01713,P0160,C0227,79,54,TV,2024-01-02 08:44:00
W01714,P0294,C0129,15,74,TV,2024-01-04 15:37:00
W01715,P0249,C0221,72,59,Mobile,2024-04-18 22:33:00
W01716,P0273,C0298,101,63,Laptop,2024-04-04 10:16:00
W01717,P0186,C0274,112,60,Mobile,2024-01-08 01:06:00
W01718,P0365,C0244,126,52,TV,2024-04-19 12:47:00
W01719,P0040,C0279,46,73,Mobile,2024-01-09 16:29:00
W01720,P0224,C0111,64,39,Tablet,2024-04-26 04:26:00
W01721,P0152,C0239,66,91,TV,2024-04-08 08:04:00
W01722,P0140,C0353,135,51,Mobile,2024-02-11 19:47:00
W01723,P0367,C0119,75,47,Tablet,2024-04-29 10:52:00
W01724,P0128,C0260,125,96,Mobile,2024-01-12 09:08:00
W01725,P0351,C0222,24,95,Mobile,2024-03-14 01:12:00
W01726,P0147,C0172,75,75,Laptop,2024-02-21 03:18:00
W01727,P0285,C0155,135,78,Mobile,2024-05-09 09:31:00
W01728,P0469,C0269,149,24,Mobile,2024-01-23 19:34:00
W01729,P0218,C0199,88,70,Laptop,2024-03-29 13:18:00
W01730,P0436,C0170,102,15,Mobile,2024-01-20 12:27:00
W01731,P0220,C0249,64,87,Laptop,2024-05-09 11:04:00
W01732,P0145,C0217,72,33,Tablet,2024-01-13 14:30:00
W01733,P0329,C0126,109,94,Laptop,2024-04-15 23:18:00
W01734,P0277,C0348,140,23,Tablet,2024-03-10 11:37:00
W01735,P0242,C0309,115,21,Laptop,2024-04-08 09:53:00
W01736,P0060,C0327,139,64,Tablet,2024-03-15 14:45:00
W01737,P0098,C0214,63,77,Mobile,2024-03-24 20:15:00
W01738,P0331,C0294,37,53,Tablet,2024-03-09 16:18:00
W01739,P0375,C0110,45,94,Tablet,2024-02-28 15:55:00
W01740,P0404,C0195,33,90,TV,2024-05-05 23:10:00
W01741,P0369,C0221,109,60,Tablet,2024-03-02 02:23:00
W01742,P0181,C0226,105,89,Mobile,2024-05-07 03:35:00
W01743,P0114,C0137,68,91,TV,2024-04-14 05:23:00
W01744,P0495,C0169,90,47,TV,2024-01-15 03:36:00
W01745,P0103,C0397,70,50,Laptop,2024-02-04 03:02:00
W01746,P0336,C0274,118,53,Tablet,2024-01-14 15:44:00
W01747,P0319,C0145,126,84,Laptop,2024-04-11 07:46:00
W01748,P0057,C0223,13,25,Laptop,2024-02-18 19:27:00
W01749,P0285,C0127,33,59,Tablet,2024-04-20 16:53:00
W01750,P0129,C0293,101,47,Laptop,2024-03-12 09:54:00
W01751,P0380,C0236,78,95,Mobile,2024-02-11 21:36:00
W01752,P0466,C0295,128,14,Mobile,2024-01-07 19:38:00
W01753,P0315,C0149,114,18,Tablet,2024-01-10 09:05:00
W01754,P0448,C0196,57,86,Tablet,2024-02-05 08:37:00
W01755,P0086,C0221,80,48,TV,2024-05-25 03:34:00
W01756,P0200,C0349,62,96,Tablet,2024-05-13 04:44:00
W01757,P0071,C0317,138,36,Tablet,2024-05-05 11:25:00
W01758,P0345,C0214,49,41,Mobile,2024-03-15 23:26:00
W01759,P0478,C0114,121,73,Mobile,2024-04-24 14:53:00
W01760,P0098,C0162,126,42,Tablet,2024-01-28 14:58:00
W01761,P0300,C0143,148,99,TV,2024-03-15 19:49:00
W01762,P0176,C0340,78,27,Mobile,2024-03-18 15:46:00
W01763,P0233,C0196,78,85,Mobile,2024-03-30 11:27:00
W01764,P0372,C0127,29,76,Laptop,2024-01-21 09:25:00
W01765,P0075,C0342,128,14,Tablet,2024-04-12 20:45:00
W01766,P0143,C0340,65,87,Laptop,2024-02-28 22:31:00
W01767,P0419,C0167,102,68,Tablet,2024-01-20 18:55:00
W01768,P0023,C0381,58,85,TV,2024-02-28 22:30:00
W01769,P0181,C0292,64,13,Laptop,2024-05-16 11:08:00
W01770,P0045,C0219,36,25,Mobile,2024-02-25 11:47:00
W01771,P0469,C0252,57,84,Tablet,2024-02-04 06:18:00
W01772,P0092,C0365,143,57,Tablet,2024-05-10 03:56:00
W01773,P0269,C0331,122,75,Laptop,2024-04-13 04:42:00
W01774,P0034,C0349,51,86,Laptop,2024-01-01 07:43:00
W01775,P0166,C0159,94,17,TV,2024-03-27 19:06:00
W01776,P0070,C0117,64,53,Mobile,2024-03-15 22:01:00
W01777,P0364,C0271,40,30,TV,2024-04-26 11:29:00
W01778,P0196,C0232,46,35,Mobile,2024-03-03 02:44:00
W01779,P0133,C0236,17,44,Mobile,2024-05-06 03:28:00
W01780,P0247,C0142,146,24,Tablet,2024-05-12 03:43:00
W01781,P0382,C0106,119,49,Mobile,2024-01-03 06:11:00
W01782,P0168,C0270,105,39,Laptop,2024-04-08 01:55:00
W01783,P0454,C0388,126,75,Tablet,2024-01-14 07:26:00
W01784,P0277,C0315,69,89,TV,2024-04-21 21:16:00
W01785,P0156,C0169,137,22,Mobile,2024-03-01 06:54:00
W01786,P0387,C0127,121,10,Tablet,2024-04-04 14:51:00
W01787,P0023,C0325,105,52,Laptop,2024-01-24 11:02:00
W01788,P0200,C0334,43,37,TV,2024-03-22 17:53:00
W01789,P0275,C0151,144,10,Tablet,2024-03-19 18:22:00
W01790,P0459,C0249,113,49,Tablet,2024-03-10 17:30:00
W01791,P0050,C0175,18,43,Laptop,2024-01-15 09:21:00
W01792,P0458,C0192,148,22,Laptop,2024-02-05 04:06:00
W01793,P0186,C0168,110,70,Mobile,2024-01-08 06:26:00
W01794,P0476,C0335,79,75,TV,2024-02-16 16:12:00
W01795,P0020,C0244,83,13,Tablet,2024-04-14 16:23:00
W01796,P0492,C0176,116,98,Laptop,2024-04-05 21:19:00
W01797,P0116,C0186,71,22,Laptop,2024-04-25 12:32:00
W01798,P0092,C0327,143,45,Tablet,2024-01-13 17:04:00
W01799,P0349,C0156,15,70,Laptop,2024-02-03 01:18:00
W01800,P0456,C0180,20,67,Laptop,2024-03-18 14:48:00
W01801,P0339,C0124,5,94,Mobile,2024-04-02 18:41:00
W01802,P0053,C0327,128,99,Tablet,2024-03-22 08:21:00
W01803,P0496,C0128,42,24,Mobile,2024-02-07 00:13:00
W01804,P0123,C0221,118,99,TV,2024-05-15 22:50:00
W01805,P0341,C0193,102,94,Laptop,2024-02-23 06:25:00
W01806,P0338,C0212,64,21,Mobile,2024-04-10 16:13:00
W01807,P0265,C0131,23,85,Tablet,2024-03-29 18:37:00
W01808,P0004,C0243,128,78,TV,2024-04-02 05:39:00
W01809,P0169,C0398,104,70,TV,2024-03-25 12:36:00
W01810,P0281,C0327,72,51,Mobile,2024-01-22 04:50:00
W01811,P0290,C0350,142,99,Mobile,2024-01-16 05:05:00
W01812,P0073,C0150,21,41,Laptop,2024-05-01 19:11:00
W01813,P0137,C0314,84,11,Mobile,2024-04-22 15:38:00
W01814,P0338,C0369,89,17,Mobile,2024-01-17 14:07:00
W01815,P0256,C0388,96,100,Mobile,2024-05-09 19:15:00
W01816,P0459,C0295,33,63,TV,2024-03-25 14:21:00
W01817,P0141,C0354,138,17,Tablet,2024-05-13 09:52:00
W01818,P0486,C0179,123,97,Mobile,2024-03-09 18:12:00
W01819,P0393,C0344,126,22,TV,2024-05-27 07:27:00
W01820,P0208,C0191,115,38,TV,2024-01-16 13:38:00
W01821,P0260,C0106,91,22,Mobile,2024-04-14 19:48:00
W01822,P0418,C0381,20,67,TV,2024-03-06 04:24:00
W01823,P0263,C0250,136,72,Laptop,2024-04-16 10:11:00
W01824,P0271,C0382,111,96,Tablet,2024-03-26 13:51:00
W01825,P0038,C0291,12,56,Laptop,2024-01-22 11:13:00
W01826,P0203,C0374,138,88,Tablet,2024-04-19 08:49:00
W01827,P0224,C0173,129,97,TV,2024-03-11 16:00:00
W01828,P0347,C0168,132,96,Mobile,2024-05-06 01:36:00
W01829,P0478,C0163,57,83,Mobile,2024-01-01 03:35:00
W01830,P0052,C0234,123,47,TV,2024-05-11 21:23:00
W01831,P0081,C0368,95,78,Mobile,2024-05-04 18:25:00
W01832,P0356,C0323,67,78,TV,2024-01-27 00:58:00
W01833,P0211,C0226,138,49,Laptop,2024-02-01 02:40:00
W01834,P0007,C0365,111,10,TV,2024-01-28 01:45:00
W01835,P0363,C0107,6,11,TV,2024-04-14 03:47:00
W01836,P0045,C0306,20,38,Laptop,2024-03-10 05:17:00
W01837,P0315,C0279,106,16,Laptop,2024-02-03 14:33:00
W01838,P0378,C0283,123,66,TV,2024-02-25 10:24:00
W01839,P0277,C0328,63,64,Laptop,2024-01-13 17:21:00
W01840,P0412,C0336,13,82,Tablet,2024-04-22 03:48:00
W01841,P0259,C0246,121,45,Laptop,2024-02-08 03:08:00
W01842,P0142,C0158,14,16,Mobile,2024-03-19 10:57:00
W01843,P0258,C0396,98,19,Laptop,2024-01-30 12:41:00
W01844,P0285,C0341,11,89,Laptop,2024-04-07 13:45:00
W01845,P0402,C0387,97,83,TV,2024-03-07 01:10:00
W01846,P0037,C0263,127,48,Laptop,2024-05-25 21:59:00
W01847,P0429,C0126,67,67,Tablet,2024-03-10 07:49:00
W01848,P0045,C0206,8,99,TV,2024-03-08 08:13:00
W01849,P0408,C0340,32,49,Tablet,2024-02-18 00:51:00
W01850,P0120,C0142,76,23,Mobile,2024-04-23 06:02:00
W01851,P0046,C0233,134,91,TV,2024-01-29 15:16:00
W01852,P0140,C0144,79,10,TV,2024-03-18 08:40:00
W01853,P0053,C0135,77,26,Mobile,2024-03-16 22:01:00
W01854,P0301,C0101,106,58,Mobile,2024-05-07 08:51:00
W01855,P0288,C0326,133,95,Tablet,2024-03-12 18:08:00
W01856,P0274,C0399,71,25,Laptop,2024-04-22 08:55:00
W01857,P0269,C0388,32,16,TV,2024-05-07 01:22:00
W01858,P0388,C0336,96,24,TV,2024-03-03 15:50:00
W01859,P0279,C0133,86,30,Tablet,2024-02-29 10:10:00
W01860,P0062,C0195,55,75,TV,2024-03-02 04:45:00
W01861,P0054,C0305,60,68,Mobile,2024-01-22 07:38:00
W01862,P0458,C0209,77,57,TV,2024-05-05 23:56:00
W01863,P0439,C0130,30,98,Laptop,2024-02-11 10:09:00
W01864,P0069,C0366,92,82,Mobile,2024-01-31 19:41:00
W01865,P0242,C0123,56,93,Tablet,2024-04-21 06:41:00
W01866,P0424,C0197,129,59,Tablet,2024-05-01 04:32:00
W01867,P0270,C0139,10,19,TV,2024-02-07 06:37:00
W01868,P0252,C0273,121,61,Mobile,2024-04-19 21:41:00
W01869,P0354,C0348,16,94,Mobile,2024-02-25 09:28:00
W01870,P0284,C0262,67,77,Mobile,2024-02-04 18:57:00
W01871,P0456,C0280,40,39,TV,2024-05-04 14:56:00
W01872,P0464,C0203,13,43,TV,2024-02-21 14:12:00
W01873,P0351,C0309,78,87,Tablet,2024-03-05 02:58:00
W01874,P0071,C0122,71,95,Laptop,2024-05-08 03:38:00
W01875,P0323,C0105,33,74,Mobile,2024-01-21 08:11:00
W01876,P0413,C0239,75,69,TV,2024-05-02 01:00:00
W01877,P0100,C0314,94,17,TV,2024-02-23 08:57:00
W01878,P0061,C0260,12,84,Laptop,2024-03-20 16:27:00
W01879,P0103,C0239,47,74,TV,2024-03-05 09:45:00
W01880,P0452,C0245,39,78,TV,2024-01-17 08:54:00
W01881,P0393,C0260,114,66,TV,2024-05-14 11:32:00
W01882,P0119,C0183,26,54,Mobile,2024-03-11 01:47:00
W01883,P0017,C0255,70,58,Laptop,2024-03-19 19:45:00
W01884,P0305,C0388,106,83,Tablet,2024-02-15 16:44:00
W01885,P0191,C0381,98,71,Laptop,2024-03-18 17:19:00
W01886,P0212,C0164,99,48,Laptop,2024-03-11 10:07:00
W01887,P0078,C0292,45,86,Tablet,2024-05-26 00:01:00
W01888,P0046,C0256,8,30,Tablet,2024-01-10 07:13:00
W01889,P0093,C0191,102,62,TV,2024-05-04 18:24:00
W01890,P0377,C0242,14,54,TV,2024-05-19 19:33:00
W01891,P0013,C0142,98,37,TV,2024-02-01 14:32:00
W01892,P0228,C0349,71,62,Mobile,2024-03-24 02:08:00
W01893,P0301,C0395,142,18,Mobile,2024-02-27 20:21:00
W01894,P0437,C0358,77,84,Laptop,2024-05-25 15:01:00
W01895,P0017,C0101,149,80,Mobile,2024-02-14 18:40:00
W01896,P0303,C0209,57,70,Mobile,2024-01-23 08:54:00
W01897,P0062,C0225,8,36,Tablet,2024-05-14 17:47:00
W01898,P0434,C0164,72,31,TV,2024-01-27 13:13:00
W01899,P0043,C0306,117,39,Tablet,2024-04-06 16:14:00
W01900,P0068,C0344,100,93,TV,2024-02-05 10:20:00
W01901,P0380,C0178,106,24,Laptop,2024-02-24 11:43:00
W01902,P0212,C0211,143,24,Tablet,2024-03-09 19:13:00
W01903,P0203,C0242,48,62,TV,2024-02-24 14:07:00
W01904,P0490,C0316,123,85,Tablet,2024-03-27 13:25:00
W01905,P0214,C0116,114,90,Tablet,2024-04-28 22:37:00
W01906,P0109,C0154,50,32,TV,2024-02-04 01:18:00
W01907,P0456,C0241,27,79,Mobile,2024-03-07 06:52:00
W01908,P0284,C0179,110,25,Tablet,2024-02-03 02:48:00
W01909,P0429,C0249,130,100,Laptop,2024-03-11 08:34:00
W01910,P0425,C0227,94,96,Mobile,2024-02-27 00:31:00
W01911,P0094,C0258,102,74,Tablet,2024-01-31 09:53:00
W01912,P0225,C0379,79,54,Laptop,2024-02-12 10:16:00
W01913,P0225,C0138,118,16,Laptop,2024-01-01 04:29:00
W01914,P0239,C0257,124,54,TV,2024-01-06 18:46:00
W01915,P0118,C0388,89,48,Mobile,2024-01-10 09:42:00
W01916,P0420,C0212,47,59,Mobile,2024-03-30 03:45:00
W01917,P0091,C0290,92,58,TV,2024-05-28 02:05:00
W01918,P0340,C0206,147,57,Tablet,2024-04-06 01:13:00
W01919,P0289,C0191,134,58,Tablet,2024-04-24 20:14:00
W01920,P0281,C0149,137,49,Laptop,2024-02-20 00:55:00
W01921,P0492,C0261,108,48,Laptop,2024-02-10 00:31:00
W01922,P0491,C0104,97,66,Laptop,2024-01-15 09:33:00
W01923,P0019,C0298,45,91,Laptop,2024-01-28 03:06:00
W01924,P0175,C0354,36,72,TV,2024-05-09 10:38:00
W01925,P0469,C0190,110,65,Tablet,2024-02-05 01:53:00
W01926,P0106,C0120,6,95,Laptop,2024-01-13 21:34:00
W01927,P0289,C0177,14,11,Mobile,2024-03-29 20:38:00
W01928,P0248,C0320,123,35,Laptop,2024-01-22 07:26:00
W01929,P0323,C0262,105,32,Laptop,2024-03-14 08:56:00
W01930,P0142,C0215,114,27,Tablet,2024-04-10 02:55:00
W01931,P0463,C0194,71,92,Laptop,2024-04-26 19:49:00
W01932,P0417,C0233,27,97,TV,2024-02-10 07:08:00
W01933,P0298,C0272,102,77,Tablet,2024-03-28 06:05:00
W01934,P0470,C0214,101,69,Tablet,2024-04-29 10:08:00
W01935,P0193,C0109,10,11,Laptop,2024-05-24 12:07:00
W01936,P0351,C0399,17,58,TV,2024-02-26 19:13:00
W01937,P0303,C0360,25,47,Tablet,2024-04-05 14:48:00
W01938,P0291,C0270,62,40,Mobile,2024-03-02 16:23:00
W01939,P0373,C0198,124,49,Laptop,2024-05-16 13:55:00
W01940,P0468,C0269,124,89,Tablet,2024-03-21 21:36:00
W01941,P0416,C0318,140,62,Laptop,2024-04-26 13:37:00
W01942,P0439,C0144,81,73,Mobile,2024-04-21 18:37:00
W01943,P0438,C0361,102,42,Laptop,2024-03-25 11:00:00
W01944,P0332,C0385,62,67,Laptop,2024-05-25 11:34:00
W01945,P0435,C0226,90,59,TV,2024-03-14 15:12:00
W01946,P0208,C0360,5,73,TV,2024-01-18 08:15:00
W01947,P0443,C0314,81,12,Mobile,2024-04-10 09:16:00
W01948,P0456,C0300,14,70,TV,2024-03-22 01:12:00
W01949,P0248,C0336,73,91,Tablet,2024-01-14 02:36:00
W01950,P0142,C0236,66,19,TV,2024-05-11 22:41:00
W01951,P0402,C0216,17,75,Tablet,2024-05-27 23:19:00
W01952,P0384,C0255,14,60,Mobile,2024-04-29 09:18:00
W01953,P0311,C0118,7,39,Mobile,2024-04-16 04:24:00
W01954,P0222,C0104,38,34,Laptop,2024-03-19 02:34:00
W01955,P0225,C0265,38,52,Tablet,2024-01-15 16:27:00
W01956,P0354,C0227,89,97,Laptop,2024-01-19 14:17:00
W01957,P0184,C0313,62,73,Laptop,2024-01-26 12:08:00
W01958,P0364,C0148,109,68,Laptop,2024-04-01 05:37:00
W01959,P0305,C0146,13,71,Tablet,2024-05-10 07:29:00
W01960,P0482,C0146,45,19,TV,2024-02-11 13:06:00
W01961,P0188,C0148,29,73,Tablet,2024-01-17 09:47:00
W01962,P0113,C0287,40,69,TV,2024-03-03 10:42:00
W01963,P0181,C0220,12,99,Tablet,2024-04-16 17:52:00
W01964,P0199,C0232,130,97,Mobile,2024-02-24 11:05:00
W01965,P0390,C0119,118,29,Mobile,2024-04-08 22:11:00
W01966,P0070,C0375,109,58,TV,2024-04-09 17:49:00
W01967,P0086,C0332,97,83,Laptop,2024-02-15 14:27:00
W01968,P0392,C0142,93,36,Laptop,2024-05-23 06:47:00
W01969,P0485,C0192,42,60,Laptop,2024-02-23 19:12:00
W01970,P0399,C0361,96,66,Laptop,2024-02-18 21:29:00
W01971,P0410,C0148,123,88,Tablet,2024-04-27 07:43:00
W01972,P0039,C0382,105,88,Mobile,2024-05-23 07:21:00
W01973,P0131,C0174,117,46,Tablet,2024-04-01 19:17:00
W01974,P0441,C0316,32,12,Tablet,2024-05-23 02:27:00
W01975,P0010,C0321,103,38,Tablet,2024-03-20 18:14:00
W01976,P0003,C0209,140,77,TV,2024-03-18 13:30:00
W01977,P0478,C0235,45,56,Mobile,2024-03-30 22:37:00
W01978,P0302,C0338,122,89,TV,2024-01-26 19:04:00
W01979,P0150,C0255,27,78,Laptop,2024-02-14 12:03:00
W01980,P0067,C0156,27,30,Mobile,2024-03-03 16:02:00
W01981,P0193,C0298,36,51,TV,2024-03-08 07:38:00
W01982,P0097,C0138,142,30,TV,2024-01-02 06:37:00
W01983,P0019,C0317,85,11,Tablet,2024-04-17 21:49:00
W01984,P0484,C0331,103,87,TV,2024-02-18 19:23:00
W01985,P0318,C0357,67,78,TV,2024-02-13 13:00:00
W01986,P0098,C0309,40,16,Laptop,2024-03-18 14:53:00
W01987,P0057,C0301,97,84,Laptop,2024-04-07 12:27:00
W01988,P0351,C0237,50,44,TV,2024-01-26 11:00:00
W01989,P0107,C0228,31,39,TV,2024-02-17 16:35:00
W01990,P0088,C0153,80,53,TV,2024-03-06 12:25:00
W01991,P0460,C0184,105,55,Tablet,2024-03-27 18:22:00
W01992,P0141,C0309,13,64,Tablet,2024-01-23 22:40:00
W01993,P0144,C0385,133,10,Tablet,2024-02-17 23:23:00
W01994,P0400,C0136,60,63,Laptop,2024-05-09 09:55:00
W01995,P0371,C0315,91,89,Mobile,2024-01-20 09:17:00
W01996,P0375,C0127,22,10,Tablet,2024-05-10 20:06:00
W01997,P0052,C0246,46,72,Tablet,2024-01-12 22:25:00
W01998,P0212,C0118,115,64,TV,2024-04-09 01:17:00
W01999,P0041,C0218,77,95,Tablet,2024-01-16 22:42:00
W02000,P0304,C0237,69,86,Mobile,2024-02-13 03:57:00
W02001,P0091,C0167,137,36,Laptop,2024-05-13 20:15:00
W02002,P0039,C0130,14,24,Tablet,2024-04-09 04:37:00
W02003,P0013,C0173,64,90,Laptop,2024-01-18 08:43:00
W02004,P0388,C0223,76,18,Tablet,2024-05-02 21:09:00
W02005,P0096,C0328,56,78,Laptop,2024-04-26 17:54:00
W02006,P0109,C0373,66,68,Laptop,2024-03-11 07:59:00
W02007,P0104,C0346,121,32,Tablet,2024-02-17 17:22:00
W02008,P0354,C0139,129,20,Tablet,2024-01-06 01:23:00
W02009,P0231,C0270,64,33,Laptop,2024-02-22 10:18:00
W02010,P0043,C0202,90,81,Mobile,2024-04-10 13:35:00
W02011,P0209,C0394,147,63,Mobile,2024-05-14 07:22:00
W02012,P0088,C0343,99,40,Mobile,2024-03-09 08:42:00
W02013,P0093,C0257,11,31,Mobile,2024-05-22 03:11:00
W02014,P0174,C0365,43,23,Tablet,2024-05-10 06:17:00
W02015,P0476,C0357,11,14,TV,2024-03-09 08:54:00
W02016,P0126,C0223,144,26,Laptop,2024-02-06 17:12:00
W02017,P0109,C0147,18,91,Mobile,2024-01-15 23:30:00
W02018,P0047,C0110,38,92,Mobile,2024-04-02 08:48:00
W02019,P0214,C0244,126,80,TV,2024-05-28 13:59:00
W02020,P0092,C0399,77,99,TV,2024-05-28 14:48:00
W02021,P0181,C0252,68,98,Tablet,2024-01-11 07:01:00
W02022,P0409,C0236,101,91,Laptop,2024-03-12 07:51:00
W02023,P0041,C0175,16,53,Laptop,2024-05-04 09:06:00
W02024,P0259,C0126,130,88,TV,2024-04-28 17:17:00
W02025,P0121,C0107,38,58,TV,2024-01-10 06:03:00
W02026,P0077,C0179,31,74,TV,2024-04-28 21:01:00
W02027,P0095,C0115,22,13,Tablet,2024-02-03 19:52:00
W02028,P0269,C0307,41,18,Laptop,2024-01-10 10:33:00
W02029,P0361,C0189,139,45,TV,2024-05-24 16:02:00
W02030,P0018,C0197,72,60,Mobile,2024-04-24 12:59:00
W02031,P0293,C0316,84,41,Laptop,2024-04-12 08:35:00
W02032,P0171,C0359,90,97,Laptop,2024-05-20 14:25:00
W02033,P0162,C0387,64,27,Mobile,2024-04-15 18:28:00
W02034,P0465,C0175,52,24,Mobile,2024-04-30 19:15:00
W02035,P0311,C0342,104,29,Laptop,2024-03-22 03:16:00
W02036,P0052,C0117,88,67,Laptop,2024-01-19 10:41:00
W02037,P0469,C0277,99,49,TV,2024-01-12 18:24:00
W02038,P0036,C0359,56,75,Tablet,2024-03-14 14:25:00
W02039,P0438,C0223,81,98,Tablet,2024-01-06 06:31:00
W02040,P0187,C0211,88,22,TV,2024-05-04 05:06:00
W02041,P0370,C0356,58,100,Mobile,2024-01-11 14:54:00
W02042,P0248,C0334,43,22,Mobile,2024-05-19 14:00:00
W02043,P0052,C0140,27,71,Mobile,2024-01-02 08:39:00
W02044,P0488,C0222,52,37,Mobile,2024-05-18 10:35:00
W02045,P0019,C0315,117,55,TV,2024-02-22 12:19:00
W02046,P0396,C0396,124,24,Laptop,2024-01-10 07:48:00
W02047,P0092,C0386,131,94,TV,2024-04-21 17:11:00
W02048,P0139,C0381,45,53,Mobile,2024-02-05 07:56:00
W02049,P0304,C0107,51,32,TV,2024-04-15 07:39:00
W02050,P0357,C0192,76,76,Tablet,2024-01-14 12:31:00
W02051,P0220,C0223,61,87,Tablet,2024-03-26 03:55:00
W02052,P0099,C0196,66,75,Mobile,2024-02-19 07:57:00
W02053,P0236,C0101,90,59,TV,2024-01-20 03:35:00
W02054,P0207,C0191,61,22,Tablet,2024-03-27 02:14:00
W02055,P0144,C0107,76,11,Laptop,2024-05-16 19:12:00
W02056,P0493,C0220,128,85,Mobile,2024-02-07 21:09:00
W02057,P0199,C0229,21,100,TV,2024-02-13 01:25:00
W02058,P0303,C0279,84,43,Mobile,2024-02-13 23:18:00
W02059,P0323,C0198,43,49,Tablet,2024-05-01 23:33:00
W02060,P0287,C0143,147,78,Laptop,2024-05-24 17:54:00
W02061,P0332,C0283,21,70,Tablet,2024-02-07 15:19:00
W02062,P0264,C0285,39,34,Mobile,2024-02-20 04:25:00
W02063,P0217,C0153,37,84,Laptop,2024-04-29 11:51:00
W02064,P0189,C0328,115,86,TV,2024-05-28 21:11:00
W02065,P0044,C0261,139,72,Tablet,2024-03-10 00:56:00
W02066,P0434,C0335,78,37,Laptop,2024-05-05 00:38:00
W02067,P0291,C0300,102,94,Mobile,2024-02-02 17:21:00
W02068,P0460,C0101,22,65,TV,2024-02-26 12:35:00
W02069,P0189,C0114,27,35,Mobile,2024-04-05 22:01:00
W02070,P0469,C0313,35,36,Mobile,2024-01-27 01:49:00
W02071,P0474,C0377,18,35,TV,2024-02-01 00:24:00
W02072,P0439,C0134,27,24,Laptop,2024-03-15 13:10:00
W02073,P0194,C0370,6,59,Laptop,2024-02-26 02:59:00
W02074,P0270,C0268,77,15,TV,2024-05-05 05:42:00
W02075,P0366,C0270,63,77,TV,2024-01-31 09:35:00
W02076,P0260,C0182,37,13,Mobile,2024-02-02 20:36:00
W02077,P0401,C0237,144,39,Mobile,2024-01-02 08:49:00
W02078,P0239,C0333,87,86,Tablet,2024-03-24 07:14:00
W02079,P0112,C0215,39,18,TV,2024-04-23 17:00:00
W02080,P0069,C0352,45,51,Tablet,2024-05-25 10:21:00
W02081,P0408,C0389,114,23,TV,2024-03-28 09:43:00
W02082,P0049,C0149,145,49,Tablet,2024-05-04 05:08:00
W02083,P0311,C0104,43,12,Mobile,2024-05-17 05:42:00
W02084,P0455,C0276,120,50,Mobile,2024-05-18 03:13:00
W02085,P0151,C0372,76,42,Laptop,2024-01-13 17:45:00
W02086,P0239,C0126,93,88,Tablet,2024-05-26 03:29:00
W02087,P0337,C0170,145,69,TV,2024-04-03 21:38:00
W02088,P0396,C0393,60,73,Tablet,2024-01-23 21:14:00
W02089,P0395,C0334,103,71,Mobile,2024-02-23 13:52:00
W02090,P0115,C0331,50,88,Laptop,2024-05-19 13:11:00
W02091,P0075,C0363,104,16,Tablet,2024-02-03 16:56:00
W02092,P0098,C0386,117,85,Mobile,2024-05-15 00:56:00
W02093,P0383,C0174,115,59,TV,2024-04-21 00:04:00
W02094,P0111,C0221,78,48,Laptop,2024-01-13 22:42:00
W02095,P0357,C0106,73,80,Mobile,2024-01-29 21:22:00
W02096,P0370,C0124,35,56,TV,2024-03-30 10:15:00
W02097,P0285,C0294,129,79,Tablet,2024-05-02 11:37:00
W02098,P0256,C0268,28,35,TV,2024-03-16 14:57:00
W02099,P0318,C0310,36,67,TV,2024-04-17 11:07:00
W02100,P0309,C0233,117,82,TV,2024-03-22 09:48:00
W02101,P0117,C0392,20,60,Laptop,2024-01-02 10:38:00
W02102,P0176,C0274,112,97,Mobile,2024-05-14 04:41:00
W02103,P0228,C0251,28,61,Mobile,2024-03-28 20:27:00
W02104,P0347,C0188,38,25,TV,2024-01-16 19:34:00
W02105,P0106,C0366,132,57,Tablet,2024-03-13 09:03:00
W02106,P0342,C0170,56,36,Tablet,2024-01-15 16:36:00
W02107,P0384,C0305,52,42,Mobile,2024-05-20 22:33:00
W02108,P0450,C0132,91,32,Tablet,2024-02-21 14:04:00
W02109,P0239,C0143,123,54,TV,2024-04-19 20:01:00
W02110,P0100,C0218,42,92,Mobile,2024-05-22 23:05:00
W02111,P0176,C0115,134,92,Mobile,2024-05-06 17:43:00
W02112,P0350,C0215,73,31,Tablet,2024-04-08 04:14:00
W02113,P0443,C0120,86,51,Mobile,2024-05-22 11:49:00
W02114,P0455,C0278,122,42,Laptop,2024-03-05 14:59:00
W02115,P0441,C0362,57,19,TV,2024-01-11 00:25:00
W02116,P0249,C0179,54,56,Laptop,2024-03-25 08:15:00
W02117,P0076,C0220,78,88,Mobile,2024-05-02 19:27:00
W02118,P0003,C0126,110,48,Tablet,2024-03-08 10:15:00
W02119,P0081,C0122,54,55,Laptop,2024-03-20 11:10:00
W02120,P0361,C0301,20,81,Laptop,2024-02-22 14:33:00
W02121,P0288,C0164,91,60,Laptop,2024-02-13 05:56:00
W02122,P0008,C0314,98,34,Tablet,2024-04-06 08:43:00
W02123,P0087,C0393,74,91,Tablet,2024-03-09 15:49:00
W02124,P0486,C0178,104,24,Mobile,2024-01-28 22:15:00
W02125,P0286,C0316,148,67,Tablet,2024-04-08 03:16:00
W02126,P0399,C0324,32,68,Laptop,2024-04-19 20:49:00
W02127,P0074,C0128,90,35,Mobile,2024-03-17 10:14:00
W02128,P0439,C0301,122,50,Tablet,2024-04-15 23:08:00
W02129,P0123,C0167,15,53,TV,2024-04-21 09:29:00
W02130,P0377,C0226,133,94,Tablet,2024-03-18 18:18:00
W02131,P0294,C0295,73,31,Tablet,2024-02-11 07:01:00
W02132,P0143,C0274,109,46,Mobile,2024-03-08 20:04:00
W02133,P0158,C0187,40,23,Mobile,2024-02-02 01:10:00
W02134,P0430,C0254,70,13,Mobile,2024-02-25 18:48:00
W02135,P0448,C0310,138,33,TV,2024-04-10 12:47:00
W02136,P0410,C0113,129,75,TV,2024-02-20 06:16:00
W02137,P0371,C0264,145,72,Tablet,2024-05-22 11:17:00
W02138,P0109,C0355,80,74,Tablet,2024-05-22 03:40:00
W02139,P0334,C0164,42,75,Mobile,2024-03-23 03:01:00
W02140,P0195,C0176,10,22,Mobile,2024-02-20 08:41:00
W02141,P0036,C0122,130,36,TV,2024-05-19 16:53:00
W02142,P0090,C0160,96,90,TV,2024-01-04 14:22:00
W02143,P0462,C0156,32,26,Mobile,2024-05-25 14:07:00
W02144,P0415,C0268,93,78,Tablet,2024-02-05 21:44:00
W02145,P0462,C0305,9,97,TV,2024-04-07 01:40:00
W02146,P0296,C0359,115,66,Mobile,2024-01-09 09:32:00
W02147,P0330,C0291,112,81,Mobile,2024-02-22 10:57:00
W02148,P0201,C0155,49,82,Mobile,2024-03-03 03:45:00
W02149,P0046,C0384,116,27,TV,2024-04-14 12:51:00
W02150,P0488,C0364,6,25,Tablet,2024-04-02 21:18:00
W02151,P0107,C0359,94,60,TV,2024-01-28 11:21:00
W02152,P0170,C0189,119,49,Tablet,2024-03-20 09:47:00
W02153,P0146,C0322,67,48,TV,2024-04-25 18:12:00
W02154,P0356,C0189,96,65,Mobile,2024-04-07 12:25:00
W02155,P0420,C0159,74,63,Mobile,2024-01-01 19:50:00
W02156,P0460,C0252,8,53,Laptop,2024-04-05 06:07:00
W02157,P0178,C0128,61,55,Mobile,2024-03-31 14:15:00
W02158,P0061,C0325,51,41,Tablet,2024-03-30 09:20:00
W02159,P0424,C0151,112,57,Mobile,2024-02-07 15:18:00
W02160,P0003,C0363,99,70,Laptop,2024-05-29 19:15:00
W02161,P0082,C0379,48,75,Mobile,2024-02-28 16:08:00
W02162,P0263,C0146,41,47,Mobile,2024-03-08 03:18:00
W02163,P0287,C0206,67,52,TV,2024-05-09 07:51:00
W02164,P0321,C0384,16,13,Tablet,2024-05-05 16:30:00
W02165,P0095,C0124,21,14,Laptop,2024-04-20 19:51:00
W02166,P0064,C0107,38,67,TV,2024-02-17 17:54:00
W02167,P0246,C0103,136,46,Laptop,2024-02-12 11:28:00
W02168,P0077,C0358,102,35,Mobile,2024-05-03 07:53:00
W02169,P0477,C0363,50,18,Laptop,2024-03-20 11:36:00
W02170,P0259,C0221,18,24,TV,2024-04-20 15:10:00
W02171,P0093,C0308,17,97,Mobile,2024-01-27 15:59:00
W02172,P0291,C0121,53,97,TV,2024-04-22 14:13:00
W02173,P0271,C0240,71,98,Tablet,2024-04-23 16:56:00
W02174,P0021,C0380,25,35,Tablet,2024-05-03 13:36:00
W02175,P0062,C0389,55,72,Tablet,2024-03-16 22:14:00
W02176,P0339,C0306,42,96,Laptop,2024-02-25 11:47:00
W02177,P0412,C0143,123,79,Tablet,2024-04-04 17:47:00
W02178,P0260,C0218,30,36,Laptop,2024-03-27 21:09:00
W02179,P0237,C0105,10,63,Laptop,2024-03-24 03:26:00
W02180,P0141,C0307,22,92,TV,2024-01-16 02:44:00
W02181,P0463,C0223,118,40,Mobile,2024-05-28 19:28:00
W02182,P0435,C0242,138,41,Mobile,2024-02-06 05:32:00
W02183,P0432,C0332,61,11,TV,2024-05-26 06:53:00
W02184,P0167,C0264,29,27,Tablet,2024-02-14 23:45:00
W02185,P0480,C0135,52,37,TV,2024-03-02 06:59:00
W02186,P0067,C0111,28,80,TV,2024-04-09 13:39:00
W02187,P0350,C0175,91,96,Mobile,2024-01-19 06:04:00
W02188,P0058,C0400,49,97,Laptop,2024-02-13 17:10:00
W02189,P0212,C0298,47,34,TV,2024-04-26 09:39:00
W02190,P0130,C0364,76,48,TV,2024-02-03 05:24:00
W02191,P0498,C0324,74,58,Laptop,2024-02-24 12:57:00
W02192,P0025,C0222,37,13,Mobile,2024-02-11 22:00:00
W02193,P0011,C0174,101,61,Tablet,2024-05-01 06:33:00
W02194,P0257,C0128,49,92,TV,2024-01-10 23:01:00
W02195,P0304,C0271,11,77,Tablet,2024-05-07 11:30:00
W02196,P0369,C0316,110,66,Tablet,2024-05-28 06:31:00
W02197,P0432,C0201,74,22,TV,2024-04-01 14:40:00
W02198,P0394,C0346,49,74,Tablet,2024-03-18 01:24:00
W02199,P0081,C0193,41,72,TV,2024-01-30 00:48:00
W02200,P0286,C0163,143,80,Laptop,2024-01-09 19:28:00
W02201,P0419,C0366,12,34,Laptop,2024-03-09 18:01:00
W02202,P0370,C0306,137,32,Laptop,2024-03-02 07:58:00
W02203,P0019,C0180,12,39,Laptop,2024-02-21 21:59:00
W02204,P0110,C0137,9,70,Mobile,2024-03-03 02:26:00
W02205,P0437,C0111,14,16,Laptop,2024-02-19 16:55:00
W02206,P0034,C0215,19,63,TV,2024-04-06 07:25:00
W02207,P0288,C0190,60,26,TV,2024-02-12 23:21:00
W02208,P0332,C0332,118,69,TV,2024-04-17 21:29:00
W02209,P0491,C0119,59,75,Tablet,2024-04-04 04:21:00
W02210,P0255,C0152,135,47,TV,2024-02-26 14:56:00
W02211,P0126,C0374,45,22,Mobile,2024-03-11 03:38:00
W02212,P0209,C0194,142,61,Mobile,2024-01-21 01:31:00
W02213,P0134,C0132,139,61,Mobile,2024-05-06 01:19:00
W02214,P0499,C0251,119,41,Mobile,2024-02-25 21:01:00
W02215,P0397,C0240,67,95,Mobile,2024-04-25 15:15:00
W02216,P0487,C0158,92,18,Mobile,2024-01-25 02:35:00
W02217,P0086,C0121,38,26,Laptop,2024-01-05 10:31:00
W02218,P0075,C0249,126,91,Mobile,2024-01-21 18:00:00
W02219,P0448,C0321,104,49,Tablet,2024-04-02 00:18:00
W02220,P0135,C0321,111,100,Mobile,2024-05-07 20:16:00
W02221,P0301,C0342,66,84,TV,2024-05-10 04:36:00
W02222,P0173,C0319,142,63,TV,2024-02-09 22:26:00
W02223,P0213,C0129,104,63,Tablet,2024-05-06 03:56:00
W02224,P0321,C0147,58,37,Mobile,2024-02-24 11:23:00
W02225,P0350,C0158,42,81,Laptop,2024-04-18 20:07:00
W02226,P0019,C0375,118,59,Laptop,2024-04-21 20:21:00
W02227,P0499,C0240,29,27,Laptop,2024-04-24 06:12:00
W02228,P0119,C0123,69,22,Laptop,2024-03-27 03:20:00
W02229,P0303,C0163,104,42,Mobile,2024-03-21 08:28:00
W02230,P0302,C0152,147,24,Tablet,2024-03-06 04:34:00
W02231,P0285,C0366,21,95,Laptop,2024-05-14 19:01:00
W02232,P0227,C0267,33,47,Mobile,2024-02-11 00:41:00
W02233,P0212,C0251,9,15,Mobile,2024-02-28 13:07:00
W02234,P0356,C0111,15,54,Mobile,2024-03-13 17:20:00
W02235,P0189,C0195,85,68,Mobile,2024-01-27 15:42:00
W02236,P0487,C0172,37,92,Mobile,2024-01-02 09:34:00
W02237,P0321,C0148,53,87,TV,2024-03-02 10:11:00
W02238,P0151,C0372,125,57,Mobile,2024-01-19 13:56:00
W02239,P0223,C0195,22,50,Mobile,2024-04-26 12:37:00
W02240,P0128,C0333,119,92,Mobile,2024-03-21 07:03:00
W02241,P0248,C0148,9,88,TV,2024-05-11 03:23:00
W02242,P0051,C0308,49,83,TV,2024-01-29 03:15:00
W02243,P0191,C0327,124,64,Tablet,2024-02-20 00:13:00
W02244,P0483,C0177,132,70,Tablet,2024-03-09 19:29:00
W02245,P0500,C0319,42,11,Mobile,2024-02-26 12:02:00
W02246,P0495,C0181,113,11,Laptop,2024-01-12 20:33:00
W02247,P0237,C0137,100,94,Mobile,2024-01-17 13:17:00
W02248,P0022,C0202,98,85,Tablet,2024-03-28 21:42:00
W02249,P0110,C0291,33,19,Laptop,2024-05-08 22:38:00
W02250,P0327,C0129,141,85,Laptop,2024-02-01 04:11:00
W02251,P0033,C0353,27,48,Tablet,2024-01-09 04:30:00
W02252,P0127,C0351,135,11,Mobile,2024-01-27 20:34:00
W02253,P0365,C0326,90,74,Tablet,2024-04-18 18:19:00
W02254,P0356,C0194,62,75,Laptop,2024-05-27 22:24:00
W02255,P0044,C0186,15,96,TV,2024-04-18 10:40:00
W02256,P0007,C0210,46,90,Mobile,2024-01-10 17:50:00
W02257,P0128,C0317,135,61,Tablet,2024-05-02 18:39:00
W02258,P0091,C0296,18,94,Tablet,2024-04-12 14:51:00
W02259,P0130,C0397,50,53,Tablet,2024-03-26 19:29:00
W02260,P0017,C0144,128,43,TV,2024-04-21 17:30:00
W02261,P0321,C0190,64,82,TV,2024-01-18 11:18:00
W02262,P0186,C0255,40,90,Mobile,2024-03-22 07:07:00
W02263,P0110,C0209,30,54,Mobile,2024-03-12 13:41:00
W02264,P0286,C0159,69,41,Mobile,2024-03-11 15:31:00
W02265,P0470,C0210,134,14,Tablet,2024-05-25 17:41:00
W02266,P0348,C0206,74,87,TV,2024-05-16 11:52:00
W02267,P0481,C0321,130,98,Mobile,2024-02-04 09:53:00
W02268,P0410,C0363,44,95,TV,2024-05-12 23:41:00
W02269,P0163,C0182,114,72,Laptop,2024-01-04 02:46:00
W02270,P0447,C0372,102,78,Mobile,2024-05-29 19:42:00
W02271,P0075,C0149,16,63,TV,2024-01-23 13:35:00
W02272,P0199,C0132,28,47,Mobile,2024-05-27 14:52:00
W02273,P0412,C0189,36,18,TV,2024-02-24 01:07:00
W02274,P0409,C0119,118,70,TV,2024-03-28 03:36:00
W02275,P0445,C0103,51,30,Tablet,2024-01-01 19:18:00
W02276,P0361,C0160,39,45,Laptop,2024-04-04 02:19:00
W02277,P0287,C0342,126,10,Mobile,2024-04-15 02:12:00
W02278,P0182,C0129,132,31,TV,2024-04-17 02:57:00
W02279,P0451,C0175,141,96,Mobile,2024-02-11 23:01:00
W02280,P0097,C0170,14,96,TV,2024-05-03 15:07:00
W02281,P0051,C0183,69,24,Laptop,2024-04-12 10:57:00
W02282,P0314,C0273,102,55,TV,2024-03-14 07:42:00
W02283,P0034,C0297,14,74,TV,2024-04-17 02:01:00
W02284,P0443,C0247,113,15,Mobile,2024-01-17 20:19:00
W02285,P0021,C0373,72,49,Laptop,2024-03-11 05:17:00
W02286,P0184,C0135,108,44,TV,2024-02-10 21:15:00
W02287,P0293,C0213,9,90,Mobile,2024-04-28 11:49:00
W02288,P0064,C0306,120,70,TV,2024-02-14 05:13:00
W02289,P0497,C0258,9,32,Mobile,2024-05-05 06:57:00
W02290,P0403,C0353,64,29,Laptop,2024-02-13 18:21:00
W02291,P0124,C0222,69,37,Tablet,2024-03-10 23:00:00
W02292,P0101,C0148,131,46,Laptop,2024-01-03 03:33:00
W02293,P0119,C0285,32,91,Mobile,2024-03-26 01:13:00
W02294,P0341,C0373,87,16,Laptop,2024-02-20 08:28:00
W02295,P0078,C0201,133,58,Mobile,2024-03-16 18:36:00
W02296,P0458,C0115,33,93,Mobile,2024-05-24 21:32:00
W02297,P0181,C0228,68,33,Laptop,2024-04-29 17:07:00
W02298,P0199,C0310,146,89,Tablet,2024-05-17 20:54:00
W02299,P0477,C0212,36,22,Laptop,2024-03-28 17:55:00
W02300,P0447,C0370,13,16,Mobile,2024-05-13 05:24:00
W02301,P0360,C0242,143,24,Tablet,2024-05-16 11:56:00
W02302,P0190,C0273,136,96,Mobile,2024-01-21 08:55:00
W02303,P0328,C0266,45,32,Tablet,2024-01-04 02:31:00
W02304,P0103,C0219,29,78,Laptop,2024-01-03 05:23:00
W02305,P0333,C0303,149,100,Laptop,2024-04-10 19:51:00
W02306,P0366,C0111,12,69,Mobile,2024-02-23 13:22:00
W02307,P0275,C0349,62,19,Tablet,2024-02-25 10:19:00
W02308,P0459,C0348,113,60,Mobile,2024-02-09 07:40:00
W02309,P0130,C0254,133,73,Tablet,2024-03-08 13:33:00
W02310,P0241,C0125,6,80,Mobile,2024-03-18 19:24:00
W02311,P0134,C0321,14,65,Laptop,2024-01-06 21:04:00
W02312,P0157,C0210,95,41,TV,2024-04-08 12:49:00
W02313,P0425,C0190,121,32,Mobile,2024-03-17 02:59:00
W02314,P0435,C0365,145,63,TV,2024-03-06 13:39:00
W02315,P0389,C0140,67,82,Laptop,2024-04-01 02:50:00
W02316,P0425,C0363,15,100,TV,2024-01-22 23:10:00
W02317,P0318,C0258,146,94,Tablet,2024-04-16 07:18:00
W02318,P0158,C0218,100,79,TV,2024-03-07 03:46:00
W02319,P0359,C0356,128,99,Mobile,2024-05-19 12:07:00
W02320,P0190,C0296,97,93,TV,2024-03-09 01:23:00
W02321,P0100,C0114,106,70,Tablet,2024-04-12 17:16:00
W02322,P0411,C0218,102,88,Laptop,2024-02-10 11:32:00
W02323,P0434,C0317,30,29,Tablet,2024-01-12 19:03:00
W02324,P0466,C0305,43,62,Mobile,2024-04-06 18:00:00
W02325,P0052,C0177,96,24,Tablet,2024-02-09 22:39:00
W02326,P0049,C0272,149,38,TV,2024-05-07 02:52:00
W02327,P0446,C0126,112,79,TV,2024-02-04 04:18:00
W02328,P0100,C0228,80,89,Tablet,2024-04-29 08:36:00
W02329,P0444,C0242,71,74,TV,2024-01-11 13:58:00
W02330,P0382,C0124,126,71,TV,2024-04-26 03:03:00
W02331,P0251,C0332,115,79,Mobile,2024-05-17 18:59:00
W02332,P0374,C0277,22,25,Mobile,2024-03-07 09:02:00
W02333,P0464,C0335,39,63,Mobile,2024-03-15 21:00:00
W02334,P0054,C0126,22,16,Laptop,2024-03-11 18:09:00
W02335,P0375,C0366,132,69,Laptop,2024-03-10 07:26:00
W02336,P0389,C0217,131,19,Mobile,2024-01-20 07:20:00
W02337,P0137,C0158,88,62,Tablet,2024-05-19 11:50:00
W02338,P0162,C0370,47,17,Tablet,2024-02-08 06:34:00
W02339,P0354,C0395,86,94,Tablet,2024-03-10 18:34:00
W02340,P0292,C0222,31,99,Mobile,2024-03-10 19:49:00
W02341,P0479,C0259,52,46,Laptop,2024-05-09 03:33:00
W02342,P0500,C0278,73,91,TV,2024-03-24 22:38:00
W02343,P0404,C0244,120,13,Tablet,2024-04-22 00:48:00
W02344,P0081,C0189,128,93,Mobile,2024-02-21 21:52:00
W02345,P0468,C0339,20,92,Mobile,2024-01-22 21:02:00
W02346,P0220,C0138,130,32,TV,2024-05-12 16:38:00
W02347,P0085,C0179,18,18,Laptop,2024-01-18 19:49:00
W02348,P0083,C0352,43,47,Laptop,2024-04-27 06:12:00
W02349,P0319,C0249,112,54,Mobile,2024-02-06 07:58:00
W02350,P0067,C0116,16,54,TV,2024-03-04 10:49:00
W02351,P0414,C0369,101,27,Laptop,2024-03-19 11:21:00
W02352,P0453,C0218,59,55,TV,2024-05-02 11:27:00
W02353,P0234,C0292,138,11,TV,2024-02-13 01:21:00
W02354,P0198,C0388,44,57,Mobile,2024-03-27 03:44:00
W02355,P0259,C0397,95,26,TV,2024-01-16 13:41:00
W02356,P0177,C0294,17,25,TV,2024-04-11 02:42:00
W02357,P0298,C0381,73,54,TV,2024-04-07 08:33:00
W02358,P0280,C0350,100,57,Tablet,2024-04-03 11:20:00
W02359,P0300,C0331,15,33,TV,2024-02-28 23:18:00
W02360,P0129,C0103,122,74,TV,2024-04-01 03:00:00
W02361,P0498,C0274,65,42,Mobile,2024-02-14 10:59:00
W02362,P0371,C0340,40,13,Laptop,2024-01-24 20:12:00
W02363,P0438,C0204,142,10,Laptop,2024-03-31 22:17:00
W02364,P0180,C0389,133,42,TV,2024-05-07 09:24:00
W02365,P0292,C0344,67,83,Mobile,2024-02-07 07:32:00
W02366,P0207,C0388,144,71,Mobile,2024-02-22 03:43:00
W02367,P0489,C0373,9,12,TV,2024-02-17 05:50:00
W02368,P0294,C0220,82,54,TV,2024-05-26 05:48:00
W02369,P0428,C0359,40,30,Laptop,2024-05-04 16:57:00
W02370,P0338,C0170,149,73,Laptop,2024-02-08 12:51:00
W02371,P0471,C0283,17,82,Laptop,2024-05-05 17:06:00
W02372,P0175,C0347,67,66,TV,2024-03-04 00:28:00
W02373,P0029,C0218,15,49,Laptop,2024-04-25 01:36:00
W02374,P0179,C0131,73,71,Mobile,2024-04-11 20:26:00
W02375,P0041,C0249,106,52,Tablet,2024-01-21 12:14:00
W02376,P0470,C0116,36,97,Tablet,2024-04-11 17:49:00
W02377,P0192,C0373,14,55,Tablet,2024-03-06 10:02:00
W02378,P0344,C0202,112,81,Mobile,2024-04-20 05:37:00
W02379,P0237,C0172,58,33,Tablet,2024-05-02 07:26:00
W02380,P0304,C0293,86,33,TV,2024-04-08 21:54:00
W02381,P0461,C0211,91,19,TV,2024-04-12 14:56:00
W02382,P0225,C0393,86,77,Tablet,2024-01-25 17:46:00
W02383,P0114,C0377,39,66,Tablet,2024-03-24 11:42:00
W02384,P0278,C0206,71,53,Laptop,2024-02-20 03:29:00
W02385,P0355,C0137,69,82,Mobile,2024-05-05 08:11:00
W02386,P0017,C0391,21,84,Laptop,2024-03-09 12:56:00
W02387,P0086,C0281,46,57,Mobile,2024-01-02 20:11:00
W02388,P0389,C0243,125,86,Laptop,2024-01-10 18:57:00
W02389,P0317,C0214,125,36,TV,2024-03-16 11:15:00
W02390,P0345,C0338,143,39,Mobile,2024-03-25 00:48:00
W02391,P0390,C0194,82,55,Tablet,2024-03-10 16:47:00
W02392,P0181,C0360,32,21,Mobile,2024-05-10 16:09:00
W02393,P0337,C0207,43,69,Mobile,2024-05-12 16:45:00
W02394,P0351,C0344,104,28,Laptop,2024-03-30 20:53:00
W02395,P0145,C0123,15,77,Tablet,2024-01-26 21:24:00
W02396,P0315,C0371,119,63,Laptop,2024-01-15 02:02:00
W02397,P0225,C0240,121,43,Tablet,2024-05-23 21:20:00
W02398,P0423,C0182,136,96,Laptop,2024-05-23 04:18:00
W02399,P0054,C0256,68,99,Tablet,2024-02-16 14:22:00
W02400,P0382,C0119,87,16,Mobile,2024-01-13 14:47:00
W02401,P0432,C0169,6,91,TV,2024-02-24 12:26:00
W02402,P0421,C0232,47,51,Tablet,2024-05-28 07:17:00
W02403,P0304,C0356,45,77,Laptop,2024-03-30 05:57:00
W02404,P0068,C0309,64,62,Mobile,2024-05-18 07:35:00
W02405,P0107,C0110,116,17,Laptop,2024-01-08 10:28:00
W02406,P0334,C0240,44,31,Mobile,2024-03-04 08:05:00
W02407,P0077,C0235,63,35,Mobile,2024-01-21 03:19:00
W02408,P0027,C0355,49,86,Tablet,2024-04-24 16:53:00
W02409,P0344,C0400,46,72,Laptop,2024-03-25 04:07:00
W02410,P0155,C0358,123,55,Mobile,2024-01-20 04:23:00
W02411,P0072,C0194,135,90,Laptop,2024-02-27 22:05:00
W02412,P0447,C0341,143,53,Mobile,2024-01-31 21:12:00
W02413,P0180,C0337,28,71,Tablet,2024-04-02 21:34:00
W02414,P0047,C0265,54,45,TV,2024-04-03 23:37:00
W02415,P0242,C0248,92,50,TV,2024-01-29 08:21:00
W02416,P0359,C0318,25,88,TV,2024-03-20 18:27:00
W02417,P0277,C0208,136,91,TV,2024-04-18 14:45:00
W02418,P0371,C0331,129,36,Tablet,2024-02-06 22:45:00
W02419,P0313,C0170,47,79,Tablet,2024-03-11 23:50:00
W02420,P0105,C0321,27,50,Tablet,2024-04-02 14:07:00
W02421,P0459,C0174,25,14,Laptop,2024-04-11 06:51:00
W02422,P0095,C0279,147,66,Mobile,2024-01-14 06:12:00
W02423,P0219,C0180,62,85,Mobile,2024-03-13 21:12:00
W02424,P0170,C0259,30,38,TV,2024-03-31 03:35:00
W02425,P0366,C0269,63,21,TV,2024-03-30 16:27:00
W02426,P0432,C0261,94,34,Mobile,2024-03-12 12:06:00
W02427,P0283,C0132,49,43,Mobile,2024-05-12 09:13:00
W02428,P0128,C0221,98,84,Mobile,2024-05-14 17:45:00
W02429,P0200,C0315,114,96,Tablet,2024-04-14 04:42:00
W02430,P0417,C0103,68,33,Tablet,2024-02-27 13:53:00
W02431,P0332,C0328,88,91,Tablet,2024-01-25 18:16:00
W02432,P0035,C0148,81,72,TV,2024-04-26 15:22:00
W02433,P0354,C0267,31,72,Tablet,2024-05-08 14:01:00
W02434,P0144,C0111,91,19,Mobile,2024-05-04 01:06:00
W02435,P0292,C0338,16,14,TV,2024-01-06 10:36:00
W02436,P0066,C0378,106,98,TV,2024-02-27 22:29:00
W02437,P0460,C0341,49,62,Tablet,2024-02-22 13:45:00
W02438,P0219,C0292,132,90,TV,2024-03-22 17:05:00
W02439,P0056,C0112,36,37,Mobile,2024-05-29 13:24:00
W02440,P0145,C0153,58,74,TV,2024-05-27 18:46:00
W02441,P0404,C0155,117,54,Laptop,2024-01-24 23:11:00
W02442,P0213,C0121,119,75,Mobile,2024-03-05 20:32:00
W02443,P0094,C0119,36,58,Mobile,2024-05-08 01:56:00
W02444,P0106,C0159,147,49,Tablet,2024-04-25 12:28:00
W02445,P0084,C0251,108,75,Mobile,2024-04-14 08:14:00
W02446,P0136,C0359,59,100,Mobile,2024-01-03 00:45:00
W02447,P0146,C0158,45,17,TV,2024-02-24 22:34:00
W02448,P0249,C0316,131,36,Laptop,2024-02-14 14:04:00
W02449,P0018,C0162,44,26,TV,2024-01-24 08:30:00
W02450,P0402,C0246,76,77,Laptop,2024-02-04 08:59:00
W02451,P0125,C0339,118,53,Mobile,2024-01-16 04:02:00
W02452,P0002,C0393,42,40,TV,2024-05-23 21:34:00
W02453,P0332,C0282,60,14,TV,2024-01-11 11:44:00
W02454,P0480,C0195,38,69,Tablet,2024-03-19 01:54:00
W02455,P0490,C0178,133,98,TV,2024-03-08 22:02:00
W02456,P0200,C0242,14,28,Laptop,2024-03-09 06:36:00
W02457,P0435,C0205,20,51,Laptop,2024-05-17 18:18:00
W02458,P0138,C0361,18,32,Mobile,2024-04-12 04:56:00
W02459,P0203,C0195,94,86,Tablet,2024-02-28 17:42:00
W02460,P0398,C0323,22,26,Tablet,2024-01-03 00:06:00
W02461,P0282,C0290,88,67,TV,2024-02-18 02:40:00
W02462,P0303,C0229,60,96,Mobile,2024-04-10 02:55:00
W02463,P0030,C0295,94,58,Laptop,2024-03-19 17:05:00
W02464,P0056,C0120,33,12,Tablet,2024-05-06 07:34:00
W02465,P0119,C0399,26,86,Mobile,2024-05-11 04:35:00
W02466,P0426,C0340,15,54,TV,2024-04-26 11:15:00
W02467,P0132,C0335,45,44,Tablet,2024-02-01 17:31:00
W02468,P0231,C0185,143,11,TV,2024-03-17 17:04:00
W02469,P0395,C0194,56,56,Laptop,2024-02-25 09:06:00
W02470,P0152,C0142,71,12,Laptop,2024-04-21 22:13:00
W02471,P0470,C0174,89,38,Mobile,2024-02-05 07:18:00
W02472,P0451,C0215,79,83,TV,2024-03-20 09:54:00
W02473,P0421,C0290,140,29,Mobile,2024-03-05 22:28:00
W02474,P0386,C0225,127,43,Laptop,2024-05-07 05:06:00
W02475,P0396,C0106,10,88,Tablet,2024-01-22 10:18:00
W02476,P0021,C0142,85,49,Laptop,2024-04-18 23:15:00
W02477,P0453,C0158,17,74,Mobile,2024-04-10 03:00:00
W02478,P0455,C0110,10,99,TV,2024-04-09 01:07:00
W02479,P0448,C0189,125,72,Laptop,2024-02-05 11:31:00
W02480,P0068,C0211,49,65,Mobile,2024-05-25 01:05:00
W02481,P0126,C0139,110,41,TV,2024-01-21 06:23:00
W02482,P0043,C0267,30,75,Mobile,2024-02-13 00:38:00
W02483,P0182,C0111,8,50,Laptop,2024-01-29 13:41:00
W02484,P0489,C0210,41,38,TV,2024-03-30 13:04:00
W02485,P0100,C0116,25,93,Laptop,2024-03-20 20:11:00
W02486,P0379,C0133,32,96,Laptop,2024-03-13 07:58:00
W02487,P0446,C0333,36,60,Laptop,2024-02-18 01:40:00
W02488,P0470,C0288,107,21,Laptop,2024-01-02 02:55:00
W02489,P0349,C0324,30,53,Laptop,2024-05-21 18:02:00
W02490,P0457,C0159,149,19,Mobile,2024-04-06 18:42:00
W02491,P0474,C0151,120,92,Tablet,2024-04-12 08:14:00
W02492,P0396,C0371,97,83,Tablet,2024-01-02 12:34:00
W02493,P0240,C0143,34,92,Laptop,2024-02-10 03:30:00
W02494,P0385,C0127,125,99,Laptop,2024-05-02 20:52:00
W02495,P0200,C0156,9,97,Laptop,2024-03-22 23:31:00
W02496,P0417,C0221,122,18,TV,2024-05-19 09:00:00
W02497,P0448,C0213,10,38,Laptop,2024-05-14 04:29:00
W02498,P0116,C0215,110,38,TV,2024-01-12 23:32:00
W02499,P0115,C0209,128,70,Mobile,2024-03-21 08:25:00
W02500,P0452,C0275,142,73,Tablet,2024-04-15 00:31:00
W02501,P0142,C0212,74,12,Laptop,2024-03-14 19:54:00
W02502,P0119,C0200,142,96,Tablet,2024-03-21 18:12:00
W02503,P0093,C0108,110,13,Mobile,2024-02-14 06:01:00
W02504,P0398,C0235,48,64,Tablet,2024-05-16 15:28:00
W02505,P0009,C0351,60,23,Mobile,2024-04-09 00:08:00
W02506,P0073,C0340,136,86,Laptop,2024-03-02 11:36:00
W02507,P0026,C0322,17,37,Mobile,2024-01-29 18:57:00
W02508,P0433,C0245,126,72,Laptop,2024-05-22 06:29:00
W02509,P0239,C0104,23,48,Tablet,2024-04-29 11:21:00
W02510,P0362,C0382,94,73,Mobile,2024-03-19 04:19:00
W02511,P0145,C0297,13,69,TV,2024-03-22 12:33:00
W02512,P0489,C0228,50,29,TV,2024-03-15 21:33:00
W02513,P0068,C0361,60,37,TV,2024-05-10 10:25:00
W02514,P0188,C0191,78,23,Laptop,2024-03-02 14:33:00
W02515,P0366,C0359,44,86,Mobile,2024-03-04 01:41:00
W02516,P0131,C0194,71,84,TV,2024-04-15 15:53:00
W02517,P0221,C0357,117,67,Laptop,2024-01-20 09:29:00
W02518,P0281,C0236,87,48,TV,2024-04-21 16:24:00
W02519,P0277,C0113,66,67,Tablet,2024-02-26 16:37:00
W02520,P0140,C0298,138,24,Tablet,2024-04-28 18:35:00
W02521,P0054,C0278,33,82,Tablet,2024-02-21 08:39:00
W02522,P0001,C0212,23,12,TV,2024-02-13 18:41:00
W02523,P0128,C0364,118,14,Laptop,2024-05-12 23:17:00
W02524,P0001,C0179,112,51,TV,2024-03-09 15:26:00
W02525,P0173,C0356,147,24,Laptop,2024-02-14 10:48:00
W02526,P0430,C0174,61,12,TV,2024-02-01 21:52:00
W02527,P0432,C0261,42,44,Laptop,2024-05-05 09:38:00
W02528,P0391,C0301,25,16,TV,2024-01-30 01:53:00
W02529,P0266,C0133,55,33,Mobile,2024-01-29 10:42:00
W02530,P0399,C0173,24,40,Mobile,2024-01-30 15:04:00
W02531,P0296,C0393,6,87,Laptop,2024-05-09 01:01:00
W02532,P0256,C0298,36,89,Tablet,2024-01-03 07:09:00
W02533,P0395,C0340,115,13,Tablet,2024-03-08 19:24:00
W02534,P0440,C0174,96,12,Tablet,2024-02-13 11:14:00
W02535,P0174,C0131,136,18,Laptop,2024-02-24 07:50:00
W02536,P0045,C0114,11,77,Mobile,2024-05-16 13:28:00
W02537,P0343,C0305,7,92,Laptop,2024-03-04 00:30:00
W02538,P0141,C0168,29,97,TV,2024-02-16 02:09:00
W02539,P0027,C0228,116,69,TV,2024-04-05 16:17:00
W02540,P0233,C0126,13,20,TV,2024-03-17 00:57:00
W02541,P0209,C0284,30,88,TV,2024-04-15 13:31:00
W02542,P0050,C0237,68,45,TV,2024-03-14 12:47:00
W02543,P0061,C0391,22,81,TV,2024-02-25 11:22:00
W02544,P0243,C0206,95,11,Tablet,2024-05-06 19:45:00
W02545,P0269,C0124,6,59,Tablet,2024-01-30 18:14:00
W02546,P0140,C0294,5,12,TV,2024-04-27 06:36:00
W02547,P0157,C0269,52,76,Laptop,2024-01-03 00:25:00
W02548,P0085,C0136,111,94,Mobile,2024-02-26 02:05:00
W02549,P0084,C0201,79,71,TV,2024-02-22 20:21:00
W02550,P0276,C0134,30,85,TV,2024-02-12 03:07:00
W02551,P0031,C0139,10,23,Laptop,2024-02-18 13:29:00
W02552,P0008,C0311,30,32,Tablet,2024-01-11 22:57:00
W02553,P0280,C0330,47,86,Laptop,2024-05-25 09:56:00
W02554,P0203,C0379,126,25,Mobile,2024-04-09 10:15:00
W02555,P0423,C0180,133,90,Mobile,2024-02-15 09:15:00
W02556,P0033,C0338,13,27,Laptop,2024-01-22 08:10:00
W02557,P0298,C0272,31,22,TV,2024-05-04 14:51:00
W02558,P0143,C0159,75,65,Tablet,2024-01-30 21:27:00
W02559,P0452,C0122,121,99,TV,2024-04-07 13:44:00
W02560,P0449,C0338,122,54,TV,2024-04-20 22:32:00
W02561,P0416,C0396,7,49,TV,2024-04-24 21:39:00
W02562,P0395,C0194,134,40,TV,2024-01-25 21:38:00
W02563,P0350,C0344,128,90,Tablet,2024-01-05 14:02:00
W02564,P0037,C0111,78,41,Laptop,2024-05-07 05:27:00
W02565,P0147,C0217,85,10,Mobile,2024-02-09 00:25:00
W02566,P0435,C0365,69,44,Mobile,2024-01-27 11:41:00
W02567,P0228,C0112,126,45,Tablet,2024-03-23 11:21:00
W02568,P0034,C0254,138,92,Laptop,2024-02-02 03:48:00
W02569,P0455,C0138,106,75,Tablet,2024-04-06 06:06:00
W02570,P0444,C0231,46,38,TV,2024-01-16 13:10:00
W02571,P0237,C0325,115,52,Tablet,2024-05-14 08:43:00
W02572,P0212,C0243,108,38,Laptop,2024-03-12 01:45:00
W02573,P0309,C0154,8,52,Mobile,2024-04-26 16:04:00
W02574,P0140,C0124,103,28,Tablet,2024-01-26 02:12:00
W02575,P0190,C0221,136,73,Mobile,2024-01-22 16:14:00
W02576,P0096,C0219,69,40,Mobile,2024-01-13 23:55:00
W02577,P0194,C0261,45,28,Mobile,2024-04-16 13:10:00
W02578,P0470,C0174,120,38,Laptop,2024-04-06 00:17:00
W02579,P0361,C0285,139,82,TV,2024-04-26 13:17:00
W02580,P0304,C0292,68,16,TV,2024-01-26 19:27:00
W02581,P0296,C0320,6,67,Laptop,2024-02-08 15:28:00
W02582,P0152,C0221,119,85,TV,2024-05-09 23:12:00
W02583,P0434,C0309,132,69,TV,2024-05-13 09:17:00
W02584,P0223,C0400,83,60,TV,2024-02-19 11:17:00
W02585,P0196,C0264,105,91,Tablet,2024-04-15 20:39:00
W02586,P0088,C0368,123,59,TV,2024-05-25 18:15:00
W02587,P0299,C0103,78,30,Tablet,2024-03-14 07:25:00
W02588,P0017,C0150,13,18,Mobile,2024-03-10 02:29:00
W02589,P0488,C0311,27,43,Tablet,2024-01-06 18:42:00
W02590,P0211,C0116,18,43,TV,2024-05-21 21:41:00
W02591,P0232,C0268,58,56,Laptop,2024-02-20 15:43:00
W02592,P0358,C0383,128,33,Mobile,2024-04-13 15:45:00
W02593,P0183,C0398,49,89,Mobile,2024-03-29 10:52:00
W02594,P0162,C0285,20,37,Tablet,2024-05-17 04:10:00
W02595,P0367,C0238,106,55,Laptop,2024-01-09 01:18:00
W02596,P0481,C0225,99,60,TV,2024-02-21 14:57:00
W02597,P0070,C0158,113,15,Tablet,2024-01-13 03:45:00
W02598,P0060,C0166,140,72,Tablet,2024-02-20 20:09:00
W02599,P0179,C0302,29,62,Mobile,2024-02-03 13:22:00
W02600,P0484,C0109,66,73,Tablet,2024-05-10 17:02:00
W02601,P0077,C0205,81,61,Laptop,2024-04-29 13:57:00
W02602,P0495,C0189,54,69,Tablet,2024-05-26 05:22:00
W02603,P0457,C0189,38,50,Tablet,2024-04-12 05:28:00
W02604,P0035,C0106,104,20,Laptop,2024-04-25 02:12:00
W02605,P0418,C0258,118,13,Tablet,2024-03-07 10:50:00
W02606,P0016,C0203,85,23,TV,2024-04-30 10:05:00
W02607,P0466,C0323,16,22,Tablet,2024-05-08 18:34:00
W02608,P0402,C0271,81,24,TV,2024-04-01 00:28:00
W02609,P0294,C0133,79,17,Laptop,2024-01-12 05:32:00
W02610,P0498,C0281,59,97,TV,2024-02-10 19:13:00
W02611,P0171,C0284,96,20,Laptop,2024-02-06 19:56:00
W02612,P0032,C0187,92,98,TV,2024-01-24 18:42:00
W02613,P0263,C0169,13,32,TV,2024-05-29 05:55:00
W02614,P0215,C0126,7,16,Laptop,2024-05-18 19:57:00
W02615,P0471,C0106,122,78,Laptop,2024-01-29 15:30:00
W02616,P0046,C0356,140,41,TV,2024-05-22 13:47:00
W02617,P0189,C0282,34,53,Laptop,2024-04-04 09:13:00
W02618,P0274,C0395,71,12,Mobile,2024-02-12 20:15:00
W02619,P0071,C0360,59,53,Tablet,2024-03-04 12:34:00
W02620,P0490,C0334,127,78,TV,2024-01-02 20:38:00
W02621,P0296,C0382,47,60,Mobile,2024-03-06 02:45:00
W02622,P0088,C0307,75,70,Mobile,2024-01-31 20:55:00
W02623,P0334,C0177,66,60,Mobile,2024-01-26 20:18:00
W02624,P0434,C0268,114,42,Laptop,2024-03-18 13:12:00
W02625,P0261,C0156,33,29,Tablet,2024-02-17 13:52:00
W02626,P0494,C0395,119,39,TV,2024-03-07 14:17:00
W02627,P0182,C0181,6,53,Tablet,2024-05-25 23:36:00
W02628,P0342,C0267,94,95,TV,2024-02-07 19:32:00
W02629,P0442,C0276,109,95,Tablet,2024-03-05 23:48:00
W02630,P0022,C0381,61,38,Tablet,2024-01-27 23:05:00
W02631,P0074,C0249,46,30,Mobile,2024-05-02 03:17:00
W02632,P0090,C0356,53,91,Laptop,2024-02-13 05:55:00
W02633,P0335,C0381,22,62,TV,2024-01-28 17:20:00
W02634,P0166,C0378,31,20,TV,2024-05-06 06:18:00
W02635,P0489,C0379,122,19,TV,2024-05-10 01:15:00
W02636,P0234,C0306,58,44,Mobile,2024-02-15 12:05:00
W02637,P0375,C0130,67,35,Mobile,2024-03-09 06:32:00
W02638,P0433,C0318,96,53,Mobile,2024-03-25 04:26:00
W02639,P0129,C0331,88,13,Mobile,2024-03-09 10:10:00
W02640,P0334,C0262,65,83,Mobile,2024-03-31 16:48:00
W02641,P0292,C0317,86,66,Tablet,2024-04-03 19:57:00
W02642,P0095,C0328,46,48,TV,2024-04-24 03:39:00
W02643,P0028,C0321,100,89,Tablet,2024-01-31 22:46:00
W02644,P0354,C0334,78,50,Mobile,2024-04-30 19:13:00
W02645,P0035,C0173,141,76,Laptop,2024-04-14 08:58:00
W02646,P0444,C0195,123,98,Mobile,2024-01-02 14:30:00
W02647,P0231,C0195,29,45,Mobile,2024-04-10 18:01:00
W02648,P0318,C0343,145,13,Mobile,2024-05-12 11:31:00
W02649,P0343,C0393,51,83,TV,2024-03-25 14:20:00
W02650,P0430,C0363,126,22,TV,2024-01-20 21:18:00
W02651,P0364,C0224,137,79,Laptop,2024-03-01 00:37:00
W02652,P0467,C0388,35,16,TV,2024-05-27 23:29:00
W02653,P0125,C0367,102,37,Mobile,2024-04-30 15:27:00
W02654,P0466,C0209,119,68,Laptop,2024-01-26 07:33:00
W02655,P0079,C0148,56,46,Laptop,2024-03-07 12:16:00
W02656,P0381,C0195,111,24,Laptop,2024-01-01 13:38:00
W02657,P0061,C0133,90,39,Mobile,2024-01-05 00:12:00
W02658,P0449,C0218,137,83,TV,2024-05-26 15:20:00
W02659,P0217,C0232,16,21,Tablet,2024-02-26 06:10:00
W02660,P0282,C0351,25,90,TV,2024-02-04 05:31:00
W02661,P0163,C0222,13,39,Tablet,2024-04-03 04:20:00
W02662,P0057,C0318,97,10,Mobile,2024-01-22 20:28:00
W02663,P0463,C0153,95,45,TV,2024-05-10 13:40:00
W02664,P0191,C0226,149,97,Mobile,2024-03-09 18:47:00
W02665,P0132,C0259,108,30,Mobile,2024-01-16 14:43:00
W02666,P0463,C0259,140,41,Laptop,2024-03-16 11:56:00
W02667,P0042,C0383,66,72,TV,2024-04-18 09:10:00
W02668,P0486,C0189,33,91,Laptop,2024-03-29 15:41:00
W02669,P0173,C0276,87,22,TV,2024-04-21 13:34:00
W02670,P0167,C0392,78,46,Mobile,2024-05-16 16:39:00
W02671,P0250,C0259,38,53,Laptop,2024-05-07 11:29:00
W02672,P0193,C0349,64,30,Mobile,2024-03-17 11:39:00
W02673,P0278,C0222,108,27,Tablet,2024-01-15 13:23:00
W02674,P0395,C0337,119,55,Mobile,2024-03-03 22:28:00
W02675,P0238,C0225,136,56,Tablet,2024-03-14 21:43:00
W02676,P0230,C0379,141,35,Tablet,2024-02-18 02:25:00
W02677,P0165,C0192,94,14,Laptop,2024-01-07 08:35:00
W02678,P0243,C0205,81,14,Laptop,2024-03-30 07:32:00
W02679,P0090,C0142,125,40,TV,2024-02-29 22:14:00
W02680,P0179,C0229,5,37,TV,2024-01-16 20:50:00
W02681,P0475,C0153,77,86,Laptop,2024-01-29 12:36:00
W02682,P0058,C0268,92,84,TV,2024-01-14 18:22:00
W02683,P0461,C0190,49,74,Mobile,2024-02-02 19:36:00
W02684,P0263,C0347,64,97,Mobile,2024-01-21 06:40:00
W02685,P0136,C0274,90,22,Mobile,2024-01-23 00:56:00
W02686,P0238,C0187,107,27,Mobile,2024-05-21 10:04:00
W02687,P0307,C0250,91,33,Mobile,2024-01-20 02:37:00
W02688,P0243,C0349,123,38,Tablet,2024-01-19 23:02:00
W02689,P0151,C0215,46,37,Mobile,2024-03-17 07:45:00
W02690,P0346,C0280,85,54,TV,2024-02-02 18:16:00
W02691,P0364,C0220,14,95,Laptop,2024-01-17 12:10:00
W02692,P0247,C0128,127,93,Laptop,2024-03-10 16:34:00
W02693,P0219,C0217,115,20,TV,2024-04-29 10:12:00
W02694,P0009,C0291,29,60,TV,2024-02-03 09:55:00
W02695,P0430,C0245,7,68,TV,2024-03-14 20:25:00
W02696,P0294,C0362,75,93,Laptop,2024-03-28 14:18:00
W02697,P0367,C0242,32,22,TV,2024-05-23 20:41:00
W02698,P0013,C0214,141,56,TV,2024-05-06 09:51:00
W02699,P0263,C0373,15,97,Tablet,2024-01-07 21:35:00
W02700,P0395,C0138,97,52,Tablet,2024-01-16 08:43:00
W02701,P0458,C0297,122,33,Tablet,2024-02-04 00:20:00
W02702,P0225,C0113,128,57,Laptop,2024-01-17 21:51:00
W02703,P0231,C0212,97,72,TV,2024-02-10 19:17:00
W02704,P0178,C0237,145,26,Mobile,2024-01-27 06:43:00
W02705,P0247,C0272,103,78,Laptop,2024-03-06 07:16:00
W02706,P0067,C0227,15,63,Tablet,2024-03-01 15:33:00
W02707,P0297,C0119,39,23,Tablet,2024-01-03 01:42:00
W02708,P0157,C0308,12,24,Laptop,2024-02-24 12:48:00
W02709,P0165,C0258,11,82,Laptop,2024-04-10 20:21:00
W02710,P0184,C0260,73,87,TV,2024-02-14 03:45:00
W02711,P0493,C0340,74,19,Laptop,2024-01-26 19:04:00
W02712,P0208,C0179,119,31,Mobile,2024-05-21 08:25:00
W02713,P0016,C0297,128,22,Mobile,2024-02-15 12:46:00
W02714,P0300,C0220,15,90,Laptop,2024-05-01 22:18:00
W02715,P0306,C0348,95,74,Mobile,2024-01-29 10:17:00
W02716,P0491,C0239,89,23,TV,2024-01-17 03:51:00
W02717,P0241,C0326,53,53,Laptop,2024-01-24 18:52:00
W02718,P0455,C0183,39,48,Mobile,2024-03-31 00:24:00
W02719,P0463,C0126,92,44,Tablet,2024-02-01 05:37:00
W02720,P0230,C0228,113,74,TV,2024-04-19 17:40:00
W02721,P0390,C0323,138,36,Laptop,2024-01-26 02:16:00
W02722,P0018,C0144,14,54,Laptop,2024-03-04 15:15:00
W02723,P0147,C0184,88,66,Laptop,2024-04-15 01:25:00
W02724,P0244,C0125,89,31,Tablet,2024-02-22 14:19:00
W02725,P0051,C0320,144,43,Mobile,2024-04-08 20:58:00
W02726,P0450,C0393,59,18,Laptop,2024-01-11 07:12:00
W02727,P0259,C0304,145,59,Mobile,2024-04-09 16:29:00
W02728,P0238,C0293,78,63,TV,2024-03-27 06:42:00
W02729,P0246,C0102,139,67,Tablet,2024-05-19 06:54:00
W02730,P0345,C0302,144,71,Tablet,2024-04-10 11:16:00
W02731,P0484,C0132,65,47,TV,2024-01-29 23:07:00
W02732,P0310,C0189,134,93,TV,2024-05-09 01:23:00
W02733,P0049,C0302,30,36,Laptop,2024-01-15 04:03:00
W02734,P0284,C0278,73,73,TV,2024-05-11 03:33:00
W02735,P0038,C0293,66,12,Tablet,2024-02-19 19:49:00
W02736,P0284,C0260,120,20,Mobile,2024-01-23 00:58:00
W02737,P0032,C0393,119,33,Mobile,2024-03-30 14:42:00
W02738,P0243,C0304,143,38,Mobile,2024-03-15 15:23:00
W02739,P0041,C0341,106,78,Mobile,2024-05-02 23:56:00
W02740,P0292,C0215,46,17,Mobile,2024-05-18 20:52:00
W02741,P0103,C0310,14,28,Mobile,2024-01-18 07:18:00
W02742,P0292,C0322,127,77,Tablet,2024-02-19 01:57:00
W02743,P0107,C0282,23,78,TV,2024-05-16 06:34:00
W02744,P0246,C0359,8,57,Tablet,2024-04-17 15:34:00
W02745,P0382,C0140,7,49,Laptop,2024-03-18 15:51:00
W02746,P0087,C0160,146,76,Mobile,2024-03-15 04:54:00
W02747,P0066,C0111,14,25,TV,2024-01-25 00:20:00
W02748,P0138,C0220,10,73,TV,2024-05-17 19:54:00
W02749,P0326,C0142,35,17,Mobile,2024-01-15 20:34:00
W02750,P0200,C0290,35,14,TV,2024-02-17 18:29:00
W02751,P0335,C0223,13,81,Mobile,2024-05-28 06:11:00
W02752,P0493,C0289,112,34,Laptop,2024-02-19 19:34:00
W02753,P0093,C0352,128,62,Mobile,2024-05-20 18:12:00
W02754,P0447,C0192,134,58,Laptop,2024-01-04 14:05:00
W02755,P0348,C0313,8,81,TV,2024-01-09 06:10:00
W02756,P0278,C0302,10,30,Tablet,2024-04-10 11:00:00
W02757,P0482,C0368,34,60,TV,2024-05-25 16:07:00
W02758,P0020,C0255,65,55,Tablet,2024-03-21 09:14:00
W02759,P0289,C0295,81,18,Mobile,2024-04-04 03:45:00
W02760,P0399,C0128,114,73,TV,2024-01-06 03:33:00
W02761,P0391,C0294,40,86,TV,2024-03-07 06:35:00
W02762,P0472,C0323,137,32,Laptop,2024-04-09 17:15:00
W02763,P0090,C0207,104,69,Mobile,2024-03-06 12:49:00
W02764,P0050,C0249,144,68,Tablet,2024-05-22 06:46:00
W02765,P0010,C0235,126,17,Mobile,2024-03-21 10:46:00
W02766,P0079,C0195,63,73,Laptop,2024-05-21 07:07:00
W02767,P0037,C0370,114,63,Laptop,2024-03-10 06:10:00
W02768,P0059,C0226,134,24,Laptop,2024-03-28 21:25:00
W02769,P0088,C0112,18,61,Mobile,2024-01-27 14:09:00
W02770,P0459,C0394,142,60,Laptop,2024-03-28 03:48:00
W02771,P0104,C0395,68,13,Mobile,2024-04-29 04:39:00
W02772,P0319,C0104,135,43,Laptop,2024-04-11 21:53:00
W02773,P0277,C0268,76,33,TV,2024-02-16 16:14:00
W02774,P0104,C0108,25,30,Tablet,2024-01-24 05:20:00
W02775,P0254,C0224,98,11,Mobile,2024-01-18 09:15:00
W02776,P0230,C0285,83,16,Tablet,2024-03-16 22:16:00
W02777,P0335,C0135,24,65,Mobile,2024-04-16 11:07:00
W02778,P0463,C0173,62,84,Mobile,2024-05-03 11:50:00
W02779,P0037,C0113,46,85,TV,2024-05-18 12:25:00
W02780,P0301,C0139,98,77,TV,2024-04-25 10:04:00
W02781,P0142,C0184,142,44,Mobile,2024-02-11 06:18:00
W02782,P0043,C0121,92,35,Laptop,2024-01-24 10:17:00
W02783,P0116,C0353,144,27,Mobile,2024-04-27 21:00:00
W02784,P0341,C0358,13,73,Mobile,2024-02-22 01:39:00
W02785,P0492,C0400,83,65,TV,2024-01-05 16:32:00
W02786,P0084,C0130,86,89,TV,2024-02-18 22:57:00
W02787,P0417,C0228,7,64,Tablet,2024-01-30 05:27:00
W02788,P0259,C0140,140,21,Tablet,2024-04-12 01:02:00
W02789,P0360,C0197,43,46,Laptop,2024-01-26 21:56:00
W02790,P0087,C0324,68,61,Tablet,2024-01-07 10:38:00
W02791,P0428,C0192,35,28,Tablet,2024-04-01 20:13:00
W02792,P0367,C0380,115,24,Tablet,2024-04-12 07:55:00
W02793,P0343,C0270,127,95,Laptop,2024-02-22 12:33:00
W02794,P0347,C0384,100,93,Mobile,2024-05-11 23:07:00
W02795,P0291,C0322,9,61,Mobile,2024-04-21 06:48:00
W02796,P0409,C0217,62,86,Laptop,2024-01-07 11:07:00
W02797,P0096,C0348,109,96,Mobile,2024-03-07 14:35:00
W02798,P0255,C0189,67,35,Tablet,2024-04-20 16:41:00
W02799,P0342,C0178,65,54,Tablet,2024-05-27 21:03:00
W02800,P0136,C0174,56,30,Tablet,2024-05-03 14:31:00
W02801,P0248,C0114,112,90,Tablet,2024-03-07 12:54:00
W02802,P0499,C0145,105,62,Mobile,2024-04-19 21:53:00
W02803,P0372,C0138,37,38,Laptop,2024-04-15 06:42:00
W02804,P0446,C0345,26,57,Laptop,2024-02-27 08:40:00
W02805,P0486,C0162,55,95,Laptop,2024-02-17 18:58:00
W02806,P0402,C0196,15,28,TV,2024-02-10 13:35:00
W02807,P0092,C0352,131,63,Laptop,2024-01-25 13:12:00
W02808,P0412,C0161,54,87,TV,2024-05-26 17:42:00
W02809,P0459,C0369,21,96,Laptop,2024-04-28 05:34:00
W02810,P0396,C0219,48,11,Tablet,2024-03-20 18:17:00
W02811,P0448,C0187,137,41,Laptop,2024-03-08 16:50:00
W02812,P0247,C0183,43,71,TV,2024-05-26 04:43:00
W02813,P0258,C0180,141,16,Tablet,2024-05-02 15:28:00
W02814,P0187,C0328,27,77,TV,2024-05-17 05:38:00
W02815,P0421,C0211,35,96,Mobile,2024-01-30 17:25:00
W02816,P0124,C0171,88,93,Mobile,2024-01-03 01:44:00
W02817,P0260,C0125,27,31,Mobile,2024-01-02 11:55:00
W02818,P0169,C0379,62,38,Tablet,2024-02-23 12:42:00
W02819,P0429,C0302,92,12,Tablet,2024-05-02 20:45:00
W02820,P0365,C0325,146,31,TV,2024-01-02 11:52:00
W02821,P0111,C0367,29,93,Tablet,2024-04-20 22:52:00
W02822,P0290,C0383,50,98,Laptop,2024-04-10 07:23:00
W02823,P0087,C0217,145,62,TV,2024-04-06 10:22:00
W02824,P0013,C0167,66,66,Laptop,2024-01-06 20:59:00
W02825,P0263,C0147,23,19,Tablet,2024-05-06 18:47:00
W02826,P0288,C0341,144,49,Laptop,2024-05-26 02:34:00
W02827,P0023,C0278,116,29,Tablet,2024-01-01 03:54:00
W02828,P0433,C0108,94,96,Tablet,2024-02-02 08:29:00
W02829,P0200,C0283,52,20,Laptop,2024-02-09 11:48:00
W02830,P0242,C0177,138,17,Mobile,2024-01-17 14:53:00
W02831,P0239,C0167,127,45,Tablet,2024-01-08 04:57:00
W02832,P0303,C0248,121,34,TV,2024-04-07 02:16:00
W02833,P0165,C0273,85,48,TV,2024-04-29 01:26:00
W02834,P0226,C0135,104,71,Mobile,2024-02-23 21:44:00
W02835,P0176,C0177,77,96,Laptop,2024-03-07 12:43:00
W02836,P0029,C0380,32,30,Mobile,2024-02-15 21:41:00
W02837,P0165,C0285,15,28,Laptop,2024-05-18 17:11:00
W02838,P0023,C0155,91,34,Mobile,2024-02-08 03:54:00
W02839,P0294,C0194,105,96,Tablet,2024-02-18 22:05:00
W02840,P0477,C0244,40,92,TV,2024-02-07 19:19:00
W02841,P0383,C0347,104,14,Mobile,2024-02-23 07:00:00
W02842,P0044,C0300,123,92,TV,2024-04-01 18:22:00
W02843,P0261,C0336,102,21,Laptop,2024-05-06 04:32:00
W02844,P0180,C0320,92,34,Mobile,2024-04-19 05:07:00
W02845,P0296,C0316,40,14,Mobile,2024-04-27 16:15:00
W02846,P0139,C0149,62,85,Mobile,2024-01-09 07:23:00
W02847,P0334,C0385,32,36,Mobile,2024-04-22 20:28:00
W02848,P0248,C0218,43,13,TV,2024-05-28 14:12:00
W02849,P0241,C0182,70,92,Tablet,2024-01-10 01:54:00
W02850,P0106,C0363,9,54,TV,2024-04-30 01:04:00
W02851,P0386,C0177,145,56,Tablet,2024-01-20 13:44:00
W02852,P0419,C0311,13,97,Mobile,2024-02-15 23:35:00
W02853,P0173,C0222,107,37,Tablet,2024-01-10 16:08:00
W02854,P0049,C0190,61,44,TV,2024-04-22 03:52:00
W02855,P0123,C0358,31,25,Mobile,2024-05-18 17:15:00
W02856,P0035,C0261,107,21,TV,2024-05-17 15:20:00
W02857,P0106,C0276,86,89,TV,2024-01-11 10:29:00
W02858,P0476,C0393,89,84,TV,2024-02-08 00:52:00
W02859,P0328,C0189,69,52,Tablet,2024-02-25 23:03:00
W02860,P0416,C0227,91,37,Mobile,2024-05-08 00:55:00
W02861,P0196,C0386,38,96,Mobile,2024-04-27 14:59:00
W02862,P0109,C0397,104,90,TV,2024-01-30 12:59:00
W02863,P0125,C0360,140,28,Laptop,2024-02-04 14:04:00
W02864,P0327,C0344,98,84,TV,2024-04-11 20:58:00
W02865,P0295,C0211,52,77,Tablet,2024-03-27 11:47:00
W02866,P0432,C0124,104,83,Tablet,2024-02-21 18:23:00
W02867,P0347,C0150,86,64,Mobile,2024-05-14 00:21:00
W02868,P0037,C0137,121,92,Laptop,2024-03-15 18:36:00
W02869,P0188,C0281,15,45,Tablet,2024-04-12 06:35:00
W02870,P0337,C0353,56,71,Mobile,2024-01-07 10:39:00
W02871,P0458,C0125,35,48,Laptop,2024-02-24 03:50:00
W02872,P0388,C0225,28,50,Laptop,2024-04-15 09:33:00
W02873,P0023,C0131,100,69,Mobile,2024-03-30 03:51:00
W02874,P0398,C0337,125,95,Tablet,2024-04-07 16:44:00
W02875,P0261,C0327,76,75,TV,2024-03-17 07:18:00
W02876,P0194,C0138,101,68,Tablet,2024-04-28 21:55:00
W02877,P0366,C0158,119,49,Tablet,2024-03-29 11:03:00
W02878,P0152,C0336,68,100,Tablet,2024-05-24 02:09:00
W02879,P0018,C0281,131,28,Mobile,2024-05-20 06:54:00
W02880,P0027,C0214,121,64,Mobile,2024-04-02 10:25:00
W02881,P0024,C0232,43,55,TV,2024-01-28 03:42:00
W02882,P0029,C0280,133,13,Tablet,2024-02-02 21:39:00
W02883,P0139,C0178,101,92,Tablet,2024-05-19 05:56:00
W02884,P0496,C0320,81,71,TV,2024-01-23 21:33:00
W02885,P0146,C0242,9,34,Laptop,2024-03-31 11:04:00
W02886,P0123,C0143,144,72,Laptop,2024-03-17 16:54:00
W02887,P0128,C0218,7,79,TV,2024-03-25 10:20:00
W02888,P0368,C0159,65,22,Tablet,2024-01-31 03:59:00
W02889,P0117,C0161,115,95,Mobile,2024-05-01 06:02:00
W02890,P0132,C0141,79,13,Tablet,2024-02-23 23:32:00
W02891,P0289,C0374,134,11,TV,2024-05-20 11:07:00
W02892,P0206,C0288,33,76,TV,2024-02-12 23:14:00
W02893,P0236,C0287,45,39,TV,2024-04-08 00:46:00
W02894,P0042,C0328,33,13,Mobile,2024-03-11 07:01:00
W02895,P0160,C0264,104,57,Tablet,2024-03-07 01:01:00
W02896,P0252,C0386,68,52,Mobile,2024-04-18 19:02:00
W02897,P0179,C0202,62,54,Laptop,2024-03-26 23:25:00
W02898,P0125,C0367,142,22,Tablet,2024-05-15 16:16:00
W02899,P0260,C0224,15,56,TV,2024-02-21 10:02:00
W02900,P0276,C0253,139,37,Tablet,2024-02-02 05:36:00
W02901,P0213,C0279,81,46,TV,2024-02-11 20:27:00
W02902,P0451,C0166,112,37,Mobile,2024-04-21 21:01:00
W02903,P0473,C0199,98,36,Tablet,2024-05-05 12:31:00
W02904,P0324,C0124,90,98,TV,2024-05-15 23:50:00
W02905,P0190,C0349,69,39,Mobile,2024-04-15 23:24:00
W02906,P0058,C0265,31,15,Tablet,2024-04-22 10:34:00
W02907,P0431,C0194,139,18,Tablet,2024-04-23 00:19:00
W02908,P0203,C0224,69,15,Laptop,2024-01-16 19:28:00
W02909,P0080,C0256,62,38,Tablet,2024-01-19 06:15:00
W02910,P0443,C0349,29,96,Laptop,2024-05-15 02:45:00
W02911,P0228,C0371,52,79,Tablet,2024-02-07 20:04:00
W02912,P0390,C0158,8,95,Laptop,2024-04-02 10:16:00
W02913,P0095,C0295,140,75,Mobile,2024-04-09 22:35:00
W02914,P0424,C0301,119,62,Tablet,2024-05-24 01:18:00
W02915,P0461,C0172,8,79,Mobile,2024-03-13 11:27:00
W02916,P0407,C0347,140,14,Tablet,2024-05-19 18:46:00
W02917,P0436,C0198,94,29,Tablet,2024-05-25 16:14:00
W02918,P0004,C0181,20,21,Tablet,2024-01-06 10:33:00
W02919,P0165,C0165,133,17,Tablet,2024-04-25 19:46:00
W02920,P0426,C0105,105,67,Tablet,2024-03-02 03:29:00
W02921,P0485,C0384,116,58,Tablet,2024-05-23 23:35:00
W02922,P0300,C0394,49,73,TV,2024-03-29 01:35:00
W02923,P0481,C0181,67,59,Tablet,2024-05-05 12:35:00
W02924,P0381,C0187,98,48,Laptop,2024-03-26 06:54:00
W02925,P0042,C0393,138,49,Tablet,2024-05-17 11:35:00
W02926,P0285,C0381,40,40,Mobile,2024-04-30 14:03:00
W02927,P0229,C0297,125,12,Laptop,2024-04-01 09:41:00
W02928,P0403,C0352,107,92,Laptop,2024-05-27 02:12:00
W02929,P0243,C0183,70,81,Laptop,2024-01-23 10:48:00
W02930,P0212,C0127,123,39,TV,2024-02-27 03:40:00
W02931,P0416,C0282,12,38,Tablet,2024-02-15 20:15:00
W02932,P0300,C0235,31,79,Mobile,2024-01-08 23:22:00
W02933,P0055,C0190,38,65,Mobile,2024-01-20 11:30:00
W02934,P0336,C0306,32,75,Mobile,2024-03-18 00:38:00
W02935,P0389,C0127,149,96,TV,2024-02-06 11:29:00
W02936,P0369,C0159,112,72,TV,2024-03-15 18:47:00
W02937,P0430,C0172,127,39,TV,2024-01-31 17:57:00
W02938,P0460,C0327,13,62,Tablet,2024-02-03 04:01:00
W02939,P0173,C0191,61,55,TV,2024-05-01 01:52:00
W02940,P0277,C0168,49,18,Mobile,2024-03-02 00:22:00
W02941,P0334,C0360,138,16,TV,2024-02-15 13:43:00
W02942,P0229,C0246,146,72,Mobile,2024-05-14 19:01:00
W02943,P0406,C0163,15,56,Laptop,2024-05-10 16:58:00
W02944,P0030,C0280,73,53,Mobile,2024-04-22 17:47:00
W02945,P0023,C0211,99,58,Laptop,2024-05-07 14:35:00
W02946,P0005,C0291,134,88,Tablet,2024-01-17 13:46:00
W02947,P0063,C0346,107,88,TV,2024-05-17 14:11:00
W02948,P0221,C0378,21,94,Tablet,2024-05-25 00:44:00
W02949,P0315,C0397,114,71,Tablet,2024-04-17 03:38:00
W02950,P0478,C0223,40,68,Tablet,2024-03-02 05:14:00
W02951,P0082,C0157,135,87,Laptop,2024-05-17 04:26:00
W02952,P0494,C0260,47,84,TV,2024-04-11 13:57:00
W02953,P0242,C0227,97,84,Tablet,2024-05-02 08:08:00
W02954,P0253,C0325,37,93,Tablet,2024-02-03 16:35:00
W02955,P0052,C0195,106,22,Mobile,2024-04-10 14:31:00
W02956,P0321,C0106,33,39,Mobile,2024-02-09 05:22:00
W02957,P0039,C0365,85,93,TV,2024-03-22 03:00:00
W02958,P0465,C0334,79,52,Mobile,2024-03-04 01:22:00
W02959,P0259,C0388,113,60,Laptop,2024-02-16 04:21:00
W02960,P0426,C0116,108,17,Laptop,2024-01-16 20:23:00
W02961,P0327,C0240,76,46,Laptop,2024-05-25 11:31:00
W02962,P0411,C0397,29,99,Tablet,2024-02-08 11:28:00
W02963,P0412,C0295,139,73,TV,2024-04-22 06:35:00
W02964,P0492,C0286,125,48,Laptop,2024-05-17 13:58:00
W02965,P0438,C0225,79,17,Laptop,2024-04-19 13:42:00
W02966,P0479,C0117,71,71,Laptop,2024-05-08 00:48:00
W02967,P0271,C0126,108,91,Laptop,2024-01-21 04:52:00
W02968,P0437,C0313,123,48,Laptop,2024-04-25 08:55:00
W02969,P0496,C0101,74,23,Laptop,2024-02-24 08:56:00
W02970,P0072,C0391,61,61,TV,2024-05-14 10:38:00
W02971,P0070,C0365,70,91,Laptop,2024-04-02 01:33:00
W02972,P0220,C0138,148,66,TV,2024-03-11 03:44:00
W02973,P0004,C0333,62,30,TV,2024-05-01 00:10:00
W02974,P0350,C0360,121,32,TV,2024-03-13 17:15:00
W02975,P0491,C0361,55,13,Laptop,2024-02-04 07:26:00
W02976,P0401,C0338,25,83,Laptop,2024-05-20 09:54:00
W02977,P0290,C0206,83,52,TV,2024-03-28 18:23:00
W02978,P0380,C0347,60,20,TV,2024-04-06 23:39:00
W02979,P0390,C0138,102,93,Laptop,2024-02-03 16:28:00
W02980,P0292,C0146,51,28,Mobile,2024-05-07 15:08:00
W02981,P0355,C0310,122,74,Mobile,2024-01-31 23:02:00
W02982,P0231,C0193,88,11,Mobile,2024-01-15 22:16:00
W02983,P0423,C0320,112,58,Laptop,2024-03-15 03:15:00
W02984,P0080,C0356,35,78,TV,2024-03-15 00:28:00
W02985,P0066,C0237,19,43,Mobile,2024-01-16 13:24:00
W02986,P0136,C0331,66,13,Tablet,2024-03-21 23:48:00
W02987,P0399,C0302,74,100,Tablet,2024-05-03 16:06:00
W02988,P0191,C0166,135,48,TV,2024-04-11 18:20:00
W02989,P0347,C0138,91,58,Tablet,2024-02-10 11:54:00
W02990,P0336,C0255,62,12,Laptop,2024-03-01 10:14:00
W02991,P0449,C0205,49,35,Tablet,2024-03-10 23:06:00
W02992,P0059,C0355,12,50,TV,2024-04-16 05:58:00
W02993,P0266,C0116,131,74,Mobile,2024-01-19 05:23:00
W02994,P0007,C0179,70,25,Laptop,2024-03-10 02:44:00
W02995,P0368,C0113,75,67,TV,2024-03-01 13:17:00
W02996,P0202,C0202,21,44,Laptop,2024-05-06 03:12:00
W02997,P0332,C0252,75,92,Mobile,2024-04-24 08:49:00
W02998,P0465,C0278,101,25,Mobile,2024-01-10 01:31:00
W02999,P0237,C0187,40,42,Mobile,2024-05-18 08:00:00
W03000,P0268,C0188,72,40,Laptop,2024-03-17 14:28:00
W03001,P0079,C0129,112,31,Tablet,2024-03-24 17:55:00
W03002,P0046,C0200,25,70,Laptop,2024-01-31 07:54:00
W03003,P0243,C0215,50,93,Mobile,2024-05-24 10:04:00
W03004,P0288,C0310,96,73,Laptop,2024-02-22 10:56:00
W03005,P0160,C0174,111,79,Laptop,2024-03-26 19:36:00
W03006,P0115,C0235,128,44,Tablet,2024-01-02 17:09:00
W03007,P0474,C0369,20,48,Mobile,2024-05-28 11:56:00
W03008,P0462,C0178,138,12,Tablet,2024-04-27 10:00:00
W03009,P0114,C0225,49,22,Mobile,2024-01-14 17:59:00
W03010,P0126,C0138,149,23,TV,2024-03-21 02:28:00
W03011,P0090,C0369,16,50,Mobile,2024-02-15 19:27:00
W03012,P0061,C0206,54,17,Laptop,2024-01-16 10:31:00
W03013,P0453,C0144,63,28,TV,2024-03-24 06:52:00
W03014,P0500,C0325,108,23,Laptop,2024-01-08 22:47:00
W03015,P0317,C0342,16,84,TV,2024-05-10 04:34:00
W03016,P0102,C0253,44,59,Laptop,2024-04-06 18:09:00
W03017,P0114,C0124,97,70,TV,2024-03-19 09:57:00
W03018,P0174,C0224,134,45,TV,2024-05-03 20:25:00
W03019,P0452,C0385,97,76,Laptop,2024-05-29 09:17:00
W03020,P0092,C0361,112,98,TV,2024-04-22 18:34:00
W03021,P0183,C0246,89,86,Laptop,2024-05-20 21:52:00
W03022,P0385,C0291,78,89,Tablet,2024-05-12 12:09:00
W03023,P0205,C0265,131,54,Laptop,2024-03-17 06:50:00
W03024,P0363,C0171,35,100,Tablet,2024-04-30 23:27:00
W03025,P0195,C0301,109,83,TV,2024-03-18 19:35:00
W03026,P0305,C0112,102,91,Mobile,2024-03-07 12:30:00
W03027,P0498,C0152,107,81,Tablet,2024-04-24 22:22:00
W03028,P0025,C0356,45,16,Mobile,2024-04-22 16:34:00
W03029,P0234,C0400,16,31,Mobile,2024-02-17 11:42:00
W03030,P0016,C0109,75,18,Laptop,2024-01-12 19:39:00
W03031,P0469,C0240,100,69,Laptop,2024-05-24 13:27:00
W03032,P0141,C0200,26,51,Mobile,2024-03-25 00:56:00
W03033,P0436,C0237,60,68,Laptop,2024-03-27 07:27:00
W03034,P0108,C0122,20,49,Mobile,2024-04-30 12:17:00
W03035,P0420,C0245,138,38,Laptop,2024-03-14 06:02:00
W03036,P0456,C0261,6,64,Laptop,2024-05-03 07:33:00
W03037,P0300,C0349,66,73,Laptop,2024-04-09 03:35:00
W03038,P0339,C0275,127,51,Mobile,2024-02-12 14:46:00
W03039,P0303,C0188,46,38,TV,2024-01-23 02:34:00
W03040,P0380,C0133,121,30,Laptop,2024-02-06 02:13:00
W03041,P0080,C0371,121,72,Laptop,2024-03-05 06:29:00
W03042,P0076,C0383,47,72,Mobile,2024-01-22 14:32:00
W03043,P0276,C0326,56,99,Tablet,2024-03-28 19:08:00
W03044,P0402,C0212,127,47,Mobile,2024-03-19 14:17:00
W03045,P0438,C0182,60,88,Laptop,2024-02-20 02:55:00
W03046,P0268,C0313,71,75,Laptop,2024-04-11 04:12:00
W03047,P0112,C0108,63,21,TV,2024-04-15 20:16:00
W03048,P0409,C0234,52,42,Laptop,2024-02-29 05:01:00
W03049,P0316,C0218,39,88,Tablet,2024-02-05 11:55:00
W03050,P0500,C0184,140,10,Laptop,2024-01-11 04:27:00
W03051,P0075,C0358,80,77,Laptop,2024-02-08 21:55:00
W03052,P0214,C0343,36,37,TV,2024-02-21 19:24:00
W03053,P0500,C0337,49,71,Tablet,2024-05-25 05:13:00
W03054,P0366,C0250,89,87,Tablet,2024-05-07 21:50:00
W03055,P0034,C0121,127,68,Laptop,2024-02-24 21:16:00
W03056,P0141,C0234,106,58,Tablet,2024-01-10 11:39:00
W03057,P0494,C0196,31,54,TV,2024-05-09 20:53:00
W03058,P0166,C0113,123,85,Mobile,2024-01-15 13:30:00
W03059,P0396,C0101,7,15,Laptop,2024-03-07 17:59:00
W03060,P0231,C0250,61,29,Laptop,2024-03-03 20:26:00
W03061,P0292,C0217,125,94,Tablet,2024-01-15 10:27:00
W03062,P0028,C0252,5,25,Laptop,2024-04-01 19:21:00
W03063,P0475,C0164,78,21,Laptop,2024-02-16 18:00:00
W03064,P0295,C0250,113,61,TV,2024-02-19 16:49:00
W03065,P0333,C0112,136,29,Mobile,2024-03-11 15:10:00
W03066,P0427,C0190,75,67,Mobile,2024-05-25 09:53:00
W03067,P0360,C0183,14,54,Tablet,2024-04-25 09:59:00
W03068,P0091,C0350,131,11,TV,2024-01-02 01:23:00
W03069,P0115,C0133,19,43,TV,2024-02-12 13:58:00
W03070,P0159,C0249,23,35,TV,2024-04-03 13:29:00
W03071,P0258,C0228,114,42,TV,2024-05-12 23:38:00
W03072,P0373,C0200,50,51,Laptop,2024-03-05 04:49:00
W03073,P0338,C0312,22,74,Tablet,2024-04-29 12:48:00
W03074,P0090,C0174,110,17,Tablet,2024-05-09 20:36:00
W03075,P0245,C0196,7,74,Laptop,2024-05-27 07:50:00
W03076,P0298,C0192,74,19,Tablet,2024-05-28 01:27:00
W03077,P0031,C0275,26,41,TV,2024-03-08 06:35:00
W03078,P0317,C0325,59,60,Laptop,2024-01-22 23:47:00
W03079,P0358,C0275,122,66,Laptop,2024-03-22 21:49:00
W03080,P0312,C0156,45,49,Mobile,2024-05-05 14:24:00
W03081,P0470,C0369,114,75,Laptop,2024-01-24 21:33:00
W03082,P0228,C0135,121,40,Mobile,2024-02-05 00:23:00
W03083,P0339,C0219,140,72,Laptop,2024-04-04 05:10:00
W03084,P0128,C0156,69,77,Tablet,2024-01-24 11:03:00
W03085,P0270,C0205,135,65,Mobile,2024-01-26 11:45:00
W03086,P0270,C0276,74,21,Mobile,2024-03-20 07:01:00
W03087,P0498,C0206,22,40,Mobile,2024-03-05 09:46:00
W03088,P0413,C0180,121,32,Mobile,2024-02-12 19:48:00
W03089,P0209,C0263,5,42,TV,2024-03-21 21:58:00
W03090,P0178,C0367,26,17,Laptop,2024-02-11 21:48:00
W03091,P0306,C0151,99,71,TV,2024-05-10 19:21:00
W03092,P0191,C0379,140,89,Tablet,2024-05-21 11:55:00
W03093,P0357,C0175,119,24,Laptop,2024-02-11 23:59:00
W03094,P0457,C0227,66,50,TV,2024-02-01 07:05:00
W03095,P0449,C0346,23,61,Laptop,2024-01-26 23:14:00
W03096,P0068,C0334,63,35,TV,2024-05-08 00:55:00
W03097,P0327,C0255,128,87,Tablet,2024-05-01 01:45:00
W03098,P0267,C0173,84,21,TV,2024-05-09 14:08:00
W03099,P0270,C0237,26,36,Tablet,2024-04-29 12:22:00
W03100,P0362,C0374,87,77,Mobile,2024-02-21 01:30:00
W03101,P0467,C0144,72,39,TV,2024-05-16 13:21:00
W03102,P0360,C0347,9,13,Mobile,2024-04-19 09:44:00
W03103,P0387,C0249,9,63,Tablet,2024-03-24 16:18:00
W03104,P0128,C0156,28,43,Mobile,2024-04-09 02:47:00
W03105,P0264,C0276,133,77,TV,2024-02-14 15:04:00
W03106,P0221,C0357,118,93,Laptop,2024-04-14 02:29:00
W03107,P0242,C0163,32,65,TV,2024-05-25 11:55:00
W03108,P0485,C0163,51,27,Mobile,2024-04-15 04:58:00
W03109,P0244,C0394,89,56,Mobile,2024-05-13 12:02:00
W03110,P0427,C0129,23,81,TV,2024-02-17 10:37:00
W03111,P0393,C0140,91,69,TV,2024-01-07 07:43:00
W03112,P0019,C0247,146,68,TV,2024-01-16 14:56:00
W03113,P0396,C0188,74,11,TV,2024-04-24 08:06:00
W03114,P0155,C0156,118,82,Tablet,2024-05-04 22:40:00
W03115,P0229,C0400,12,25,Laptop,2024-03-02 22:31:00
W03116,P0368,C0293,41,95,Mobile,2024-05-04 11:12:00
W03117,P0058,C0200,90,67,Tablet,2024-03-06 13:17:00
W03118,P0281,C0315,76,21,TV,2024-01-20 11:39:00
W03119,P0045,C0241,129,14,TV,2024-03-22 23:06:00
W03120,P0102,C0149,14,48,Tablet,2024-05-11 00:36:00
W03121,P0048,C0215,71,24,TV,2024-05-11 23:45:00
W03122,P0050,C0329,145,81,Mobile,2024-03-28 11:45:00
W03123,P0081,C0352,43,97,Mobile,2024-02-02 20:24:00
W03124,P0300,C0175,68,28,Mobile,2024-01-28 16:56:00
W03125,P0059,C0291,34,91,Tablet,2024-05-04 06:33:00
W03126,P0161,C0299,136,94,TV,2024-03-05 17:45:00
W03127,P0103,C0263,49,58,Tablet,2024-03-25 06:32:00
W03128,P0334,C0239,138,48,Mobile,2024-04-20 07:20:00
W03129,P0412,C0149,20,87,Tablet,2024-03-09 15:17:00
W03130,P0274,C0215,26,24,TV,2024-03-04 09:12:00
W03131,P0183,C0268,25,64,TV,2024-03-11 09:27:00
W03132,P0417,C0377,28,76,Laptop,2024-01-25 16:26:00
W03133,P0116,C0147,68,65,Laptop,2024-04-14 19:45:00
W03134,P0362,C0359,145,54,Laptop,2024-01-09 00:59:00
W03135,P0399,C0316,30,84,Mobile,2024-05-04 03:44:00
W03136,P0445,C0330,102,66,Laptop,2024-02-20 11:39:00
W03137,P0267,C0227,24,76,Mobile,2024-03-10 21:50:00
W03138,P0164,C0325,65,15,Tablet,2024-03-02 22:52:00
W03139,P0143,C0250,128,79,TV,2024-01-14 02:43:00
W03140,P0437,C0387,138,40,Tablet,2024-03-19 17:31:00
W03141,P0318,C0146,13,31,Laptop,2024-02-20 01:43:00
W03142,P0304,C0114,132,94,Laptop,2024-04-10 10:38:00
W03143,P0094,C0221,105,47,Mobile,2024-03-22 18:49:00
W03144,P0250,C0291,20,67,Mobile,2024-01-01 04:36:00
W03145,P0399,C0266,8,79,Tablet,2024-03-05 14:59:00
W03146,P0447,C0217,36,38,Tablet,2024-03-01 19:21:00
W03147,P0497,C0224,88,65,Laptop,2024-03-27 01:44:00
W03148,P0343,C0154,97,20,Mobile,2024-02-03 06:19:00
W03149,P0427,C0371,132,57,Mobile,2024-04-19 09:04:00
W03150,P0306,C0299,21,95,Tablet,2024-04-07 12:22:00
W03151,P0316,C0316,45,69,Mobile,2024-03-01 21:29:00
W03152,P0240,C0213,49,60,Tablet,2024-03-24 18:08:00
W03153,P0059,C0116,20,48,TV,2024-03-17 19:16:00
W03154,P0015,C0316,24,15,Laptop,2024-03-20 13:02:00
W03155,P0285,C0235,46,39,Mobile,2024-01-28 12:14:00
W03156,P0203,C0143,14,98,Mobile,2024-01-23 10:20:00
W03157,P0237,C0352,56,10,TV,2024-04-16 23:12:00
W03158,P0466,C0384,37,95,TV,2024-04-07 15:08:00
W03159,P0296,C0198,131,18,TV,2024-05-21 16:31:00
W03160,P0287,C0160,54,54,Tablet,2024-04-08 05:16:00
W03161,P0073,C0330,105,17,Tablet,2024-05-02 22:23:00
W03162,P0214,C0231,104,43,TV,2024-01-31 07:36:00
W03163,P0011,C0259,92,89,Laptop,2024-01-10 08:39:00
W03164,P0337,C0184,83,92,Laptop,2024-05-28 11:56:00
W03165,P0225,C0308,102,17,Mobile,2024-02-28 11:48:00
W03166,P0318,C0274,72,21,Tablet,2024-01-30 17:23:00
W03167,P0203,C0388,82,52,Laptop,2024-02-17 16:08:00
W03168,P0231,C0181,136,65,Mobile,2024-05-09 21:56:00
W03169,P0392,C0118,32,40,Laptop,2024-05-08 19:15:00
W03170,P0051,C0296,33,51,Tablet,2024-04-09 17:57:00
W03171,P0057,C0391,86,42,Laptop,2024-05-01 13:12:00
W03172,P0132,C0379,126,28,Laptop,2024-05-10 04:24:00
W03173,P0420,C0354,109,100,Tablet,2024-02-03 00:42:00
W03174,P0403,C0242,76,97,Mobile,2024-03-14 14:21:00
W03175,P0280,C0265,114,64,Mobile,2024-01-22 19:13:00
W03176,P0297,C0105,117,13,TV,2024-04-03 18:49:00
W03177,P0305,C0351,145,21,Mobile,2024-05-23 00:00:00
W03178,P0466,C0250,47,96,TV,2024-03-12 07:11:00
W03179,P0225,C0128,13,93,Tablet,2024-02-19 00:52:00
W03180,P0174,C0337,44,37,Mobile,2024-01-08 22:33:00
W03181,P0292,C0232,50,67,Tablet,2024-02-15 22:28:00
W03182,P0266,C0385,62,57,Mobile,2024-04-23 02:26:00
W03183,P0247,C0393,144,10,Laptop,2024-05-02 19:22:00
W03184,P0078,C0263,105,84,Mobile,2024-04-26 04:58:00
W03185,P0135,C0327,29,53,Laptop,2024-01-20 13:08:00
W03186,P0140,C0230,93,72,Mobile,2024-03-22 02:57:00
W03187,P0342,C0158,148,47,Tablet,2024-03-14 22:57:00
W03188,P0253,C0246,128,18,TV,2024-04-19 18:58:00
W03189,P0475,C0222,103,15,Mobile,2024-02-11 12:38:00
W03190,P0176,C0292,128,79,Tablet,2024-03-08 07:24:00
W03191,P0421,C0345,28,61,Laptop,2024-03-10 11:47:00
W03192,P0459,C0203,111,76,Laptop,2024-03-30 23:02:00
W03193,P0420,C0350,18,25,Laptop,2024-05-24 04:34:00
W03194,P0060,C0122,26,11,Laptop,2024-03-10 07:56:00
W03195,P0461,C0160,132,45,Tablet,2024-03-15 23:57:00
W03196,P0352,C0338,35,80,Mobile,2024-04-13 18:18:00
W03197,P0254,C0234,89,44,Laptop,2024-05-07 11:05:00
W03198,P0008,C0362,62,39,Laptop,2024-02-25 22:48:00
W03199,P0391,C0142,73,54,Mobile,2024-01-19 02:38:00
W03200,P0107,C0174,110,55,Tablet,2024-01-26 11:20:00
W03201,P0171,C0397,89,74,Laptop,2024-01-23 17:50:00
W03202,P0058,C0122,6,10,TV,2024-01-13 12:08:00
W03203,P0337,C0320,51,66,Tablet,2024-03-06 02:23:00
W03204,P0342,C0179,119,80,TV,2024-03-13 11:07:00
W03205,P0430,C0335,57,76,Tablet,2024-03-17 11:20:00
W03206,P0290,C0257,29,40,Laptop,2024-01-31 01:24:00
W03207,P0084,C0214,39,34,Tablet,2024-02-28 04:56:00
W03208,P0117,C0390,91,56,Tablet,2024-04-21 20:53:00
W03209,P0200,C0196,114,65,TV,2024-04-05 15:49:00
W03210,P0022,C0230,149,97,Tablet,2024-05-01 19:39:00
W03211,P0219,C0209,84,10,Tablet,2024-04-14 05:29:00
W03212,P0226,C0175,135,46,Laptop,2024-05-11 06:21:00
W03213,P0405,C0375,26,84,Mobile,2024-05-17 15:42:00
W03214,P0271,C0120,146,76,TV,2024-03-15 04:29:00
W03215,P0389,C0261,135,21,TV,2024-02-07 06:35:00
W03216,P0102,C0309,42,29,Mobile,2024-02-14 15:12:00
W03217,P0145,C0194,91,39,TV,2024-03-15 21:16:00
W03218,P0456,C0182,25,83,Laptop,2024-01-29 21:37:00
W03219,P0147,C0204,28,73,Tablet,2024-01-20 03:58:00
W03220,P0261,C0337,100,88,Tablet,2024-01-14 06:57:00
W03221,P0279,C0360,49,94,Laptop,2024-02-23 17:34:00
W03222,P0339,C0260,51,73,TV,2024-02-27 18:47:00
W03223,P0014,C0161,135,27,Tablet,2024-05-07 20:33:00
W03224,P0266,C0138,43,41,Mobile,2024-01-25 04:12:00
W03225,P0287,C0218,96,28,Tablet,2024-01-19 11:51:00
W03226,P0141,C0268,79,42,Laptop,2024-05-15 03:42:00
W03227,P0383,C0169,142,71,Tablet,2024-01-03 20:59:00
W03228,P0406,C0183,6,31,Laptop,2024-03-26 03:47:00
W03229,P0293,C0335,49,38,TV,2024-05-24 08:18:00
W03230,P0423,C0142,57,97,Mobile,2024-01-09 11:41:00
W03231,P0394,C0199,141,13,Laptop,2024-04-03 15:16:00
W03232,P0031,C0230,107,59,Mobile,2024-05-18 21:39:00
W03233,P0171,C0128,133,85,TV,2024-02-04 17:56:00
W03234,P0355,C0333,42,13,TV,2024-04-19 11:54:00
W03235,P0205,C0329,61,14,Laptop,2024-05-15 17:07:00
W03236,P0478,C0217,7,92,Tablet,2024-04-11 17:50:00
W03237,P0482,C0207,36,48,Mobile,2024-04-03 15:39:00
W03238,P0420,C0395,72,66,Tablet,2024-02-17 03:32:00
W03239,P0291,C0260,149,40,Mobile,2024-03-24 08:27:00
W03240,P0111,C0104,72,16,TV,2024-03-08 10:50:00
W03241,P0068,C0249,88,21,TV,2024-05-04 18:16:00
W03242,P0183,C0334,16,19,TV,2024-01-04 18:19:00
W03243,P0373,C0354,49,38,Tablet,2024-03-13 01:16:00
W03244,P0196,C0348,84,94,TV,2024-02-17 12:47:00
W03245,P0126,C0170,139,22,Tablet,2024-04-11 01:45:00
W03246,P0175,C0303,52,96,TV,2024-03-17 09:10:00
W03247,P0262,C0248,37,79,Tablet,2024-02-27 21:38:00
W03248,P0375,C0321,88,40,Laptop,2024-03-28 14:40:00
W03249,P0412,C0286,105,18,Laptop,2024-03-17 18:20:00
W03250,P0286,C0148,51,60,Mobile,2024-01-28 04:04:00
W03251,P0155,C0363,89,97,Tablet,2024-03-06 23:25:00
W03252,P0069,C0396,47,25,Tablet,2024-02-27 02:21:00
W03253,P0108,C0392,84,68,Laptop,2024-05-04 23:11:00
W03254,P0423,C0272,142,67,Laptop,2024-03-24 19:26:00
W03255,P0035,C0131,26,20,Laptop,2024-04-05 09:04:00
W03256,P0359,C0270,134,45,Mobile,2024-05-24 02:31:00
W03257,P0044,C0144,112,10,Laptop,2024-05-20 15:57:00
W03258,P0143,C0143,102,30,Mobile,2024-02-16 10:23:00
W03259,P0211,C0234,22,53,Mobile,2024-05-23 07:29:00
W03260,P0478,C0319,132,46,Laptop,2024-02-12 04:23:00
W03261,P0486,C0186,23,15,Laptop,2024-01-03 21:31:00
W03262,P0416,C0351,138,23,Laptop,2024-03-24 17:19:00
W03263,P0488,C0365,31,10,Tablet,2024-03-18 18:02:00
W03264,P0285,C0111,19,17,TV,2024-03-03 15:57:00
W03265,P0447,C0180,142,53,Tablet,2024-02-18 22:10:00
W03266,P0006,C0209,127,92,Mobile,2024-02-02 15:54:00
W03267,P0218,C0218,99,96,Mobile,2024-03-16 14:09:00
W03268,P0027,C0352,131,84,TV,2024-04-01 10:05:00
W03269,P0227,C0118,78,36,TV,2024-02-14 13:49:00
W03270,P0284,C0356,62,45,Laptop,2024-01-15 12:25:00
W03271,P0389,C0345,114,51,Tablet,2024-02-15 01:03:00
W03272,P0425,C0253,142,29,Tablet,2024-03-15 02:36:00
W03273,P0056,C0197,53,17,Tablet,2024-02-21 18:31:00
W03274,P0368,C0286,65,55,TV,2024-02-26 18:09:00
W03275,P0310,C0130,134,61,Tablet,2024-05-29 17:23:00
W03276,P0336,C0215,79,35,TV,2024-02-02 09:17:00
W03277,P0105,C0341,12,44,Tablet,2024-03-13 13:44:00
W03278,P0018,C0357,146,69,TV,2024-03-27 19:16:00
W03279,P0205,C0213,26,12,Tablet,2024-02-24 01:00:00
W03280,P0043,C0129,21,13,Mobile,2024-03-29 04:31:00
W03281,P0089,C0326,111,71,TV,2024-04-25 22:20:00
W03282,P0074,C0344,67,73,Laptop,2024-01-15 11:44:00
W03283,P0157,C0119,126,59,Mobile,2024-05-29 19:14:00
W03284,P0266,C0212,30,28,Mobile,2024-04-11 05:09:00
W03285,P0134,C0312,121,52,TV,2024-01-14 21:55:00
W03286,P0464,C0333,49,91,Tablet,2024-04-14 05:37:00
W03287,P0089,C0259,34,23,Tablet,2024-03-07 00:09:00
W03288,P0236,C0160,120,23,TV,2024-02-18 10:22:00
W03289,P0132,C0193,94,63,Tablet,2024-03-05 12:10:00
W03290,P0229,C0348,123,38,Tablet,2024-02-26 13:14:00
W03291,P0034,C0258,144,12,Tablet,2024-04-22 02:12:00
W03292,P0083,C0241,12,82,TV,2024-03-11 01:22:00
W03293,P0417,C0320,97,14,TV,2024-02-26 06:15:00
W03294,P0132,C0189,121,14,Laptop,2024-04-02 04:30:00
W03295,P0428,C0255,60,54,Tablet,2024-04-20 14:28:00
W03296,P0354,C0333,139,73,Tablet,2024-04-28 01:15:00
W03297,P0204,C0293,66,73,TV,2024-01-20 05:28:00
W03298,P0287,C0199,125,52,Laptop,2024-05-01 00:40:00
W03299,P0336,C0213,65,52,TV,2024-05-09 17:26:00
W03300,P0450,C0207,142,60,TV,2024-01-23 12:42:00
W03301,P0497,C0124,54,22,Laptop,2024-05-23 00:08:00
W03302,P0442,C0381,32,99,TV,2024-01-13 15:23:00
W03303,P0316,C0304,146,82,Mobile,2024-02-20 17:55:00
W03304,P0258,C0111,80,77,Laptop,2024-02-07 23:45:00
W03305,P0292,C0305,12,78,Tablet,2024-02-20 23:36:00
W03306,P0454,C0125,139,16,Tablet,2024-05-20 10:20:00
W03307,P0125,C0240,9,87,Laptop,2024-02-13 03:15:00
W03308,P0444,C0223,5,97,Tablet,2024-05-07 22:59:00
W03309,P0151,C0111,115,51,Mobile,2024-05-27 16:40:00
W03310,P0359,C0366,77,14,Tablet,2024-04-18 06:03:00
W03311,P0247,C0181,110,56,Laptop,2024-05-19 06:41:00
W03312,P0175,C0209,14,57,TV,2024-04-03 03:48:00
W03313,P0372,C0308,69,56,Laptop,2024-03-03 08:56:00
W03314,P0492,C0344,62,17,Laptop,2024-01-12 23:48:00
W03315,P0357,C0376,6,30,Mobile,2024-01-25 17:14:00
W03316,P0302,C0361,63,97,Tablet,2024-03-04 02:05:00
W03317,P0080,C0397,109,33,Laptop,2024-02-19 18:32:00
W03318,P0107,C0163,5,22,Tablet,2024-04-08 10:27:00
W03319,P0300,C0284,35,24,TV,2024-04-05 11:28:00
W03320,P0403,C0132,42,98,Laptop,2024-01-14 21:20:00
W03321,P0305,C0383,26,62,Laptop,2024-01-25 07:22:00
W03322,P0344,C0107,5,81,Tablet,2024-03-12 13:56:00
W03323,P0058,C0274,92,40,Mobile,2024-05-12 10:16:00
W03324,P0091,C0246,13,80,Mobile,2024-05-26 21:42:00
W03325,P0135,C0352,114,60,Tablet,2024-01-09 10:29:00
W03326,P0350,C0266,88,56,Laptop,2024-04-03 07:13:00
W03327,P0169,C0203,136,48,TV,2024-05-23 04:48:00
W03328,P0334,C0293,67,90,Mobile,2024-05-09 00:13:00
W03329,P0122,C0117,136,66,Mobile,2024-01-01 22:49:00
W03330,P0500,C0190,137,59,TV,2024-03-29 23:43:00
W03331,P0236,C0186,142,66,Mobile,2024-03-30 15:42:00
W03332,P0399,C0203,112,44,Tablet,2024-01-14 20:44:00
W03333,P0076,C0182,44,95,Laptop,2024-04-20 20:06:00
W03334,P0309,C0226,40,16,Mobile,2024-05-22 01:11:00
W03335,P0477,C0138,39,62,TV,2024-05-09 21:46:00
W03336,P0023,C0313,63,19,Tablet,2024-03-14 05:54:00
W03337,P0333,C0325,120,48,Tablet,2024-03-12 16:27:00
W03338,P0073,C0322,35,67,Tablet,2024-01-23 09:39:00
W03339,P0088,C0347,53,44,Tablet,2024-05-21 06:12:00
W03340,P0103,C0236,138,68,Laptop,2024-04-15 01:32:00
W03341,P0094,C0386,110,31,Tablet,2024-03-05 05:23:00
W03342,P0449,C0331,23,18,Tablet,2024-05-07 09:34:00
W03343,P0316,C0109,100,17,Tablet,2024-04-22 05:45:00
W03344,P0266,C0325,34,67,TV,2024-03-21 18:46:00
W03345,P0253,C0207,30,31,TV,2024-04-25 11:58:00
W03346,P0358,C0287,135,49,TV,2024-01-13 16:59:00
W03347,P0058,C0321,54,37,TV,2024-05-03 23:46:00
W03348,P0431,C0195,115,55,Mobile,2024-03-28 00:10:00
W03349,P0399,C0295,100,78,Tablet,2024-01-15 12:57:00
W03350,P0009,C0342,86,90,Mobile,2024-02-10 06:50:00
W03351,P0013,C0330,142,61,Mobile,2024-03-13 17:55:00
W03352,P0407,C0105,26,20,Mobile,2024-05-07 17:31:00
W03353,P0417,C0104,58,31,Laptop,2024-03-05 17:20:00
W03354,P0393,C0364,85,56,Tablet,2024-04-04 20:52:00
W03355,P0131,C0353,136,98,Tablet,2024-02-07 12:22:00
W03356,P0222,C0263,41,22,Mobile,2024-03-10 18:47:00
W03357,P0329,C0241,67,54,TV,2024-02-22 16:13:00
W03358,P0372,C0396,55,84,Laptop,2024-04-28 17:57:00
W03359,P0153,C0119,140,78,Mobile,2024-01-20 22:38:00
W03360,P0381,C0182,5,87,Mobile,2024-01-31 19:18:00
W03361,P0367,C0104,12,31,Laptop,2024-02-27 01:44:00
W03362,P0472,C0228,85,76,Mobile,2024-01-10 04:12:00
W03363,P0480,C0287,109,44,Tablet,2024-02-08 11:07:00
W03364,P0071,C0246,116,41,TV,2024-02-06 10:30:00
W03365,P0420,C0252,141,47,TV,2024-03-07 04:58:00
W03366,P0345,C0193,148,67,TV,2024-02-21 01:40:00
W03367,P0020,C0131,63,49,TV,2024-02-25 05:31:00
W03368,P0081,C0128,49,97,Mobile,2024-03-08 06:32:00
W03369,P0438,C0237,95,30,TV,2024-04-15 06:20:00
W03370,P0228,C0190,70,58,Mobile,2024-04-01 07:26:00
W03371,P0346,C0149,40,48,Tablet,2024-04-18 05:16:00
W03372,P0019,C0358,80,70,Mobile,2024-02-13 07:21:00
W03373,P0444,C0106,54,19,Mobile,2024-01-16 04:37:00
W03374,P0165,C0129,103,49,Mobile,2024-02-26 16:49:00
W03375,P0368,C0256,99,67,Laptop,2024-04-16 07:45:00
W03376,P0387,C0363,122,98,Laptop,2024-03-11 12:33:00
W03377,P0107,C0134,104,54,Laptop,2024-03-30 13:57:00
W03378,P0377,C0337,72,26,Tablet,2024-01-30 05:58:00
W03379,P0348,C0238,116,77,TV,2024-02-01 01:25:00
W03380,P0214,C0157,131,19,Mobile,2024-02-26 06:04:00
W03381,P0239,C0275,99,71,Mobile,2024-01-09 15:04:00
W03382,P0147,C0314,126,98,TV,2024-01-13 11:37:00
W03383,P0181,C0127,131,41,Laptop,2024-05-10 13:22:00
W03384,P0430,C0395,107,81,Tablet,2024-01-21 05:50:00
W03385,P0336,C0219,63,51,Mobile,2024-02-03 19:46:00
W03386,P0440,C0247,50,54,TV,2024-01-15 18:39:00
W03387,P0198,C0365,44,85,Laptop,2024-01-06 08:29:00
W03388,P0485,C0358,145,30,Tablet,2024-04-18 16:20:00
W03389,P0287,C0289,125,36,TV,2024-04-06 13:19:00
W03390,P0053,C0331,109,39,TV,2024-03-23 20:48:00
W03391,P0369,C0298,13,83,Mobile,2024-04-27 08:01:00
W03392,P0240,C0339,70,94,Tablet,2024-03-19 09:49:00
W03393,P0290,C0170,57,10,Tablet,2024-05-26 01:46:00
W03394,P0287,C0352,85,18,Laptop,2024-05-05 13:02:00
W03395,P0188,C0293,8,12,Laptop,2024-05-13 04:03:00
W03396,P0395,C0125,130,62,Mobile,2024-03-13 14:28:00
W03397,P0484,C0170,146,51,Tablet,2024-04-07 15:33:00
W03398,P0006,C0256,109,28,Laptop,2024-01-26 20:33:00
W03399,P0283,C0246,140,15,Tablet,2024-04-01 16:54:00
W03400,P0263,C0319,101,16,TV,2024-03-13 22:12:00
W03401,P0049,C0149,96,52,TV,2024-03-18 14:19:00
W03402,P0352,C0294,82,89,TV,2024-03-28 21:16:00
W03403,P0200,C0140,87,45,Tablet,2024-01-13 04:58:00
W03404,P0060,C0185,74,77,Mobile,2024-03-16 17:54:00
W03405,P0033,C0104,40,91,Laptop,2024-01-19 02:28:00
W03406,P0303,C0390,88,91,Mobile,2024-05-01 20:34:00
W03407,P0244,C0347,133,48,Mobile,2024-01-24 08:57:00
W03408,P0172,C0105,145,52,Mobile,2024-04-29 01:21:00
W03409,P0207,C0326,144,46,Mobile,2024-04-09 15:24:00
W03410,P0375,C0250,79,37,Laptop,2024-01-17 17:47:00
W03411,P0283,C0338,104,59,TV,2024-03-01 02:02:00
W03412,P0478,C0248,149,48,TV,2024-04-02 11:47:00
W03413,P0022,C0203,57,11,TV,2024-03-14 23:52:00
W03414,P0047,C0275,71,46,Tablet,2024-03-07 18:54:00
W03415,P0349,C0336,14,75,Tablet,2024-01-02 18:32:00
W03416,P0489,C0134,50,28,Laptop,2024-01-26 11:51:00
W03417,P0432,C0272,87,78,Laptop,2024-04-08 08:58:00
W03418,P0158,C0106,121,53,Laptop,2024-03-29 19:29:00
W03419,P0258,C0385,8,22,TV,2024-01-01 20:12:00
W03420,P0143,C0325,61,31,Laptop,2024-04-12 14:58:00
W03421,P0047,C0153,42,16,TV,2024-02-10 11:16:00
W03422,P0027,C0357,144,11,TV,2024-02-20 04:30:00
W03423,P0455,C0159,35,71,Mobile,2024-01-08 09:09:00
W03424,P0027,C0346,134,87,Tablet,2024-04-23 22:42:00
W03425,P0469,C0107,133,98,Tablet,2024-02-25 16:25:00
W03426,P0397,C0314,85,99,Laptop,2024-04-12 22:37:00
W03427,P0439,C0178,29,14,Mobile,2024-03-23 13:17:00
W03428,P0145,C0289,9,29,Laptop,2024-01-05 14:46:00
W03429,P0075,C0316,52,63,Laptop,2024-01-31 12:22:00
W03430,P0187,C0383,146,85,Tablet,2024-01-23 18:52:00
W03431,P0010,C0161,56,72,Mobile,2024-02-09 00:05:00
W03432,P0121,C0161,78,45,Laptop,2024-02-07 11:20:00
W03433,P0289,C0315,103,90,Laptop,2024-04-09 13:14:00
W03434,P0462,C0145,71,25,Laptop,2024-03-09 13:44:00
W03435,P0165,C0272,123,66,TV,2024-01-17 04:03:00
W03436,P0382,C0321,107,73,Tablet,2024-03-11 16:26:00
W03437,P0264,C0195,37,19,TV,2024-02-16 12:40:00
W03438,P0161,C0144,149,60,Laptop,2024-03-19 17:16:00
W03439,P0391,C0328,38,36,Mobile,2024-05-18 23:23:00
W03440,P0418,C0162,117,16,TV,2024-04-18 22:45:00
W03441,P0327,C0319,55,100,TV,2024-04-01 20:44:00
W03442,P0391,C0189,40,50,Laptop,2024-03-13 17:49:00
W03443,P0297,C0212,17,85,TV,2024-01-18 03:27:00
W03444,P0118,C0307,89,22,Mobile,2024-04-02 02:03:00
W03445,P0484,C0303,17,75,Mobile,2024-01-10 22:32:00
W03446,P0311,C0397,36,12,Tablet,2024-01-31 00:59:00
W03447,P0263,C0133,137,20,Tablet,2024-05-10 14:45:00
W03448,P0084,C0315,16,14,Mobile,2024-01-14 07:21:00
W03449,P0146,C0112,41,69,Mobile,2024-05-22 17:05:00
W03450,P0493,C0102,72,11,TV,2024-01-24 13:51:00
W03451,P0171,C0249,110,86,Tablet,2024-04-09 10:25:00
W03452,P0489,C0242,97,73,TV,2024-01-24 19:48:00
W03453,P0334,C0390,45,22,Mobile,2024-03-31 02:46:00
W03454,P0424,C0307,60,63,Tablet,2024-01-26 18:08:00
W03455,P0309,C0292,73,21,TV,2024-04-29 08:35:00
W03456,P0014,C0352,15,27,Tablet,2024-01-01 12:26:00
W03457,P0149,C0304,141,27,Laptop,2024-02-19 06:34:00
W03458,P0369,C0146,117,26,Laptop,2024-03-14 03:06:00
W03459,P0251,C0361,32,48,Laptop,2024-03-02 22:40:00
W03460,P0057,C0166,26,95,Laptop,2024-02-25 10:22:00
W03461,P0347,C0250,89,22,Laptop,2024-01-21 02:20:00
W03462,P0302,C0170,10,54,Tablet,2024-01-09 02:18:00
W03463,P0410,C0102,30,28,Mobile,2024-03-10 06:24:00
W03464,P0347,C0129,148,97,TV,2024-04-27 03:17:00
W03465,P0408,C0356,18,28,Mobile,2024-02-25 16:21:00
W03466,P0133,C0161,39,30,Mobile,2024-02-06 14:18:00
W03467,P0170,C0200,46,33,Mobile,2024-04-23 16:13:00
W03468,P0102,C0244,57,39,TV,2024-05-07 05:24:00
W03469,P0476,C0292,104,57,Laptop,2024-02-05 04:47:00
W03470,P0106,C0370,17,44,Tablet,2024-03-04 16:06:00
W03471,P0171,C0399,15,68,Tablet,2024-02-17 11:53:00
W03472,P0128,C0304,144,26,Mobile,2024-03-21 15:25:00
W03473,P0250,C0345,101,57,Tablet,2024-05-28 00:59:00
W03474,P0032,C0131,90,64,TV,2024-05-20 04:16:00
W03475,P0216,C0152,57,18,Mobile,2024-03-05 03:58:00
W03476,P0262,C0343,13,86,TV,2024-02-02 00:37:00
W03477,P0330,C0363,75,23,Mobile,2024-01-25 06:49:00
W03478,P0494,C0274,21,35,Laptop,2024-02-28 16:27:00
W03479,P0244,C0200,14,61,Tablet,2024-04-10 06:22:00
W03480,P0451,C0161,127,94,Tablet,2024-02-10 19:41:00
W03481,P0391,C0288,43,53,TV,2024-02-26 17:51:00
W03482,P0285,C0107,114,93,Tablet,2024-03-12 07:12:00
W03483,P0290,C0289,93,20,Mobile,2024-02-25 09:36:00
W03484,P0263,C0183,98,60,Laptop,2024-01-12 01:08:00
W03485,P0337,C0383,111,51,Tablet,2024-05-13 13:12:00
W03486,P0333,C0224,38,71,Laptop,2024-01-01 11:11:00
W03487,P0314,C0257,37,44,TV,2024-05-10 00:48:00
W03488,P0085,C0187,16,73,Laptop,2024-05-26 05:15:00
W03489,P0415,C0248,91,27,Tablet,2024-01-02 19:28:00
W03490,P0329,C0170,97,23,Tablet,2024-04-19 06:59:00
W03491,P0045,C0176,111,58,TV,2024-03-01 14:03:00
W03492,P0303,C0214,14,78,TV,2024-05-27 07:13:00
W03493,P0333,C0103,129,26,Laptop,2024-05-10 00:56:00
W03494,P0465,C0334,23,30,Laptop,2024-02-19 16:03:00
W03495,P0200,C0267,27,23,TV,2024-02-06 00:45:00
W03496,P0201,C0199,132,12,Tablet,2024-01-15 06:56:00
W03497,P0329,C0224,89,40,Laptop,2024-03-20 02:18:00
W03498,P0168,C0145,111,98,TV,2024-05-27 03:49:00
W03499,P0240,C0387,103,56,Laptop,2024-01-24 10:36:00
W03500,P0372,C0206,63,53,TV,2024-04-27 18:23:00
W03501,P0286,C0394,78,26,Tablet,2024-04-03 12:17:00
W03502,P0190,C0234,6,99,Laptop,2024-03-05 01:27:00
W03503,P0071,C0108,52,90,Laptop,2024-03-28 11:52:00
W03504,P0145,C0128,10,65,Mobile,2024-05-24 23:25:00
W03505,P0359,C0371,47,92,Mobile,2024-03-29 08:58:00
W03506,P0486,C0323,149,36,Tablet,2024-03-14 01:00:00
W03507,P0389,C0108,131,80,TV,2024-01-31 20:42:00
W03508,P0209,C0234,83,99,Mobile,2024-01-12 13:33:00
W03509,P0360,C0129,125,78,Mobile,2024-02-01 19:43:00
W03510,P0378,C0215,124,11,Tablet,2024-03-01 09:17:00
W03511,P0385,C0134,33,89,TV,2024-03-25 18:23:00
W03512,P0208,C0107,82,71,Tablet,2024-05-14 16:26:00
W03513,P0465,C0140,62,84,Laptop,2024-02-21 07:52:00
W03514,P0222,C0162,74,96,Laptop,2024-04-21 21:55:00
W03515,P0287,C0186,13,15,TV,2024-02-23 06:22:00
W03516,P0163,C0313,43,74,Mobile,2024-01-17 08:12:00
W03517,P0365,C0216,126,27,Tablet,2024-03-15 15:25:00
W03518,P0072,C0165,63,64,Tablet,2024-04-14 23:49:00
W03519,P0240,C0397,48,76,Laptop,2024-04-26 14:39:00
W03520,P0414,C0270,69,66,Tablet,2024-04-24 13:33:00
W03521,P0127,C0216,15,28,Mobile,2024-04-22 10:43:00
W03522,P0487,C0216,95,83,TV,2024-03-20 05:35:00
W03523,P0085,C0321,88,93,Tablet,2024-04-30 02:26:00
W03524,P0015,C0150,9,20,Mobile,2024-05-01 01:20:00
W03525,P0248,C0179,118,93,TV,2024-05-29 06:14:00
W03526,P0482,C0120,109,64,Tablet,2024-02-27 01:02:00
W03527,P0312,C0137,20,46,Tablet,2024-04-09 22:25:00
W03528,P0444,C0359,11,95,TV,2024-05-24 11:19:00
W03529,P0283,C0193,48,13,Tablet,2024-03-25 07:40:00
W03530,P0002,C0287,30,22,Tablet,2024-05-23 06:18:00
W03531,P0074,C0301,40,79,Tablet,2024-01-02 06:03:00
W03532,P0064,C0388,96,67,Laptop,2024-03-12 10:37:00
W03533,P0261,C0148,16,11,TV,2024-02-26 05:36:00
W03534,P0347,C0353,94,69,Laptop,2024-05-20 21:38:00
W03535,P0324,C0146,72,98,TV,2024-01-07 15:04:00
W03536,P0239,C0331,112,41,Laptop,2024-02-23 10:15:00
W03537,P0397,C0195,108,72,Tablet,2024-03-26 09:32:00
W03538,P0337,C0318,92,69,Mobile,2024-03-27 12:49:00
W03539,P0341,C0140,99,35,TV,2024-01-31 18:23:00
W03540,P0279,C0303,130,99,Mobile,2024-01-11 12:45:00
W03541,P0353,C0216,34,31,TV,2024-05-07 06:30:00
W03542,P0434,C0191,67,83,TV,2024-05-07 11:27:00
W03543,P0380,C0158,7,96,Tablet,2024-05-05 00:46:00
W03544,P0463,C0110,106,13,TV,2024-04-16 07:43:00
W03545,P0462,C0356,96,25,Tablet,2024-01-19 02:02:00
W03546,P0201,C0349,52,72,Tablet,2024-05-13 14:00:00
W03547,P0492,C0106,12,51,Tablet,2024-02-19 14:08:00
W03548,P0293,C0288,139,42,Laptop,2024-04-04 00:22:00
W03549,P0286,C0335,41,22,Laptop,2024-02-23 12:45:00
W03550,P0221,C0283,75,55,Tablet,2024-02-28 19:47:00
W03551,P0407,C0387,86,22,Mobile,2024-01-03 13:45:00
W03552,P0162,C0223,116,42,Mobile,2024-02-26 10:56:00
W03553,P0448,C0258,107,23,TV,2024-03-30 05:10:00
W03554,P0183,C0113,25,17,Mobile,2024-02-14 16:11:00
W03555,P0455,C0154,38,99,TV,2024-01-01 08:52:00
W03556,P0373,C0377,31,95,TV,2024-01-21 00:51:00
W03557,P0265,C0143,12,55,TV,2024-03-22 19:54:00
W03558,P0498,C0367,22,10,Laptop,2024-03-07 04:59:00
W03559,P0132,C0209,144,68,Tablet,2024-01-10 13:51:00
W03560,P0322,C0266,55,69,Mobile,2024-03-09 18:11:00
W03561,P0120,C0206,140,58,Tablet,2024-01-28 17:54:00
W03562,P0380,C0151,51,89,Tablet,2024-01-04 09:50:00
W03563,P0219,C0304,60,70,Laptop,2024-01-17 10:19:00
W03564,P0417,C0143,143,32,TV,2024-03-14 16:41:00
W03565,P0160,C0383,146,14,Tablet,2024-01-23 02:08:00
W03566,P0300,C0185,83,94,TV,2024-02-04 08:20:00
W03567,P0109,C0317,18,59,Laptop,2024-02-28 08:11:00
W03568,P0238,C0258,104,45,Tablet,2024-01-01 18:10:00
W03569,P0293,C0227,7,29,Mobile,2024-02-06 07:46:00
W03570,P0475,C0291,126,52,Tablet,2024-01-29 10:00:00
W03571,P0476,C0366,11,17,Laptop,2024-04-09 03:08:00
W03572,P0067,C0160,43,99,Laptop,2024-05-01 06:27:00
W03573,P0316,C0383,119,50,Tablet,2024-01-14 06:56:00
W03574,P0187,C0162,114,34,Mobile,2024-05-29 02:55:00
W03575,P0036,C0226,69,16,TV,2024-05-10 14:12:00
W03576,P0049,C0272,29,95,Tablet,2024-01-21 20:52:00
W03577,P0256,C0163,35,70,Tablet,2024-01-26 00:40:00
W03578,P0435,C0360,90,42,Mobile,2024-05-01 20:50:00
W03579,P0107,C0116,142,78,Mobile,2024-02-07 09:59:00
W03580,P0008,C0279,81,47,Laptop,2024-01-11 09:00:00
W03581,P0236,C0201,141,21,TV,2024-02-29 07:30:00
W03582,P0178,C0276,126,53,TV,2024-03-01 19:30:00
W03583,P0242,C0293,12,62,Tablet,2024-01-22 05:33:00
W03584,P0041,C0373,101,23,TV,2024-04-22 14:50:00
W03585,P0357,C0361,23,80,Laptop,2024-05-21 00:43:00
W03586,P0245,C0275,34,61,Laptop,2024-05-23 05:32:00
W03587,P0113,C0334,13,61,Mobile,2024-05-19 00:54:00
W03588,P0365,C0400,87,55,Mobile,2024-02-20 14:29:00
W03589,P0256,C0316,51,89,Laptop,2024-01-29 05:24:00
W03590,P0166,C0347,94,50,Mobile,2024-03-20 17:34:00
W03591,P0342,C0121,5,11,Laptop,2024-04-21 09:17:00
W03592,P0078,C0343,135,58,Mobile,2024-04-06 11:56:00
W03593,P0207,C0388,5,87,Tablet,2024-02-21 07:51:00
W03594,P0311,C0380,127,37,TV,2024-03-14 09:48:00
W03595,P0366,C0344,141,41,Laptop,2024-05-10 09:23:00
W03596,P0196,C0263,139,85,Mobile,2024-03-27 16:31:00
W03597,P0402,C0246,34,86,Laptop,2024-05-20 12:16:00
W03598,P0321,C0167,81,31,Tablet,2024-03-09 19:03:00
W03599,P0064,C0203,85,51,Laptop,2024-03-07 09:32:00
W03600,P0140,C0225,17,38,Mobile,2024-03-11 11:42:00
W03601,P0374,C0217,17,88,Mobile,2024-01-30 05:11:00
W03602,P0425,C0351,46,77,Laptop,2024-02-22 12:54:00
W03603,P0042,C0326,128,42,Laptop,2024-04-06 16:04:00
W03604,P0373,C0288,105,55,Mobile,2024-04-22 07:35:00
W03605,P0444,C0287,82,18,Tablet,2024-05-11 15:29:00
W03606,P0306,C0176,111,47,Tablet,2024-04-30 20:20:00
W03607,P0209,C0373,40,89,Tablet,2024-02-07 10:33:00
W03608,P0467,C0249,39,35,TV,2024-01-26 14:56:00
W03609,P0420,C0295,60,52,TV,2024-01-04 17:42:00
W03610,P0304,C0384,91,62,TV,2024-02-23 08:31:00
W03611,P0455,C0144,9,36,Laptop,2024-02-02 03:19:00
W03612,P0073,C0270,125,20,TV,2024-01-20 08:47:00
W03613,P0392,C0194,91,35,Laptop,2024-05-28 21:11:00
W03614,P0153,C0324,102,87,Tablet,2024-05-06 20:41:00
W03615,P0135,C0378,139,66,Mobile,2024-03-27 18:25:00
W03616,P0362,C0138,11,10,TV,2024-03-02 13:18:00
W03617,P0264,C0370,8,20,Mobile,2024-02-11 00:11:00
W03618,P0216,C0335,112,39,TV,2024-03-05 14:00:00
W03619,P0209,C0211,132,97,TV,2024-05-10 18:58:00
W03620,P0204,C0268,36,13,Mobile,2024-05-16 01:45:00
W03621,P0110,C0154,32,95,Tablet,2024-01-16 14:05:00
W03622,P0031,C0227,8,81,Tablet,2024-05-04 06:26:00
W03623,P0012,C0375,113,89,Tablet,2024-05-20 14:57:00
W03624,P0127,C0142,12,42,Mobile,2024-04-21 10:38:00
W03625,P0313,C0141,146,42,Laptop,2024-01-21 13:34:00
W03626,P0194,C0150,34,83,Mobile,2024-05-29 03:22:00
W03627,P0140,C0259,135,75,Laptop,2024-03-25 02:46:00
W03628,P0027,C0282,134,13,Tablet,2024-05-07 07:47:00
W03629,P0046,C0281,14,96,Laptop,2024-03-12 13:29:00
W03630,P0135,C0266,74,60,Tablet,2024-01-09 07:52:00
W03631,P0317,C0332,123,36,Tablet,2024-01-02 04:34:00
W03632,P0442,C0306,75,42,Tablet,2024-01-20 08:09:00
W03633,P0058,C0150,148,93,Tablet,2024-03-10 08:48:00
W03634,P0013,C0246,74,86,Mobile,2024-05-03 01:28:00
W03635,P0437,C0398,95,84,TV,2024-04-03 18:27:00
W03636,P0100,C0245,124,92,TV,2024-05-10 01:26:00
W03637,P0449,C0116,39,41,TV,2024-02-20 19:37:00
W03638,P0049,C0185,128,76,Mobile,2024-01-08 16:16:00
W03639,P0291,C0316,116,86,Tablet,2024-04-30 16:32:00
W03640,P0094,C0152,106,37,Tablet,2024-01-04 14:13:00
W03641,P0095,C0136,134,95,Tablet,2024-05-07 16:25:00
W03642,P0145,C0207,136,66,TV,2024-04-19 17:40:00
W03643,P0072,C0319,86,28,Tablet,2024-03-11 17:34:00
W03644,P0451,C0398,108,40,Laptop,2024-05-04 21:31:00
W03645,P0379,C0354,45,93,Mobile,2024-01-11 05:43:00
W03646,P0010,C0168,60,62,Tablet,2024-03-12 02:45:00
W03647,P0162,C0287,59,97,Tablet,2024-03-26 17:22:00
W03648,P0214,C0224,131,41,Tablet,2024-04-25 16:19:00
W03649,P0004,C0130,79,18,Laptop,2024-01-14 09:04:00
W03650,P0224,C0285,84,60,Tablet,2024-01-10 03:11:00
W03651,P0381,C0389,132,92,TV,2024-03-04 09:39:00
W03652,P0029,C0153,136,32,Tablet,2024-04-01 10:36:00
W03653,P0302,C0277,49,34,TV,2024-03-20 18:02:00
W03654,P0203,C0233,88,55,TV,2024-04-06 08:15:00
W03655,P0430,C0177,12,53,Tablet,2024-01-19 11:00:00
W03656,P0077,C0160,111,75,Laptop,2024-01-22 21:28:00
W03657,P0059,C0191,121,76,TV,2024-01-09 07:36:00
W03658,P0445,C0398,13,37,Tablet,2024-01-27 04:32:00
W03659,P0196,C0380,35,87,Tablet,2024-02-14 17:11:00
W03660,P0322,C0299,39,33,Laptop,2024-05-25 19:06:00
W03661,P0418,C0218,22,65,Tablet,2024-02-02 03:23:00
W03662,P0107,C0283,28,59,Mobile,2024-01-06 08:36:00
W03663,P0342,C0155,90,12,Mobile,2024-03-20 11:28:00
W03664,P0389,C0371,52,32,Mobile,2024-03-22 13:52:00
W03665,P0009,C0105,146,43,Tablet,2024-03-23 19:19:00
W03666,P0020,C0201,64,18,TV,2024-05-10 17:28:00
W03667,P0149,C0386,97,91,Laptop,2024-03-09 11:19:00
W03668,P0383,C0153,26,68,Tablet,2024-03-22 11:29:00
W03669,P0017,C0318,34,75,TV,2024-04-26 18:38:00
W03670,P0012,C0386,147,31,Tablet,2024-02-02 10:22:00
W03671,P0476,C0340,25,44,Mobile,2024-05-25 14:52:00
W03672,P0082,C0314,104,40,Mobile,2024-01-16 08:14:00
W03673,P0067,C0204,16,99,TV,2024-02-07 12:26:00
W03674,P0133,C0322,139,87,TV,2024-03-03 23:11:00
W03675,P0444,C0289,107,57,TV,2024-03-29 19:43:00
W03676,P0053,C0199,39,62,Laptop,2024-02-07 13:39:00
W03677,P0436,C0197,72,84,TV,2024-01-29 02:23:00
W03678,P0206,C0173,134,41,Mobile,2024-03-16 10:56:00
W03679,P0432,C0356,24,94,Mobile,2024-03-04 05:44:00
W03680,P0474,C0331,51,96,Laptop,2024-01-13 11:35:00
W03681,P0403,C0270,88,97,Tablet,2024-01-05 04:27:00
W03682,P0233,C0257,16,21,TV,2024-01-03 00:32:00
W03683,P0401,C0322,57,71,Laptop,2024-04-30 20:37:00
W03684,P0054,C0199,21,12,Tablet,2024-02-19 06:32:00
W03685,P0487,C0320,22,15,Tablet,2024-01-29 00:38:00
W03686,P0490,C0344,108,21,TV,2024-03-31 19:56:00
W03687,P0068,C0359,76,62,Mobile,2024-01-17 17:59:00
W03688,P0490,C0294,109,29,TV,2024-02-15 01:06:00
W03689,P0291,C0250,88,15,TV,2024-05-21 13:54:00
W03690,P0344,C0255,56,93,Mobile,2024-01-23 16:38:00
W03691,P0169,C0122,41,23,Mobile,2024-04-03 03:56:00
W03692,P0397,C0216,127,65,Mobile,2024-02-23 19:21:00
W03693,P0161,C0213,101,50,Tablet,2024-03-17 09:12:00
W03694,P0015,C0311,104,58,Tablet,2024-04-07 11:34:00
W03695,P0191,C0124,124,74,TV,2024-05-07 20:52:00
W03696,P0015,C0383,54,93,Laptop,2024-03-01 09:57:00
W03697,P0287,C0392,51,95,TV,2024-04-27 09:20:00
W03698,P0363,C0156,22,40,Laptop,2024-01-02 20:01:00
W03699,P0412,C0366,126,37,TV,2024-05-02 05:41:00
W03700,P0010,C0154,30,21,TV,2024-03-17 18:02:00
W03701,P0057,C0208,124,25,TV,2024-01-12 04:19:00
W03702,P0199,C0302,75,44,Tablet,2024-04-26 01:34:00
W03703,P0161,C0302,47,53,TV,2024-05-04 00:40:00
W03704,P0263,C0318,51,77,Laptop,2024-05-02 04:13:00
W03705,P0389,C0343,89,19,Tablet,2024-01-07 12:07:00
W03706,P0474,C0278,47,12,TV,2024-03-09 01:08:00
W03707,P0381,C0161,132,40,Mobile,2024-03-21 09:01:00
W03708,P0253,C0136,11,61,Tablet,2024-03-13 21:25:00
W03709,P0119,C0146,36,74,Mobile,2024-03-29 20:31:00
W03710,P0080,C0195,92,14,TV,2024-03-06 04:25:00
W03711,P0124,C0144,69,14,Laptop,2024-05-23 04:52:00
W03712,P0313,C0326,62,75,Mobile,2024-03-17 18:20:00
W03713,P0072,C0246,96,24,Mobile,2024-02-01 16:44:00
W03714,P0470,C0369,38,74,Tablet,2024-02-16 10:21:00
W03715,P0482,C0113,94,30,Mobile,2024-04-29 02:33:00
W03716,P0168,C0125,70,80,TV,2024-01-10 06:54:00
W03717,P0284,C0361,102,20,Tablet,2024-04-06 19:40:00
W03718,P0494,C0228,54,99,Mobile,2024-01-05 18:20:00
W03719,P0036,C0139,28,51,Laptop,2024-01-01 16:22:00
W03720,P0312,C0257,135,75,Tablet,2024-05-10 09:38:00
W03721,P0175,C0285,118,70,Laptop,2024-01-15 20:55:00
W03722,P0199,C0274,14,69,Laptop,2024-04-02 09:01:00
W03723,P0116,C0286,138,23,Tablet,2024-04-12 14:09:00
W03724,P0424,C0381,102,14,Mobile,2024-03-15 07:06:00
W03725,P0315,C0174,56,40,Mobile,2024-02-29 08:05:00
W03726,P0427,C0395,54,57,Laptop,2024-02-09 23:56:00
W03727,P0220,C0116,114,41,Mobile,2024-03-14 14:48:00
W03728,P0379,C0288,62,66,Tablet,2024-05-26 04:18:00
W03729,P0066,C0272,17,43,Laptop,2024-02-05 02:22:00
W03730,P0265,C0286,129,83,TV,2024-04-24 23:08:00
W03731,P0134,C0132,63,36,TV,2024-03-30 11:59:00
W03732,P0119,C0163,57,91,TV,2024-03-24 18:20:00
W03733,P0122,C0289,24,14,Mobile,2024-01-05 08:04:00
W03734,P0321,C0126,100,26,TV,2024-03-18 13:01:00
W03735,P0387,C0139,14,84,TV,2024-04-13 05:38:00
W03736,P0458,C0293,65,78,Laptop,2024-02-23 14:59:00
W03737,P0421,C0263,81,65,Tablet,2024-04-04 03:42:00
W03738,P0383,C0153,122,47,Laptop,2024-01-09 17:56:00
W03739,P0492,C0274,88,63,Laptop,2024-03-17 08:22:00
W03740,P0087,C0296,22,57,TV,2024-02-29 13:41:00
W03741,P0289,C0311,125,94,Laptop,2024-03-14 10:23:00
W03742,P0137,C0378,116,97,TV,2024-04-04 02:44:00
W03743,P0053,C0288,76,89,Mobile,2024-01-23 17:30:00
W03744,P0205,C0314,148,58,TV,2024-03-10 20:41:00
W03745,P0348,C0129,108,50,Tablet,2024-04-18 22:09:00
W03746,P0051,C0271,81,31,Laptop,2024-05-03 00:18:00
W03747,P0327,C0222,30,66,Tablet,2024-01-01 21:59:00
W03748,P0410,C0259,107,75,Tablet,2024-01-22 16:28:00
W03749,P0400,C0186,8,28,Laptop,2024-02-09 17:51:00
W03750,P0040,C0104,55,11,Laptop,2024-03-15 12:00:00
W03751,P0250,C0102,135,84,Laptop,2024-04-16 20:11:00
W03752,P0218,C0233,91,42,Tablet,2024-01-08 18:29:00
W03753,P0179,C0179,70,82,Mobile,2024-03-08 19:20:00
W03754,P0039,C0247,148,68,Tablet,2024-03-30 14:57:00
W03755,P0183,C0266,32,98,Mobile,2024-03-20 10:06:00
W03756,P0224,C0338,48,15,TV,2024-03-10 10:01:00
W03757,P0164,C0376,6,20,Laptop,2024-02-28 06:42:00
W03758,P0234,C0304,60,36,Tablet,2024-01-28 18:15:00
W03759,P0377,C0153,124,81,Mobile,2024-01-14 00:23:00
W03760,P0193,C0207,108,54,Mobile,2024-04-21 17:59:00
W03761,P0497,C0155,122,40,Mobile,2024-04-29 02:58:00
W03762,P0085,C0346,64,100,Laptop,2024-02-01 07:13:00
W03763,P0461,C0264,51,72,Mobile,2024-01-25 14:43:00
W03764,P0243,C0115,82,53,Laptop,2024-03-06 13:29:00
W03765,P0474,C0101,140,50,Tablet,2024-03-16 10:48:00
W03766,P0173,C0237,137,56,Mobile,2024-02-07 02:49:00
W03767,P0393,C0251,27,78,Mobile,2024-03-01 02:53:00
W03768,P0037,C0280,109,88,Laptop,2024-03-29 07:24:00
W03769,P0087,C0332,14,11,Laptop,2024-01-18 18:13:00
W03770,P0129,C0288,117,24,Tablet,2024-03-22 10:27:00
W03771,P0194,C0118,31,29,Laptop,2024-03-20 08:46:00
W03772,P0319,C0325,103,12,Tablet,2024-01-13 13:30:00
W03773,P0043,C0205,5,48,Tablet,2024-02-26 11:50:00
W03774,P0412,C0306,75,83,Mobile,2024-01-17 07:13:00
W03775,P0356,C0286,119,99,TV,2024-02-01 08:18:00
W03776,P0159,C0165,140,19,TV,2024-01-13 05:02:00
W03777,P0105,C0307,143,49,Laptop,2024-03-27 13:49:00
W03778,P0453,C0329,131,22,Laptop,2024-01-29 17:25:00
W03779,P0229,C0169,120,94,TV,2024-03-05 13:16:00
W03780,P0217,C0242,38,53,Tablet,2024-02-17 12:41:00
W03781,P0264,C0306,135,41,TV,2024-04-10 11:14:00
W03782,P0418,C0274,13,82,Tablet,2024-05-20 02:17:00
W03783,P0487,C0297,93,39,Tablet,2024-03-06 11:49:00
W03784,P0049,C0297,134,10,Laptop,2024-03-12 03:47:00
W03785,P0352,C0328,27,62,Laptop,2024-01-25 11:23:00
W03786,P0442,C0371,149,85,Laptop,2024-02-29 07:10:00
W03787,P0123,C0299,24,53,TV,2024-02-09 20:34:00
W03788,P0459,C0115,77,44,TV,2024-02-15 18:29:00
W03789,P0303,C0386,33,97,TV,2024-05-20 21:16:00
W03790,P0025,C0316,124,49,Tablet,2024-01-21 12:48:00
W03791,P0131,C0135,62,54,Laptop,2024-05-02 23:24:00
W03792,P0429,C0169,122,69,Mobile,2024-02-02 04:19:00
W03793,P0370,C0312,36,72,TV,2024-01-03 22:11:00
W03794,P0436,C0146,144,19,Mobile,2024-01-28 01:09:00
W03795,P0224,C0348,64,56,Mobile,2024-02-26 23:07:00
W03796,P0500,C0185,143,33,TV,2024-05-23 00:23:00
W03797,P0099,C0148,105,66,TV,2024-03-17 19:58:00
W03798,P0352,C0331,143,27,TV,2024-03-16 05:24:00
W03799,P0290,C0167,116,66,Laptop,2024-04-10 22:51:00
W03800,P0485,C0189,115,81,Mobile,2024-01-30 00:17:00
W03801,P0500,C0319,84,55,Tablet,2024-02-13 02:34:00
W03802,P0197,C0152,103,52,Mobile,2024-04-08 15:21:00
W03803,P0109,C0122,5,86,Tablet,2024-04-30 12:22:00
W03804,P0348,C0199,93,25,Mobile,2024-04-24 23:45:00
W03805,P0220,C0231,117,23,Mobile,2024-02-25 00:30:00
W03806,P0264,C0188,31,18,Laptop,2024-04-10 18:02:00
W03807,P0411,C0236,120,82,Tablet,2024-05-03 14:57:00
W03808,P0208,C0139,36,78,TV,2024-04-06 15:34:00
W03809,P0319,C0118,10,70,TV,2024-04-16 20:14:00
W03810,P0082,C0205,45,20,Laptop,2024-01-18 12:17:00
W03811,P0025,C0246,91,28,TV,2024-03-11 14:33:00
W03812,P0186,C0324,61,73,Mobile,2024-02-23 21:08:00
W03813,P0432,C0217,143,47,Laptop,2024-04-03 01:15:00
W03814,P0385,C0101,94,19,Tablet,2024-02-04 04:26:00
W03815,P0008,C0217,135,25,Laptop,2024-03-01 19:04:00
W03816,P0124,C0126,52,78,Mobile,2024-03-08 00:24:00
W03817,P0149,C0112,138,91,Laptop,2024-03-24 18:57:00
W03818,P0098,C0394,11,51,Mobile,2024-05-11 08:21:00
W03819,P0216,C0269,48,53,Laptop,2024-01-01 12:20:00
W03820,P0101,C0153,65,62,Tablet,2024-03-26 05:19:00
W03821,P0218,C0369,90,44,Tablet,2024-05-24 06:21:00
W03822,P0367,C0348,52,45,TV,2024-04-14 22:21:00
W03823,P0462,C0228,65,31,Mobile,2024-02-04 21:13:00
W03824,P0413,C0176,101,33,TV,2024-01-13 14:57:00
W03825,P0414,C0369,135,85,Laptop,2024-04-20 11:56:00
W03826,P0259,C0246,6,21,Laptop,2024-05-07 21:19:00
W03827,P0391,C0148,48,44,Laptop,2024-02-20 19:27:00
W03828,P0356,C0299,23,59,Laptop,2024-05-25 06:30:00
W03829,P0011,C0171,54,92,Tablet,2024-02-14 19:52:00
W03830,P0416,C0192,24,87,Laptop,2024-02-11 03:52:00
W03831,P0059,C0309,61,96,Tablet,2024-05-14 04:30:00
W03832,P0250,C0148,117,49,TV,2024-02-29 21:59:00
W03833,P0140,C0129,54,31,Tablet,2024-04-21 14:04:00
W03834,P0335,C0276,99,56,Tablet,2024-04-14 08:10:00
W03835,P0038,C0119,109,84,Mobile,2024-04-16 08:22:00
W03836,P0122,C0147,111,75,Laptop,2024-05-01 09:51:00
W03837,P0408,C0160,97,19,Laptop,2024-05-04 07:07:00
W03838,P0065,C0276,8,52,Laptop,2024-05-13 12:11:00
W03839,P0146,C0355,142,78,TV,2024-02-01 06:03:00
W03840,P0302,C0329,67,94,Laptop,2024-04-23 02:25:00
W03841,P0125,C0247,61,34,Laptop,2024-03-08 10:38:00
W03842,P0312,C0398,109,56,Laptop,2024-05-14 10:25:00
W03843,P0191,C0339,69,16,Mobile,2024-01-08 01:03:00
W03844,P0263,C0288,144,37,Tablet,2024-05-14 00:40:00
W03845,P0490,C0309,66,89,Mobile,2024-02-09 17:06:00
W03846,P0361,C0175,134,54,Laptop,2024-05-24 16:14:00
W03847,P0450,C0283,130,76,Tablet,2024-04-19 20:44:00
W03848,P0296,C0187,148,92,Mobile,2024-04-23 06:07:00
W03849,P0182,C0371,33,21,Laptop,2024-05-29 17:07:00
W03850,P0159,C0280,55,92,Laptop,2024-05-13 02:45:00
W03851,P0353,C0345,18,20,Mobile,2024-01-26 23:38:00
W03852,P0308,C0107,98,12,Tablet,2024-01-17 12:07:00
W03853,P0478,C0369,62,70,Tablet,2024-04-01 08:02:00
W03854,P0287,C0113,141,75,Mobile,2024-01-31 20:28:00
W03855,P0162,C0326,132,65,Laptop,2024-05-23 20:30:00
W03856,P0263,C0366,41,35,Tablet,2024-04-16 19:29:00
W03857,P0217,C0342,107,95,Mobile,2024-04-20 01:40:00
W03858,P0400,C0280,16,90,Mobile,2024-04-21 13:49:00
W03859,P0406,C0280,89,43,Mobile,2024-04-21 21:04:00
W03860,P0484,C0226,143,64,Tablet,2024-04-25 19:56:00
W03861,P0181,C0383,31,88,TV,2024-02-04 21:47:00
W03862,P0091,C0290,92,85,TV,2024-04-12 06:20:00
W03863,P0017,C0116,102,25,TV,2024-04-11 15:04:00
W03864,P0125,C0121,24,89,TV,2024-05-22 19:46:00
W03865,P0260,C0116,145,48,TV,2024-04-06 05:06:00
W03866,P0445,C0369,51,15,Laptop,2024-03-23 00:54:00
W03867,P0378,C0133,12,81,Mobile,2024-03-17 02:06:00
W03868,P0355,C0282,75,61,TV,2024-04-02 09:59:00
W03869,P0489,C0169,68,34,Tablet,2024-03-20 23:52:00
W03870,P0214,C0152,48,65,Mobile,2024-04-01 05:02:00
W03871,P0239,C0165,16,92,Tablet,2024-02-07 02:18:00
W03872,P0180,C0400,109,28,Tablet,2024-01-15 10:46:00
W03873,P0419,C0328,8,85,Tablet,2024-01-01 09:20:00
W03874,P0172,C0322,44,82,Laptop,2024-04-05 11:52:00
W03875,P0143,C0372,5,36,Tablet,2024-01-26 07:08:00
W03876,P0317,C0118,123,14,Mobile,2024-04-02 06:35:00
W03877,P0244,C0318,145,35,Mobile,2024-04-04 06:55:00
W03878,P0232,C0373,54,39,Laptop,2024-04-27 15:15:00
W03879,P0172,C0273,113,87,Laptop,2024-04-28 17:54:00
W03880,P0277,C0156,48,44,Mobile,2024-03-21 00:35:00
W03881,P0077,C0109,113,84,Mobile,2024-03-07 10:40:00
W03882,P0303,C0383,102,62,Tablet,2024-04-23 12:36:00
W03883,P0331,C0393,85,77,Tablet,2024-04-20 07:47:00
W03884,P0049,C0122,80,42,Laptop,2024-05-21 05:55:00
W03885,P0437,C0172,84,79,TV,2024-04-18 16:59:00
W03886,P0248,C0272,56,37,Tablet,2024-04-29 15:01:00
W03887,P0283,C0223,67,83,Tablet,2024-01-19 02:06:00
W03888,P0287,C0191,88,45,TV,2024-01-29 07:24:00
W03889,P0428,C0324,142,58,Tablet,2024-01-24 02:30:00
W03890,P0032,C0392,91,99,TV,2024-01-10 18:48:00
W03891,P0500,C0352,115,95,TV,2024-05-24 08:16:00
W03892,P0158,C0398,63,62,Mobile,2024-02-24 23:46:00
W03893,P0018,C0356,12,78,TV,2024-01-02 11:15:00
W03894,P0381,C0113,55,11,TV,2024-05-26 15:02:00
W03895,P0063,C0218,137,89,Laptop,2024-04-20 09:09:00
W03896,P0128,C0278,80,80,Laptop,2024-05-10 04:14:00
W03897,P0016,C0261,82,73,Laptop,2024-04-04 13:58:00
W03898,P0163,C0195,128,30,Tablet,2024-01-24 12:35:00
W03899,P0446,C0268,16,44,Laptop,2024-03-08 02:12:00
W03900,P0251,C0187,28,55,Mobile,2024-02-24 08:29:00
W03901,P0137,C0103,49,95,Mobile,2024-01-29 06:49:00
W03902,P0318,C0116,57,57,Mobile,2024-02-06 16:26:00
W03903,P0295,C0230,149,31,Tablet,2024-04-24 04:18:00
W03904,P0179,C0123,122,15,TV,2024-05-01 04:58:00
W03905,P0229,C0198,41,42,TV,2024-01-07 23:24:00
W03906,P0371,C0258,79,48,Mobile,2024-02-18 04:56:00
W03907,P0394,C0339,83,52,TV,2024-04-15 09:48:00
W03908,P0180,C0110,27,34,TV,2024-05-06 03:16:00
W03909,P0396,C0122,53,27,TV,2024-03-31 06:50:00
W03910,P0072,C0284,132,50,Tablet,2024-01-08 09:03:00
W03911,P0318,C0317,139,44,TV,2024-03-04 23:37:00
W03912,P0387,C0314,41,33,TV,2024-01-13 20:14:00
W03913,P0083,C0258,148,64,Tablet,2024-04-02 01:00:00
W03914,P0379,C0310,42,49,Laptop,2024-01-08 13:16:00
W03915,P0395,C0233,103,96,Mobile,2024-04-04 09:12:00
W03916,P0136,C0153,33,38,Tablet,2024-05-28 11:55:00
W03917,P0218,C0329,107,19,Tablet,2024-01-11 03:13:00
W03918,P0109,C0283,149,88,Mobile,2024-05-10 22:39:00
W03919,P0378,C0123,114,19,TV,2024-03-27 21:12:00
W03920,P0407,C0206,64,99,TV,2024-04-15 03:40:00
W03921,P0119,C0191,67,73,Tablet,2024-01-17 19:37:00
W03922,P0394,C0219,43,38,Laptop,2024-01-23 13:35:00
W03923,P0018,C0238,130,27,Mobile,2024-01-20 16:44:00
W03924,P0332,C0220,87,11,Laptop,2024-01-02 18:31:00
W03925,P0423,C0261,25,34,Tablet,2024-01-31 15:22:00
W03926,P0154,C0308,36,94,Laptop,2024-05-09 08:24:00
W03927,P0011,C0255,32,60,Tablet,2024-03-18 12:51:00
W03928,P0138,C0363,107,31,Mobile,2024-05-20 12:19:00
W03929,P0387,C0255,16,18,Laptop,2024-05-07 08:22:00
W03930,P0062,C0386,125,100,Laptop,2024-05-13 09:02:00
W03931,P0071,C0359,115,98,Mobile,2024-05-17 08:11:00
W03932,P0061,C0257,83,98,Mobile,2024-01-21 20:57:00
W03933,P0132,C0114,96,100,Tablet,2024-01-23 06:55:00
W03934,P0061,C0177,124,83,Tablet,2024-05-27 16:09:00
W03935,P0488,C0320,89,13,Tablet,2024-01-29 23:04:00
W03936,P0392,C0332,84,30,Tablet,2024-02-21 02:41:00
W03937,P0358,C0394,19,39,Tablet,2024-04-10 14:11:00
W03938,P0269,C0242,105,42,Mobile,2024-03-01 02:04:00
W03939,P0012,C0351,16,52,Laptop,2024-03-11 13:57:00
W03940,P0035,C0396,136,99,TV,2024-05-18 07:45:00
W03941,P0486,C0240,39,11,TV,2024-01-21 08:13:00
W03942,P0438,C0242,99,96,Tablet,2024-05-10 01:21:00
W03943,P0051,C0229,31,40,TV,2024-03-28 14:38:00
W03944,P0043,C0118,129,13,Laptop,2024-01-10 15:22:00
W03945,P0228,C0343,17,56,Laptop,2024-01-12 21:26:00
W03946,P0111,C0264,6,93,Tablet,2024-05-24 07:28:00
W03947,P0322,C0196,41,98,TV,2024-04-23 00:25:00
W03948,P0015,C0128,118,54,Mobile,2024-01-15 08:27:00
W03949,P0177,C0330,124,74,Mobile,2024-02-02 01:01:00
W03950,P0162,C0125,73,75,Tablet,2024-02-16 10:06:00
W03951,P0039,C0275,22,15,Laptop,2024-02-04 14:50:00
W03952,P0026,C0261,52,16,TV,2024-03-23 17:28:00
W03953,P0112,C0130,85,60,Laptop,2024-02-26 17:35:00
W03954,P0453,C0265,70,77,Tablet,2024-03-03 17:15:00
W03955,P0432,C0308,110,27,Laptop,2024-03-03 00:00:00
W03956,P0473,C0202,62,50,TV,2024-03-10 19:19:00
W03957,P0051,C0206,82,78,Laptop,2024-05-12 01:25:00
W03958,P0482,C0169,11,34,Tablet,2024-02-08 22:27:00
W03959,P0367,C0108,107,65,Mobile,2024-01-04 02:54:00
W03960,P0388,C0223,113,10,Mobile,2024-01-21 16:36:00
W03961,P0098,C0201,13,64,TV,2024-04-14 09:37:00
W03962,P0411,C0101,73,12,Tablet,2024-01-07 00:48:00
W03963,P0375,C0107,136,63,Tablet,2024-01-16 02:24:00
W03964,P0170,C0211,137,90,Laptop,2024-03-24 12:41:00
W03965,P0056,C0286,60,41,Mobile,2024-03-27 22:57:00
W03966,P0221,C0316,60,97,TV,2024-03-15 15:28:00
W03967,P0325,C0223,48,11,TV,2024-01-26 05:18:00
W03968,P0146,C0301,76,74,TV,2024-03-27 11:37:00
W03969,P0445,C0108,145,17,Laptop,2024-04-07 14:06:00
W03970,P0260,C0164,136,67,Tablet,2024-01-10 13:02:00
W03971,P0129,C0236,19,62,TV,2024-02-11 18:36:00
W03972,P0050,C0286,124,53,Laptop,2024-01-17 21:28:00
W03973,P0340,C0227,114,82,TV,2024-04-23 04:51:00
W03974,P0326,C0149,86,37,Laptop,2024-02-05 01:36:00
W03975,P0404,C0266,88,28,Mobile,2024-04-28 18:38:00
W03976,P0020,C0227,5,65,Laptop,2024-03-10 01:13:00
W03977,P0174,C0277,143,29,Tablet,2024-03-20 18:11:00
W03978,P0283,C0303,97,80,Mobile,2024-05-29 18:20:00
W03979,P0026,C0257,92,65,Mobile,2024-04-25 20:44:00
W03980,P0160,C0319,88,44,TV,2024-01-06 06:49:00
W03981,P0010,C0385,49,28,Mobile,2024-03-15 05:43:00
W03982,P0082,C0389,78,90,Laptop,2024-01-03 01:13:00
W03983,P0256,C0128,72,72,Tablet,2024-05-04 04:13:00
W03984,P0105,C0183,8,91,Mobile,2024-03-05 13:39:00
W03985,P0140,C0212,52,16,Tablet,2024-03-16 23:41:00
W03986,P0202,C0254,101,36,Laptop,2024-03-29 12:26:00
W03987,P0344,C0129,141,48,Laptop,2024-03-08 07:34:00
W03988,P0024,C0313,94,39,Tablet,2024-05-17 18:58:00
W03989,P0373,C0202,64,32,Laptop,2024-02-26 16:57:00
W03990,P0435,C0314,56,93,Tablet,2024-03-06 14:17:00
W03991,P0422,C0255,128,32,TV,2024-02-19 16:57:00
W03992,P0046,C0300,90,99,Laptop,2024-01-16 15:49:00
W03993,P0217,C0268,101,56,TV,2024-02-11 07:44:00
W03994,P0392,C0338,52,87,Mobile,2024-04-19 04:37:00
W03995,P0055,C0259,137,57,Mobile,2024-03-08 00:18:00
W03996,P0078,C0293,31,100,TV,2024-03-06 02:46:00
W03997,P0491,C0267,5,72,Mobile,2024-03-13 16:59:00
W03998,P0159,C0326,55,18,Mobile,2024-05-26 06:48:00
W03999,P0344,C0351,148,32,Mobile,2024-04-21 21:37:00
W04000,P0272,C0380,103,72,Mobile,2024-04-26 09:56:00
W04001,P0148,C0321,104,83,Laptop,2024-05-18 17:42:00
W04002,P0038,C0123,107,56,Mobile,2024-04-14 05:23:00
W04003,P0111,C0289,51,96,Laptop,2024-01-25 16:31:00
W04004,P0015,C0372,19,83,Tablet,2024-05-02 12:09:00
W04005,P0078,C0127,41,75,Mobile,2024-04-30 18:04:00
W04006,P0076,C0310,134,46,Tablet,2024-04-09 22:10:00
W04007,P0418,C0135,80,47,TV,2024-04-07 06:32:00
W04008,P0328,C0298,36,10,TV,2024-01-02 08:05:00
W04009,P0275,C0274,59,57,Laptop,2024-01-05 07:25:00
W04010,P0494,C0318,103,91,TV,2024-03-26 02:12:00
W04011,P0197,C0156,60,44,Laptop,2024-03-08 04:12:00
W04012,P0376,C0252,33,80,Tablet,2024-01-09 01:32:00
W04013,P0219,C0138,113,95,Tablet,2024-05-29 23:54:00
W04014,P0063,C0298,88,62,Mobile,2024-05-17 20:31:00
W04015,P0361,C0109,120,34,Tablet,2024-05-04 05:06:00
W04016,P0461,C0278,75,51,TV,2024-01-10 10:45:00
W04017,P0032,C0276,86,32,Laptop,2024-03-02 18:56:00
W04018,P0479,C0361,57,18,Laptop,2024-05-12 23:21:00
W04019,P0233,C0184,89,36,Mobile,2024-05-02 20:10:00
W04020,P0110,C0239,90,84,Mobile,2024-03-03 23:10:00
W04021,P0165,C0342,80,60,TV,2024-03-29 03:06:00
W04022,P0194,C0255,15,100,Laptop,2024-02-20 17:00:00
W04023,P0007,C0321,80,66,Mobile,2024-05-11 14:31:00
W04024,P0432,C0235,34,91,Tablet,2024-05-02 23:19:00
W04025,P0139,C0288,83,45,TV,2024-04-08 17:37:00
W04026,P0459,C0278,111,43,Tablet,2024-03-10 02:50:00
W04027,P0343,C0167,86,22,Laptop,2024-04-19 13:03:00
W04028,P0287,C0169,140,64,Mobile,2024-02-28 03:00:00
W04029,P0428,C0177,24,55,TV,2024-01-19 20:49:00
W04030,P0301,C0112,16,61,TV,2024-04-04 14:40:00
W04031,P0456,C0383,71,37,Mobile,2024-02-10 02:54:00
W04032,P0056,C0346,130,95,Mobile,2024-04-12 00:53:00
W04033,P0160,C0337,144,97,Laptop,2024-04-04 23:46:00
W04034,P0496,C0352,58,39,Tablet,2024-03-02 05:48:00
W04035,P0149,C0307,84,54,Tablet,2024-03-05 09:39:00
W04036,P0287,C0208,128,47,Tablet,2024-01-28 04:41:00
W04037,P0257,C0309,78,29,Laptop,2024-04-13 15:14:00
W04038,P0461,C0393,146,79,Mobile,2024-02-24 14:51:00
W04039,P0139,C0213,136,56,TV,2024-05-13 10:40:00
W04040,P0349,C0115,120,68,Tablet,2024-01-08 09:22:00
W04041,P0324,C0183,63,88,Mobile,2024-03-25 07:51:00
W04042,P0292,C0165,68,88,Tablet,2024-01-25 04:08:00
W04043,P0335,C0103,132,23,Laptop,2024-03-23 18:36:00
W04044,P0187,C0336,22,51,Laptop,2024-04-26 23:37:00
W04045,P0323,C0229,86,70,Mobile,2024-02-25 21:31:00
W04046,P0184,C0347,35,68,Laptop,2024-04-29 08:48:00
W04047,P0307,C0335,88,17,TV,2024-05-01 14:51:00
W04048,P0413,C0130,46,66,Laptop,2024-01-10 22:19:00
W04049,P0469,C0171,135,31,TV,2024-03-10 21:36:00
W04050,P0386,C0248,89,93,Tablet,2024-02-19 20:33:00
W04051,P0262,C0193,14,97,Laptop,2024-04-27 07:43:00
W04052,P0415,C0383,75,30,TV,2024-03-20 07:59:00
W04053,P0310,C0317,26,37,Tablet,2024-05-13 14:50:00
W04054,P0344,C0338,80,58,Tablet,2024-02-04 00:17:00
W04055,P0424,C0327,17,32,Tablet,2024-01-13 03:21:00
W04056,P0145,C0319,127,97,Tablet,2024-03-30 23:09:00
W04057,P0261,C0131,145,63,Mobile,2024-01-01 05:18:00
W04058,P0002,C0214,101,32,TV,2024-02-03 04:25:00
W04059,P0314,C0202,99,77,Mobile,2024-05-07 12:03:00
W04060,P0012,C0193,55,55,Tablet,2024-01-07 18:23:00
W04061,P0261,C0307,87,77,Laptop,2024-01-12 06:40:00
W04062,P0362,C0329,100,37,TV,2024-02-17 12:03:00
W04063,P0444,C0171,94,59,TV,2024-01-26 18:55:00
W04064,P0169,C0236,130,92,Tablet,2024-05-01 12:30:00
W04065,P0148,C0384,17,72,Laptop,2024-01-12 04:57:00
W04066,P0200,C0117,122,19,Laptop,2024-03-01 09:29:00
W04067,P0385,C0315,79,98,TV,2024-02-03 12:54:00
W04068,P0312,C0344,23,46,Mobile,2024-04-18 09:06:00
W04069,P0070,C0195,102,22,Laptop,2024-01-15 12:18:00
W04070,P0312,C0221,115,79,TV,2024-01-25 20:57:00
W04071,P0054,C0106,112,39,Laptop,2024-02-28 21:14:00
W04072,P0395,C0368,39,96,Tablet,2024-03-19 01:25:00
W04073,P0259,C0187,97,89,Laptop,2024-05-13 20:03:00
W04074,P0351,C0289,104,81,Mobile,2024-03-28 02:28:00
W04075,P0028,C0203,100,89,Mobile,2024-03-11 02:00:00
W04076,P0367,C0204,88,20,Mobile,2024-04-02 04:15:00
W04077,P0363,C0391,71,10,TV,2024-04-05 13:19:00
W04078,P0120,C0167,140,95,Laptop,2024-02-22 00:58:00
W04079,P0133,C0206,23,27,Mobile,2024-03-09 06:27:00
W04080,P0380,C0348,35,20,Tablet,2024-03-26 13:05:00
W04081,P0090,C0307,36,93,Tablet,2024-03-21 20:07:00
W04082,P0016,C0305,59,19,Tablet,2024-01-24 22:25:00
W04083,P0287,C0183,107,57,TV,2024-05-20 22:21:00
W04084,P0284,C0182,55,70,Mobile,2024-02-23 06:38:00
W04085,P0391,C0387,126,19,Mobile,2024-05-10 21:56:00
W04086,P0230,C0137,96,69,Laptop,2024-02-06 08:04:00
W04087,P0137,C0313,114,31,TV,2024-05-10 13:22:00
W04088,P0295,C0233,47,84,Tablet,2024-05-03 23:55:00
W04089,P0227,C0215,79,18,Laptop,2024-01-18 14:49:00
W04090,P0427,C0311,75,24,Tablet,2024-02-17 04:32:00
W04091,P0027,C0232,76,92,Tablet,2024-05-14 08:39:00
W04092,P0332,C0254,107,46,Mobile,2024-05-07 23:16:00
W04093,P0117,C0394,45,79,Laptop,2024-02-25 10:37:00
W04094,P0089,C0282,82,53,TV,2024-02-28 10:51:00
W04095,P0107,C0247,28,78,Tablet,2024-04-17 03:30:00
W04096,P0221,C0322,34,12,Mobile,2024-03-14 02:46:00
W04097,P0223,C0382,56,19,Mobile,2024-05-27 23:00:00
W04098,P0122,C0227,61,86,Tablet,2024-02-17 20:56:00
W04099,P0382,C0303,83,13,Mobile,2024-03-11 20:05:00
W04100,P0354,C0218,121,65,Mobile,2024-05-01 22:37:00
W04101,P0033,C0161,35,49,Tablet,2024-01-29 11:53:00
W04102,P0091,C0331,80,42,TV,2024-04-02 14:00:00
W04103,P0184,C0250,34,42,Tablet,2024-04-09 11:27:00
W04104,P0376,C0245,117,69,Laptop,2024-03-14 20:07:00
W04105,P0258,C0211,142,30,Tablet,2024-04-04 13:04:00
W04106,P0398,C0267,138,78,Tablet,2024-05-16 05:52:00
W04107,P0013,C0289,24,54,TV,2024-01-09 17:22:00
W04108,P0024,C0149,24,66,Tablet,2024-05-13 10:25:00
W04109,P0325,C0207,16,86,Tablet,2024-05-18 11:55:00
W04110,P0034,C0193,89,49,Mobile,2024-03-01 12:41:00
W04111,P0247,C0224,53,90,Tablet,2024-02-11 04:14:00
W04112,P0343,C0240,14,73,TV,2024-03-25 11:15:00
W04113,P0019,C0111,9,19,Mobile,2024-04-01 18:12:00
W04114,P0030,C0271,68,83,Tablet,2024-02-06 02:19:00
W04115,P0049,C0136,140,75,Mobile,2024-04-08 11:19:00
W04116,P0427,C0230,21,94,Laptop,2024-02-23 20:01:00
W04117,P0400,C0161,71,74,Tablet,2024-02-10 02:16:00
W04118,P0180,C0149,25,39,Tablet,2024-05-07 05:41:00
W04119,P0370,C0286,20,91,Mobile,2024-02-16 17:08:00
W04120,P0372,C0321,31,44,Tablet,2024-01-01 11:01:00
W04121,P0488,C0106,119,62,Tablet,2024-02-07 04:02:00
W04122,P0226,C0400,10,48,TV,2024-01-19 06:54:00
W04123,P0433,C0275,46,31,Tablet,2024-04-24 11:46:00
W04124,P0395,C0379,148,76,TV,2024-03-27 11:21:00
W04125,P0078,C0304,7,79,Laptop,2024-05-02 10:52:00
W04126,P0496,C0196,44,89,Laptop,2024-02-27 02:25:00
W04127,P0431,C0382,24,76,Mobile,2024-03-07 02:01:00
W04128,P0207,C0235,11,84,Mobile,2024-03-27 05:10:00
W04129,P0035,C0133,63,26,Mobile,2024-03-29 07:54:00
W04130,P0250,C0182,143,28,Mobile,2024-02-27 09:34:00
W04131,P0071,C0248,97,69,Tablet,2024-03-31 13:39:00
W04132,P0413,C0195,56,81,TV,2024-05-05 21:43:00
W04133,P0364,C0270,135,87,Mobile,2024-03-12 08:40:00
W04134,P0310,C0311,25,99,Laptop,2024-04-19 15:32:00
W04135,P0470,C0291,15,98,Tablet,2024-04-03 23:16:00
W04136,P0279,C0107,54,60,TV,2024-03-23 22:39:00
W04137,P0152,C0134,13,57,TV,2024-05-28 00:39:00
W04138,P0227,C0151,49,66,Mobile,2024-04-12 09:33:00
W04139,P0243,C0220,33,19,Mobile,2024-03-09 23:41:00
W04140,P0010,C0238,66,41,TV,2024-04-18 02:49:00
W04141,P0317,C0206,19,88,Laptop,2024-01-04 09:43:00
W04142,P0392,C0382,23,77,Mobile,2024-01-17 05:40:00
W04143,P0048,C0132,147,37,TV,2024-02-26 03:37:00
W04144,P0112,C0224,39,13,Tablet,2024-04-16 13:35:00
W04145,P0204,C0270,145,70,TV,2024-04-26 06:56:00
W04146,P0477,C0112,148,86,Mobile,2024-01-31 06:07:00
W04147,P0382,C0268,71,21,Tablet,2024-02-16 01:47:00
W04148,P0157,C0178,99,24,Laptop,2024-03-12 13:58:00
W04149,P0343,C0134,59,38,TV,2024-04-17 13:40:00
W04150,P0026,C0309,39,96,TV,2024-05-21 21:35:00
W04151,P0421,C0108,20,22,TV,2024-04-25 04:15:00
W04152,P0480,C0325,133,47,Tablet,2024-03-21 12:59:00
W04153,P0308,C0327,18,67,Mobile,2024-05-07 13:57:00
W04154,P0166,C0275,66,44,TV,2024-05-26 03:54:00
W04155,P0249,C0181,139,49,Tablet,2024-02-10 03:00:00
W04156,P0262,C0382,103,85,TV,2024-02-28 14:16:00
W04157,P0264,C0157,33,14,Mobile,2024-01-24 23:43:00
W04158,P0017,C0235,97,11,Tablet,2024-03-20 02:13:00
W04159,P0076,C0338,10,39,Laptop,2024-05-11 08:01:00
W04160,P0446,C0317,93,19,TV,2024-04-01 02:45:00
W04161,P0470,C0327,6,82,Mobile,2024-04-01 14:08:00
W04162,P0254,C0126,100,90,Laptop,2024-05-21 09:42:00
W04163,P0206,C0287,40,47,Mobile,2024-03-05 20:44:00
W04164,P0034,C0218,100,68,Laptop,2024-02-21 16:30:00
W04165,P0147,C0297,41,44,Mobile,2024-01-30 11:58:00
W04166,P0326,C0216,106,80,Laptop,2024-04-08 21:05:00
W04167,P0338,C0202,73,21,Tablet,2024-04-07 09:13:00
W04168,P0228,C0263,74,51,Laptop,2024-05-18 15:19:00
W04169,P0118,C0278,111,58,Mobile,2024-03-12 04:02:00
W04170,P0165,C0380,19,76,TV,2024-01-18 17:48:00
W04171,P0038,C0386,102,42,Laptop,2024-04-24 10:51:00
W04172,P0399,C0312,51,22,Mobile,2024-04-01 17:25:00
W04173,P0358,C0154,112,84,TV,2024-04-01 20:15:00
W04174,P0296,C0167,112,29,Tablet,2024-03-17 21:44:00
W04175,P0137,C0132,73,42,Tablet,2024-04-17 02:58:00
W04176,P0309,C0351,56,43,TV,2024-05-14 14:36:00
W04177,P0246,C0108,6,59,Mobile,2024-05-13 04:39:00
W04178,P0198,C0315,49,59,Mobile,2024-01-19 12:19:00
W04179,P0374,C0146,115,18,Laptop,2024-04-24 18:55:00
W04180,P0066,C0180,96,16,Tablet,2024-04-11 16:58:00
W04181,P0080,C0135,126,18,Tablet,2024-02-17 22:28:00
W04182,P0052,C0289,69,35,Tablet,2024-04-28 06:20:00
W04183,P0129,C0189,120,11,Tablet,2024-01-14 12:22:00
W04184,P0414,C0236,131,14,Mobile,2024-05-13 23:34:00
W04185,P0380,C0134,71,75,Tablet,2024-02-06 09:24:00
W04186,P0368,C0381,98,19,TV,2024-01-18 08:11:00
W04187,P0481,C0213,133,40,Mobile,2024-02-07 23:28:00
W04188,P0001,C0272,63,42,TV,2024-02-13 13:34:00
W04189,P0167,C0143,119,15,TV,2024-02-04 12:06:00
W04190,P0016,C0113,120,23,Mobile,2024-02-29 10:01:00
W04191,P0145,C0274,51,87,TV,2024-02-21 21:15:00
W04192,P0112,C0225,113,24,TV,2024-01-08 12:47:00
W04193,P0368,C0307,22,90,Laptop,2024-04-16 20:31:00
W04194,P0102,C0204,117,52,Tablet,2024-05-10 10:07:00
W04195,P0082,C0230,37,88,TV,2024-01-26 10:34:00
W04196,P0406,C0140,147,29,Laptop,2024-02-20 00:04:00
W04197,P0470,C0123,28,30,Laptop,2024-03-17 19:43:00
W04198,P0099,C0352,40,73,Tablet,2024-01-01 20:28:00
W04199,P0159,C0390,64,38,Laptop,2024-01-11 15:48:00
W04200,P0040,C0302,94,68,Laptop,2024-01-08 23:52:00
W04201,P0155,C0255,55,82,TV,2024-02-01 08:59:00
W04202,P0036,C0155,148,73,Tablet,2024-05-10 20:51:00
W04203,P0381,C0206,108,53,Tablet,2024-05-07 03:26:00
W04204,P0247,C0360,20,43,TV,2024-03-02 09:16:00
W04205,P0004,C0300,137,56,Mobile,2024-04-14 05:47:00
W04206,P0497,C0317,138,18,Laptop,2024-01-25 03:53:00
W04207,P0374,C0147,34,69,TV,2024-02-13 16:45:00
W04208,P0453,C0217,55,39,Laptop,2024-05-21 02:55:00
W04209,P0281,C0312,76,26,Tablet,2024-05-21 07:28:00
W04210,P0351,C0255,132,61,Tablet,2024-03-20 01:21:00
W04211,P0334,C0363,111,68,Laptop,2024-05-14 14:15:00
W04212,P0414,C0251,131,13,Tablet,2024-05-06 21:06:00
W04213,P0431,C0312,133,49,Tablet,2024-02-24 19:24:00
W04214,P0249,C0292,98,16,Mobile,2024-02-25 11:36:00
W04215,P0012,C0343,62,47,Tablet,2024-02-27 06:58:00
W04216,P0283,C0198,17,41,Tablet,2024-03-28 10:55:00
W04217,P0429,C0129,31,78,Laptop,2024-01-08 03:34:00
W04218,P0216,C0289,125,76,TV,2024-02-09 08:22:00
W04219,P0319,C0272,144,65,Tablet,2024-01-14 11:38:00
W04220,P0311,C0297,22,29,Tablet,2024-02-22 03:50:00
W04221,P0414,C0255,123,73,TV,2024-05-06 02:34:00
W04222,P0082,C0240,19,26,TV,2024-03-20 01:54:00
W04223,P0014,C0393,148,25,TV,2024-05-13 05:10:00
W04224,P0056,C0390,101,20,Laptop,2024-02-13 17:21:00
W04225,P0403,C0356,78,22,Tablet,2024-01-16 00:11:00
W04226,P0342,C0264,51,27,Tablet,2024-05-27 03:51:00
W04227,P0282,C0234,23,23,TV,2024-04-02 12:09:00
W04228,P0199,C0366,95,43,Mobile,2024-01-22 22:56:00
W04229,P0348,C0129,35,85,Laptop,2024-02-16 09:00:00
W04230,P0166,C0239,20,95,TV,2024-02-14 01:16:00
W04231,P0453,C0185,82,94,TV,2024-01-09 00:23:00
W04232,P0292,C0349,27,35,Tablet,2024-01-15 11:15:00
W04233,P0146,C0333,45,51,Mobile,2024-01-13 05:46:00
W04234,P0441,C0161,16,70,Laptop,2024-04-10 22:30:00
W04235,P0078,C0373,79,48,Mobile,2024-05-01 19:47:00
W04236,P0112,C0319,89,11,Mobile,2024-04-25 16:39:00
W04237,P0023,C0386,75,66,Tablet,2024-05-05 02:34:00
W04238,P0375,C0349,130,59,TV,2024-01-01 11:13:00
W04239,P0116,C0172,74,25,TV,2024-03-08 05:43:00
W04240,P0142,C0393,8,71,Mobile,2024-01-21 11:12:00
W04241,P0480,C0298,67,20,Laptop,2024-05-14 04:18:00
W04242,P0197,C0180,54,92,Laptop,2024-02-20 18:38:00
W04243,P0278,C0237,34,72,Tablet,2024-05-02 03:06:00
W04244,P0028,C0313,20,39,Laptop,2024-01-06 15:24:00
W04245,P0299,C0207,8,63,Tablet,2024-01-17 23:16:00
W04246,P0076,C0307,30,80,Mobile,2024-02-29 23:49:00
W04247,P0018,C0252,143,36,Laptop,2024-05-04 22:40:00
W04248,P0100,C0233,96,95,TV,2024-03-25 09:22:00
W04249,P0479,C0266,112,73,Mobile,2024-05-18 15:51:00
W04250,P0461,C0280,55,90,Tablet,2024-03-11 19:53:00
W04251,P0468,C0221,46,88,Mobile,2024-02-08 01:08:00
W04252,P0124,C0274,139,18,Mobile,2024-02-17 06:20:00
W04253,P0365,C0168,22,85,Tablet,2024-02-26 21:40:00
W04254,P0292,C0287,7,81,Laptop,2024-03-22 18:42:00
W04255,P0125,C0238,24,11,Laptop,2024-05-27 05:24:00
W04256,P0007,C0338,102,58,TV,2024-03-16 09:33:00
W04257,P0023,C0118,77,57,Laptop,2024-04-28 09:08:00
W04258,P0162,C0176,78,64,Tablet,2024-05-13 00:25:00
W04259,P0117,C0251,127,89,Tablet,2024-01-08 16:08:00
W04260,P0370,C0208,74,76,Tablet,2024-01-04 08:52:00
W04261,P0352,C0253,149,40,Laptop,2024-05-28 17:28:00
W04262,P0021,C0137,83,35,Tablet,2024-05-22 15:44:00
W04263,P0252,C0246,145,75,Laptop,2024-02-12 07:04:00
W04264,P0326,C0226,46,39,Tablet,2024-02-06 20:08:00
W04265,P0464,C0385,48,86,Tablet,2024-02-11 07:10:00
W04266,P0483,C0208,84,87,Laptop,2024-04-01 05:16:00
W04267,P0431,C0386,71,10,TV,2024-05-21 22:27:00
W04268,P0309,C0340,24,79,TV,2024-02-22 09:55:00
W04269,P0084,C0202,51,31,TV,2024-02-03 01:15:00
W04270,P0362,C0320,28,84,Laptop,2024-04-06 15:15:00
W04271,P0041,C0107,27,96,Tablet,2024-01-30 18:31:00
W04272,P0203,C0316,133,63,Laptop,2024-01-07 09:09:00
W04273,P0416,C0269,127,23,Mobile,2024-02-21 15:41:00
W04274,P0128,C0174,119,23,Mobile,2024-05-19 20:44:00
W04275,P0142,C0393,70,93,Laptop,2024-05-22 06:02:00
W04276,P0344,C0127,137,80,Mobile,2024-05-05 21:40:00
W04277,P0492,C0377,22,28,TV,2024-01-15 17:17:00
W04278,P0103,C0143,121,35,TV,2024-02-11 16:43:00
W04279,P0107,C0193,39,68,TV,2024-01-15 03:53:00
W04280,P0479,C0171,110,31,Mobile,2024-03-03 00:26:00
W04281,P0017,C0369,145,15,TV,2024-04-02 10:16:00
W04282,P0025,C0209,43,72,TV,2024-02-22 00:51:00
W04283,P0064,C0281,95,86,TV,2024-03-03 03:00:00
W04284,P0457,C0315,118,83,Laptop,2024-02-26 19:03:00
W04285,P0342,C0214,143,63,Tablet,2024-02-21 14:34:00
W04286,P0375,C0285,39,28,Tablet,2024-02-12 10:46:00
W04287,P0237,C0225,88,19,Laptop,2024-04-26 21:23:00
W04288,P0176,C0205,80,46,TV,2024-05-12 16:10:00
W04289,P0291,C0337,61,86,TV,2024-03-20 16:29:00
W04290,P0293,C0241,32,26,Laptop,2024-05-11 21:18:00
W04291,P0311,C0393,70,64,Laptop,2024-01-02 04:01:00
W04292,P0401,C0258,69,14,Mobile,2024-05-28 22:02:00
W04293,P0156,C0374,55,30,Laptop,2024-03-22 10:19:00
W04294,P0385,C0217,95,48,TV,2024-05-16 03:31:00
W04295,P0053,C0162,141,29,Laptop,2024-01-26 09:53:00
W04296,P0073,C0124,70,80,TV,2024-03-23 02:10:00
W04297,P0183,C0160,137,24,Mobile,2024-03-13 10:11:00
W04298,P0369,C0365,85,88,Laptop,2024-02-18 01:02:00
W04299,P0189,C0280,67,62,Mobile,2024-02-24 06:46:00
W04300,P0013,C0332,103,96,TV,2024-02-03 18:48:00
W04301,P0047,C0243,55,42,TV,2024-04-14 00:14:00
W04302,P0448,C0345,76,53,TV,2024-01-03 12:02:00
W04303,P0160,C0181,47,75,TV,2024-01-03 10:13:00
W04304,P0284,C0226,71,59,Mobile,2024-01-04 17:48:00
W04305,P0053,C0237,69,41,Laptop,2024-02-14 05:30:00
W04306,P0287,C0156,66,88,Laptop,2024-01-09 23:44:00
W04307,P0008,C0313,94,80,TV,2024-04-27 18:08:00
W04308,P0072,C0194,108,82,TV,2024-05-10 23:58:00
W04309,P0380,C0392,55,64,Mobile,2024-01-26 17:33:00
W04310,P0098,C0228,111,37,Mobile,2024-01-10 05:27:00
W04311,P0087,C0317,42,95,TV,2024-03-04 06:38:00
W04312,P0330,C0299,71,12,TV,2024-05-02 01:44:00
W04313,P0101,C0120,81,62,Laptop,2024-03-14 10:59:00
W04314,P0496,C0155,104,51,Laptop,2024-04-14 17:50:00
W04315,P0281,C0346,109,11,Laptop,2024-03-27 13:40:00
W04316,P0371,C0351,52,31,TV,2024-05-08 05:13:00
W04317,P0289,C0160,144,34,Tablet,2024-05-26 07:41:00
W04318,P0237,C0263,24,98,Mobile,2024-03-12 08:05:00
W04319,P0196,C0302,107,41,Mobile,2024-05-19 06:49:00
W04320,P0391,C0327,76,16,Mobile,2024-01-27 17:32:00
W04321,P0097,C0229,121,71,TV,2024-01-15 11:25:00
W04322,P0450,C0145,115,40,TV,2024-05-08 00:59:00
W04323,P0368,C0297,134,72,Mobile,2024-04-16 03:39:00
W04324,P0430,C0266,124,46,Mobile,2024-01-03 09:23:00
W04325,P0096,C0347,138,77,Mobile,2024-02-29 09:05:00
W04326,P0261,C0326,87,88,TV,2024-04-05 16:28:00
W04327,P0121,C0380,132,18,Tablet,2024-03-29 13:47:00
W04328,P0366,C0360,112,79,Tablet,2024-01-19 04:05:00
W04329,P0273,C0297,88,55,Tablet,2024-04-20 03:53:00
W04330,P0332,C0207,142,43,Laptop,2024-01-22 06:56:00
W04331,P0052,C0369,123,69,Laptop,2024-05-07 21:00:00
W04332,P0396,C0332,98,22,TV,2024-02-04 10:18:00
W04333,P0318,C0201,113,45,Tablet,2024-05-07 11:46:00
W04334,P0163,C0260,138,95,Tablet,2024-03-23 23:37:00
W04335,P0190,C0195,82,57,Laptop,2024-05-22 06:34:00
W04336,P0277,C0307,135,84,Tablet,2024-04-20 01:29:00
W04337,P0085,C0335,28,15,Mobile,2024-01-24 22:36:00
W04338,P0194,C0254,13,14,Laptop,2024-04-10 02:11:00
W04339,P0181,C0200,100,74,Mobile,2024-01-13 07:36:00
W04340,P0021,C0338,81,59,Tablet,2024-04-07 19:03:00
W04341,P0399,C0207,86,83,TV,2024-02-06 17:04:00
W04342,P0203,C0230,90,83,Tablet,2024-02-29 04:09:00
W04343,P0202,C0399,64,33,TV,2024-05-19 02:28:00
W04344,P0466,C0143,65,16,Mobile,2024-05-18 00:43:00
W04345,P0151,C0163,139,95,Mobile,2024-04-24 17:47:00
W04346,P0384,C0173,79,67,Tablet,2024-03-18 20:49:00
W04347,P0159,C0286,43,30,Laptop,2024-01-25 04:12:00
W04348,P0310,C0217,126,95,Mobile,2024-05-11 07:53:00
W04349,P0439,C0105,110,42,TV,2024-05-23 18:52:00
W04350,P0026,C0176,102,53,TV,2024-02-04 04:34:00
W04351,P0309,C0391,137,34,Laptop,2024-01-08 08:41:00
W04352,P0066,C0183,96,89,Tablet,2024-01-29 13:02:00
W04353,P0423,C0160,18,24,Mobile,2024-03-27 08:54:00
W04354,P0263,C0207,20,38,Tablet,2024-02-15 00:25:00
W04355,P0472,C0217,134,92,Mobile,2024-01-10 02:54:00
W04356,P0167,C0182,18,61,Tablet,2024-01-04 22:14:00
W04357,P0288,C0241,67,26,Laptop,2024-03-06 19:18:00
W04358,P0154,C0322,12,99,TV,2024-02-24 19:39:00
W04359,P0343,C0170,31,45,Tablet,2024-03-21 11:07:00
W04360,P0206,C0112,115,44,Tablet,2024-05-26 09:58:00
W04361,P0413,C0397,44,49,Mobile,2024-01-20 21:32:00
W04362,P0153,C0205,72,32,Tablet,2024-03-17 15:06:00
W04363,P0184,C0307,127,82,Tablet,2024-05-22 06:40:00
W04364,P0159,C0165,65,43,Laptop,2024-02-19 00:27:00
W04365,P0194,C0163,132,67,Tablet,2024-01-04 16:21:00
W04366,P0002,C0278,112,91,Laptop,2024-04-28 01:40:00
W04367,P0215,C0108,53,89,Laptop,2024-02-08 13:21:00
W04368,P0175,C0259,7,70,Laptop,2024-04-06 22:03:00
W04369,P0075,C0111,81,37,Mobile,2024-02-09 05:52:00
W04370,P0285,C0373,146,69,Laptop,2024-05-19 19:13:00
W04371,P0127,C0195,133,41,Mobile,2024-03-14 22:45:00
W04372,P0490,C0255,96,67,TV,2024-03-30 07:34:00
W04373,P0483,C0306,127,91,Laptop,2024-03-16 12:18:00
W04374,P0049,C0215,122,53,Tablet,2024-04-01 03:52:00
W04375,P0457,C0187,15,43,Laptop,2024-01-10 17:03:00
W04376,P0032,C0297,8,30,TV,2024-04-11 15:52:00
W04377,P0158,C0198,14,10,Laptop,2024-04-17 19:48:00
W04378,P0015,C0119,85,64,Mobile,2024-03-31 11:43:00
W04379,P0318,C0116,75,89,TV,2024-03-19 01:25:00
W04380,P0334,C0145,107,58,TV,2024-04-16 06:03:00
W04381,P0243,C0255,145,30,Mobile,2024-02-29 21:13:00
W04382,P0017,C0331,26,64,Mobile,2024-02-17 01:56:00
W04383,P0022,C0257,60,36,Tablet,2024-04-15 15:14:00
W04384,P0244,C0213,126,29,TV,2024-02-02 00:43:00
W04385,P0414,C0144,96,25,Laptop,2024-04-21 21:55:00
W04386,P0081,C0210,101,87,Mobile,2024-03-21 15:16:00
W04387,P0144,C0211,145,57,Tablet,2024-05-09 13:18:00
W04388,P0436,C0323,5,41,Mobile,2024-04-17 04:45:00
W04389,P0008,C0365,42,41,Mobile,2024-01-12 13:38:00
W04390,P0448,C0371,46,62,Tablet,2024-04-30 15:44:00
W04391,P0167,C0312,89,62,TV,2024-05-18 00:12:00
W04392,P0287,C0358,41,11,Laptop,2024-03-31 03:19:00
W04393,P0268,C0347,102,66,Mobile,2024-03-14 07:27:00
W04394,P0289,C0155,66,31,TV,2024-01-20 14:00:00
W04395,P0186,C0172,135,61,Tablet,2024-03-11 09:49:00
W04396,P0012,C0396,34,90,Tablet,2024-01-28 19:13:00
W04397,P0281,C0313,86,90,Tablet,2024-04-30 00:42:00
W04398,P0422,C0395,27,67,TV,2024-01-08 17:16:00
W04399,P0304,C0271,70,43,Laptop,2024-04-20 16:27:00
W04400,P0466,C0346,6,80,TV,2024-02-04 08:54:00
W04401,P0083,C0241,67,26,TV,2024-02-15 08:46:00
W04402,P0055,C0204,9,97,Tablet,2024-05-09 18:58:00
W04403,P0131,C0205,133,81,Mobile,2024-03-04 08:24:00
W04404,P0125,C0340,78,32,Mobile,2024-02-21 15:31:00
W04405,P0483,C0380,113,42,Tablet,2024-03-09 09:38:00
W04406,P0325,C0122,28,38,Mobile,2024-03-23 19:55:00
W04407,P0419,C0178,63,28,Tablet,2024-03-18 04:43:00
W04408,P0051,C0295,27,78,TV,2024-02-23 10:31:00
W04409,P0027,C0121,93,46,Tablet,2024-02-17 09:18:00
W04410,P0165,C0260,26,96,Laptop,2024-01-21 02:37:00
W04411,P0494,C0332,48,35,Laptop,2024-04-01 19:42:00
W04412,P0469,C0144,48,33,Laptop,2024-04-30 15:21:00
W04413,P0400,C0397,41,63,TV,2024-05-29 06:44:00
W04414,P0476,C0280,11,30,Mobile,2024-01-01 11:16:00
W04415,P0281,C0201,28,99,TV,2024-03-17 09:17:00
W04416,P0033,C0215,74,19,Mobile,2024-05-16 17:50:00
W04417,P0062,C0313,75,51,TV,2024-02-28 09:25:00
W04418,P0145,C0118,76,38,TV,2024-03-26 08:43:00
W04419,P0171,C0127,64,66,Laptop,2024-01-06 13:40:00
W04420,P0286,C0385,49,44,TV,2024-05-23 14:17:00
W04421,P0297,C0249,141,37,Laptop,2024-01-05 09:44:00
W04422,P0117,C0385,120,21,TV,2024-01-14 15:39:00
W04423,P0004,C0237,34,67,Tablet,2024-04-15 20:45:00
W04424,P0066,C0289,31,53,Laptop,2024-02-21 01:55:00
W04425,P0060,C0290,136,16,Tablet,2024-01-26 09:00:00
W04426,P0393,C0299,87,25,TV,2024-01-19 13:34:00
W04427,P0287,C0202,102,93,TV,2024-05-15 13:10:00
W04428,P0345,C0191,74,44,Tablet,2024-04-26 10:17:00
W04429,P0229,C0324,83,16,Mobile,2024-02-22 14:23:00
W04430,P0100,C0105,142,95,Mobile,2024-01-05 21:36:00
W04431,P0119,C0115,122,23,Mobile,2024-04-11 12:41:00
W04432,P0069,C0105,110,68,TV,2024-01-20 10:31:00
W04433,P0152,C0330,40,71,Mobile,2024-04-20 20:33:00
W04434,P0280,C0214,50,83,Mobile,2024-01-01 00:57:00
W04435,P0221,C0104,108,75,TV,2024-04-02 20:44:00
W04436,P0498,C0284,138,31,TV,2024-01-06 23:07:00
W04437,P0429,C0313,112,25,Mobile,2024-04-12 09:21:00
W04438,P0223,C0347,108,84,Mobile,2024-04-27 10:21:00
W04439,P0165,C0134,74,52,Tablet,2024-03-28 17:23:00
W04440,P0442,C0396,93,92,TV,2024-01-14 02:12:00
W04441,P0211,C0296,7,29,TV,2024-02-09 17:37:00
W04442,P0279,C0227,46,19,Tablet,2024-05-03 20:31:00
W04443,P0419,C0242,114,28,Laptop,2024-02-14 20:22:00
W04444,P0063,C0236,122,21,Laptop,2024-03-20 09:42:00
W04445,P0374,C0228,59,19,TV,2024-03-18 18:21:00
W04446,P0370,C0274,143,80,TV,2024-02-02 16:52:00
W04447,P0262,C0318,118,65,Mobile,2024-04-20 00:06:00
W04448,P0006,C0214,34,20,Laptop,2024-01-24 01:09:00
W04449,P0248,C0112,112,89,Mobile,2024-04-21 03:35:00
W04450,P0229,C0344,85,70,Laptop,2024-04-13 17:57:00
W04451,P0286,C0152,21,47,Tablet,2024-02-07 05:29:00
W04452,P0257,C0286,37,26,Mobile,2024-03-20 20:26:00
W04453,P0063,C0333,106,63,Tablet,2024-02-01 00:44:00
W04454,P0392,C0102,25,54,Tablet,2024-03-01 03:17:00
W04455,P0028,C0101,115,34,Laptop,2024-02-22 14:55:00
W04456,P0345,C0339,14,40,TV,2024-03-16 11:35:00
W04457,P0417,C0155,107,74,TV,2024-01-27 19:49:00
W04458,P0053,C0320,43,48,Tablet,2024-03-02 21:37:00
W04459,P0252,C0204,82,29,TV,2024-05-06 06:04:00
W04460,P0038,C0377,90,82,Mobile,2024-04-12 15:59:00
W04461,P0308,C0110,56,52,Laptop,2024-03-17 06:12:00
W04462,P0334,C0204,45,75,Mobile,2024-04-13 04:04:00
W04463,P0139,C0298,91,10,TV,2024-02-18 19:52:00
W04464,P0386,C0114,92,64,Tablet,2024-04-25 22:59:00
W04465,P0053,C0268,41,60,Laptop,2024-05-04 08:56:00
W04466,P0094,C0130,127,14,Tablet,2024-05-07 23:45:00
W04467,P0094,C0114,68,21,Laptop,2024-01-05 08:50:00
W04468,P0452,C0338,123,23,Mobile,2024-01-18 04:13:00
W04469,P0461,C0162,128,69,TV,2024-04-30 17:35:00
W04470,P0263,C0210,40,49,Mobile,2024-05-28 17:40:00
W04471,P0486,C0260,50,18,Tablet,2024-03-26 17:16:00
W04472,P0323,C0155,26,51,Mobile,2024-05-24 21:28:00
W04473,P0137,C0349,39,51,TV,2024-03-28 00:45:00
W04474,P0462,C0356,117,42,TV,2024-05-15 19:02:00
W04475,P0372,C0122,37,34,Mobile,2024-01-19 12:24:00
W04476,P0447,C0203,145,87,Laptop,2024-04-03 16:06:00
W04477,P0256,C0364,60,18,TV,2024-01-26 12:23:00
W04478,P0395,C0336,71,100,TV,2024-02-15 09:17:00
W04479,P0037,C0333,17,53,TV,2024-01-14 09:56:00
W04480,P0142,C0268,54,92,TV,2024-03-03 13:59:00
W04481,P0147,C0333,32,67,Laptop,2024-01-03 17:31:00
W04482,P0008,C0105,108,34,Laptop,2024-05-04 02:36:00
W04483,P0251,C0145,102,41,Tablet,2024-03-27 08:30:00
W04484,P0135,C0146,100,31,Tablet,2024-03-17 11:26:00
W04485,P0059,C0264,91,64,Tablet,2024-04-23 23:32:00
W04486,P0123,C0269,92,70,Mobile,2024-03-15 21:13:00
W04487,P0447,C0264,129,66,Mobile,2024-02-28 11:54:00
W04488,P0263,C0356,85,86,Tablet,2024-02-28 03:58:00
W04489,P0120,C0166,11,70,TV,2024-02-16 10:06:00
W04490,P0439,C0360,78,76,Tablet,2024-05-20 05:33:00
W04491,P0259,C0188,87,84,Mobile,2024-04-22 06:01:00
W04492,P0323,C0340,28,11,Laptop,2024-03-29 13:20:00
W04493,P0018,C0159,141,66,TV,2024-04-06 00:15:00
W04494,P0301,C0270,118,82,TV,2024-02-13 06:15:00
W04495,P0353,C0358,19,42,TV,2024-05-13 10:19:00
W04496,P0485,C0146,117,99,Mobile,2024-05-22 21:23:00
W04497,P0092,C0102,126,72,TV,2024-02-25 05:19:00
W04498,P0164,C0229,90,25,TV,2024-04-04 09:27:00
W04499,P0144,C0369,149,98,Laptop,2024-02-01 03:50:00
W04500,P0335,C0378,23,10,TV,2024-04-25 08:40:00
W04501,P0413,C0117,13,94,Mobile,2024-04-14 20:23:00
W04502,P0315,C0287,68,73,TV,2024-03-18 11:12:00
W04503,P0402,C0216,42,93,Mobile,2024-03-27 00:20:00
W04504,P0433,C0359,140,78,Laptop,2024-02-24 09:47:00
W04505,P0238,C0349,138,26,Laptop,2024-05-09 06:10:00
W04506,P0174,C0298,106,49,TV,2024-02-17 01:17:00
W04507,P0083,C0327,97,10,Tablet,2024-01-30 21:48:00
W04508,P0157,C0277,38,22,Laptop,2024-05-15 02:19:00
W04509,P0454,C0343,144,27,TV,2024-02-10 16:37:00
W04510,P0109,C0135,43,77,Laptop,2024-01-26 21:21:00
W04511,P0178,C0235,100,23,Laptop,2024-02-24 23:03:00
W04512,P0250,C0110,10,14,Mobile,2024-01-14 19:17:00
W04513,P0495,C0283,85,71,Tablet,2024-05-07 01:43:00
W04514,P0253,C0302,36,42,Mobile,2024-04-04 12:08:00
W04515,P0055,C0119,140,35,TV,2024-03-01 07:59:00
W04516,P0155,C0123,13,70,TV,2024-01-12 21:04:00
W04517,P0391,C0195,66,77,Mobile,2024-01-13 19:30:00
W04518,P0091,C0164,118,39,Tablet,2024-03-29 01:34:00
W04519,P0339,C0320,23,71,Tablet,2024-02-28 04:52:00
W04520,P0126,C0196,37,71,Tablet,2024-01-25 21:35:00
W04521,P0337,C0365,68,90,Laptop,2024-03-27 10:53:00
W04522,P0169,C0257,30,79,TV,2024-05-13 16:24:00
W04523,P0139,C0307,5,66,Laptop,2024-01-23 10:37:00
W04524,P0005,C0374,81,100,Mobile,2024-02-29 08:10:00
W04525,P0066,C0346,107,45,Tablet,2024-05-19 19:24:00
W04526,P0111,C0299,100,16,Laptop,2024-04-09 18:46:00
W04527,P0184,C0385,80,74,Tablet,2024-05-13 09:34:00
W04528,P0268,C0183,37,83,Laptop,2024-02-07 14:55:00
W04529,P0170,C0233,86,86,TV,2024-02-19 21:17:00
W04530,P0362,C0205,73,50,Tablet,2024-02-09 12:55:00
W04531,P0244,C0337,87,41,Laptop,2024-01-08 09:05:00
W04532,P0331,C0169,110,23,Mobile,2024-02-26 08:02:00
W04533,P0138,C0284,106,42,Laptop,2024-01-22 05:42:00
W04534,P0028,C0218,118,39,Mobile,2024-02-09 19:56:00
W04535,P0007,C0280,147,82,Mobile,2024-03-26 02:12:00
W04536,P0398,C0371,50,15,Tablet,2024-04-04 08:25:00
W04537,P0333,C0190,124,19,TV,2024-03-24 16:32:00
W04538,P0453,C0188,52,84,Mobile,2024-03-02 14:20:00
W04539,P0317,C0183,72,29,Mobile,2024-03-27 21:43:00
W04540,P0051,C0120,87,98,TV,2024-04-07 21:26:00
W04541,P0426,C0207,89,21,TV,2024-02-06 20:49:00
W04542,P0136,C0372,130,31,TV,2024-03-26 10:44:00
W04543,P0178,C0198,125,85,Mobile,2024-03-27 08:21:00
W04544,P0129,C0332,133,23,TV,2024-01-15 12:14:00
W04545,P0197,C0157,24,57,Mobile,2024-05-02 20:24:00
W04546,P0267,C0249,69,63,Mobile,2024-04-16 04:09:00
W04547,P0500,C0335,147,45,Mobile,2024-03-29 02:04:00
W04548,P0107,C0237,65,70,TV,2024-04-22 16:20:00
W04549,P0048,C0367,83,64,Mobile,2024-05-16 02:29:00
W04550,P0138,C0329,18,23,Tablet,2024-04-16 05:42:00
W04551,P0399,C0382,73,11,Mobile,2024-03-08 13:02:00
W04552,P0103,C0302,126,11,TV,2024-03-05 13:41:00
W04553,P0047,C0332,53,70,TV,2024-04-02 08:51:00
W04554,P0477,C0119,138,15,Mobile,2024-02-02 08:11:00
W04555,P0153,C0116,120,34,Mobile,2024-04-09 04:11:00
W04556,P0368,C0156,94,76,Mobile,2024-03-17 23:35:00
W04557,P0006,C0214,93,32,Tablet,2024-04-16 03:20:00
W04558,P0011,C0168,121,82,TV,2024-04-29 00:10:00
W04559,P0017,C0178,126,37,Tablet,2024-01-31 17:15:00
W04560,P0143,C0130,19,34,TV,2024-05-03 07:14:00
W04561,P0272,C0107,11,74,Laptop,2024-04-05 13:37:00
W04562,P0312,C0252,58,75,TV,2024-04-26 21:36:00
W04563,P0066,C0122,8,88,Mobile,2024-05-08 11:30:00
W04564,P0420,C0130,5,52,TV,2024-03-04 19:15:00
W04565,P0339,C0267,109,49,TV,2024-03-27 13:03:00
W04566,P0422,C0248,70,89,Laptop,2024-03-03 14:03:00
W04567,P0498,C0149,85,32,Laptop,2024-03-25 10:20:00
W04568,P0469,C0398,142,58,Tablet,2024-01-17 19:51:00
W04569,P0331,C0362,72,17,Tablet,2024-05-20 20:03:00
W04570,P0256,C0281,106,16,Mobile,2024-02-27 07:39:00
W04571,P0489,C0390,55,30,Tablet,2024-03-01 06:08:00
W04572,P0127,C0222,34,44,Tablet,2024-04-30 11:58:00
W04573,P0131,C0224,43,91,Laptop,2024-02-03 17:20:00
W04574,P0482,C0366,142,70,Mobile,2024-01-20 16:08:00
W04575,P0018,C0128,67,92,Mobile,2024-02-28 18:12:00
W04576,P0207,C0359,65,83,Tablet,2024-04-11 11:57:00
W04577,P0089,C0177,69,77,Mobile,2024-05-24 16:32:00
W04578,P0438,C0294,85,39,Mobile,2024-05-08 04:28:00
W04579,P0498,C0135,16,77,Laptop,2024-01-06 14:24:00
W04580,P0243,C0214,128,18,Tablet,2024-04-03 01:49:00
W04581,P0463,C0162,6,26,Mobile,2024-05-17 00:50:00
W04582,P0350,C0152,77,52,Tablet,2024-05-26 18:30:00
W04583,P0017,C0216,80,97,Tablet,2024-03-08 09:55:00
W04584,P0466,C0147,29,66,Mobile,2024-02-11 12:10:00
W04585,P0223,C0201,122,22,TV,2024-02-26 12:17:00
W04586,P0370,C0379,112,66,Mobile,2024-03-02 21:26:00
W04587,P0363,C0207,103,35,TV,2024-04-21 12:44:00
W04588,P0210,C0135,26,70,Laptop,2024-01-26 06:49:00
W04589,P0099,C0388,60,71,Tablet,2024-01-19 22:20:00
W04590,P0013,C0102,59,28,TV,2024-01-20 18:49:00
W04591,P0319,C0339,44,90,Tablet,2024-02-19 04:05:00
W04592,P0270,C0372,125,39,Laptop,2024-03-21 11:01:00
W04593,P0187,C0244,8,99,Laptop,2024-05-20 06:35:00
W04594,P0420,C0192,30,22,TV,2024-01-10 15:25:00
W04595,P0274,C0321,116,58,Laptop,2024-01-08 13:09:00
W04596,P0133,C0154,117,91,Tablet,2024-01-18 02:51:00
W04597,P0014,C0328,27,94,Laptop,2024-01-09 17:29:00
W04598,P0281,C0133,62,60,Laptop,2024-04-03 07:55:00
W04599,P0044,C0314,12,18,TV,2024-04-09 17:29:00
W04600,P0377,C0236,120,38,Laptop,2024-02-03 04:23:00
W04601,P0295,C0348,55,92,Mobile,2024-05-17 13:35:00
W04602,P0396,C0153,5,17,Tablet,2024-04-16 12:33:00
W04603,P0104,C0164,124,90,TV,2024-02-23 07:41:00
W04604,P0445,C0137,34,85,Mobile,2024-04-28 10:54:00
W04605,P0062,C0312,21,24,TV,2024-03-21 12:36:00
W04606,P0053,C0112,106,78,Mobile,2024-05-25 14:29:00
W04607,P0309,C0184,126,43,Laptop,2024-03-02 17:49:00
W04608,P0412,C0194,90,61,Mobile,2024-03-27 13:26:00
W04609,P0419,C0307,73,59,Mobile,2024-05-22 17:56:00
W04610,P0118,C0138,93,76,Mobile,2024-03-20 00:15:00
W04611,P0321,C0303,75,14,Tablet,2024-04-13 08:06:00
W04612,P0131,C0370,62,18,TV,2024-03-10 11:45:00
W04613,P0299,C0175,63,97,Laptop,2024-05-20 10:19:00
W04614,P0306,C0228,41,14,Laptop,2024-02-16 16:58:00
W04615,P0199,C0252,104,36,Tablet,2024-01-09 07:26:00
W04616,P0393,C0110,117,93,Tablet,2024-02-03 03:28:00
W04617,P0036,C0138,24,56,Tablet,2024-03-26 23:14:00
W04618,P0279,C0205,21,71,Mobile,2024-03-04 11:03:00
W04619,P0216,C0265,8,54,Tablet,2024-02-03 21:31:00
W04620,P0074,C0132,54,75,Tablet,2024-04-06 23:20:00
W04621,P0306,C0312,86,32,Mobile,2024-05-20 14:14:00
W04622,P0055,C0114,54,70,TV,2024-04-11 10:07:00
W04623,P0496,C0330,20,52,Tablet,2024-04-23 20:50:00
W04624,P0381,C0232,76,44,Tablet,2024-02-16 13:45:00
W04625,P0012,C0252,65,39,Mobile,2024-05-12 06:16:00
W04626,P0083,C0196,48,76,Mobile,2024-04-27 17:08:00
W04627,P0032,C0110,54,19,Mobile,2024-04-05 12:34:00
W04628,P0408,C0116,84,65,TV,2024-01-21 10:39:00
W04629,P0086,C0267,34,43,Tablet,2024-05-03 10:57:00
W04630,P0451,C0196,53,74,Tablet,2024-01-21 13:41:00
W04631,P0232,C0118,102,15,Mobile,2024-05-17 11:03:00
W04632,P0411,C0107,29,79,Mobile,2024-04-13 10:22:00
W04633,P0445,C0284,60,52,Tablet,2024-04-25 18:00:00
W04634,P0275,C0345,8,25,Tablet,2024-05-07 15:18:00
W04635,P0201,C0182,16,72,Tablet,2024-05-29 07:31:00
W04636,P0051,C0231,149,74,Mobile,2024-04-29 09:41:00
W04637,P0320,C0229,40,14,TV,2024-04-04 01:38:00
W04638,P0256,C0389,20,34,TV,2024-02-11 08:33:00
W04639,P0241,C0174,125,36,Tablet,2024-05-24 06:04:00
W04640,P0205,C0159,141,51,Laptop,2024-03-05 22:29:00
W04641,P0386,C0172,82,64,TV,2024-03-09 10:20:00
W04642,P0420,C0260,59,35,Laptop,2024-02-29 04:06:00
W04643,P0477,C0187,77,25,Laptop,2024-04-02 21:31:00
W04644,P0384,C0117,68,99,Tablet,2024-04-12 15:42:00
W04645,P0395,C0189,94,37,Mobile,2024-04-21 05:20:00
W04646,P0482,C0249,142,39,Laptop,2024-02-17 14:15:00
W04647,P0196,C0106,93,86,Tablet,2024-03-02 04:59:00
W04648,P0452,C0184,8,98,Mobile,2024-05-26 15:54:00
W04649,P0244,C0184,34,54,TV,2024-05-15 22:06:00
W04650,P0320,C0350,143,28,Tablet,2024-01-02 04:12:00
W04651,P0001,C0254,55,22,TV,2024-04-22 02:39:00
W04652,P0089,C0172,145,84,Tablet,2024-01-11 19:21:00
W04653,P0282,C0209,135,32,Laptop,2024-04-21 14:17:00
W04654,P0139,C0212,116,23,Mobile,2024-02-24 12:00:00
W04655,P0087,C0272,82,83,Laptop,2024-01-17 01:07:00
W04656,P0002,C0287,31,32,Tablet,2024-05-12 15:18:00
W04657,P0467,C0385,92,49,Tablet,2024-02-21 10:49:00
W04658,P0349,C0373,142,73,Laptop,2024-04-06 19:37:00
W04659,P0168,C0118,122,94,Tablet,2024-02-17 21:48:00
W04660,P0119,C0268,11,68,TV,2024-01-27 23:45:00
W04661,P0500,C0182,119,29,Laptop,2024-04-13 18:03:00
W04662,P0388,C0175,96,41,Mobile,2024-04-15 09:40:00
W04663,P0080,C0349,94,87,TV,2024-04-23 08:52:00
W04664,P0111,C0231,86,33,TV,2024-04-11 14:58:00
W04665,P0165,C0301,17,55,Tablet,2024-04-04 14:32:00
W04666,P0382,C0396,76,27,Laptop,2024-05-04 12:49:00
W04667,P0445,C0168,95,57,Tablet,2024-03-06 16:38:00
W04668,P0219,C0120,146,23,Laptop,2024-04-22 15:37:00
W04669,P0005,C0371,109,63,Laptop,2024-02-11 13:07:00
W04670,P0399,C0193,48,30,Mobile,2024-04-06 18:11:00
W04671,P0215,C0233,88,14,Tablet,2024-03-15 09:18:00
W04672,P0497,C0395,32,40,Laptop,2024-01-05 03:36:00
W04673,P0195,C0396,27,76,Mobile,2024-02-18 19:07:00
W04674,P0466,C0235,16,96,Laptop,2024-02-06 19:45:00
W04675,P0491,C0133,55,68,Tablet,2024-05-25 04:34:00
W04676,P0282,C0393,112,53,Laptop,2024-02-09 21:36:00
W04677,P0006,C0132,66,73,TV,2024-04-08 01:32:00
W04678,P0379,C0143,30,51,Tablet,2024-02-11 06:18:00
W04679,P0300,C0392,62,47,TV,2024-04-16 22:31:00
W04680,P0058,C0381,147,16,Mobile,2024-03-05 06:04:00
W04681,P0337,C0208,72,68,Laptop,2024-02-22 17:27:00
W04682,P0302,C0196,10,78,Tablet,2024-01-28 18:05:00
W04683,P0102,C0166,115,79,Mobile,2024-01-17 03:48:00
W04684,P0426,C0109,134,58,TV,2024-01-20 00:02:00
W04685,P0048,C0330,28,87,TV,2024-05-22 05:06:00
W04686,P0370,C0321,39,20,TV,2024-05-15 08:34:00
W04687,P0411,C0378,51,11,TV,2024-03-13 23:58:00
W04688,P0276,C0199,35,36,Mobile,2024-04-14 19:01:00
W04689,P0454,C0371,93,25,Laptop,2024-02-03 10:48:00
W04690,P0371,C0363,80,73,Mobile,2024-03-02 01:59:00
W04691,P0163,C0264,122,75,Laptop,2024-04-24 08:44:00
W04692,P0332,C0116,134,58,Tablet,2024-03-09 12:48:00
W04693,P0432,C0269,108,99,TV,2024-03-29 08:31:00
W04694,P0451,C0121,63,25,Mobile,2024-02-16 12:51:00
W04695,P0496,C0128,100,82,Tablet,2024-01-10 21:47:00
W04696,P0196,C0183,67,61,Laptop,2024-04-30 02:13:00
W04697,P0377,C0373,149,82,Tablet,2024-05-19 22:21:00
W04698,P0436,C0136,58,14,Tablet,2024-03-07 11:25:00
W04699,P0365,C0376,129,45,Laptop,2024-03-14 05:50:00
W04700,P0324,C0333,26,16,Tablet,2024-05-22 16:06:00
W04701,P0132,C0204,129,70,TV,2024-02-05 23:41:00
W04702,P0423,C0106,101,38,Laptop,2024-04-21 11:57:00
W04703,P0405,C0123,120,76,Laptop,2024-05-10 23:12:00
W04704,P0492,C0270,33,39,Mobile,2024-04-19 06:09:00
W04705,P0066,C0252,6,49,Tablet,2024-03-07 23:25:00
W04706,P0400,C0344,46,40,TV,2024-03-26 13:06:00
W04707,P0391,C0341,56,57,TV,2024-03-09 08:41:00
W04708,P0083,C0361,42,100,Laptop,2024-05-20 14:55:00
W04709,P0491,C0146,135,15,Tablet,2024-04-08 15:46:00
W04710,P0481,C0373,81,71,Laptop,2024-02-01 16:37:00
W04711,P0265,C0175,147,38,TV,2024-01-24 21:54:00
W04712,P0229,C0383,109,18,TV,2024-03-23 13:57:00
W04713,P0273,C0296,14,63,TV,2024-04-18 07:07:00
W04714,P0219,C0123,124,93,Laptop,2024-04-08 03:15:00
W04715,P0225,C0187,131,20,Tablet,2024-02-02 11:56:00
W04716,P0113,C0221,118,28,Tablet,2024-02-25 15:31:00
W04717,P0140,C0249,73,83,Laptop,2024-05-26 15:38:00
W04718,P0185,C0250,113,14,TV,2024-01-12 00:10:00
W04719,P0173,C0165,48,96,Tablet,2024-03-10 21:19:00
W04720,P0376,C0260,24,79,TV,2024-05-19 12:10:00
W04721,P0011,C0384,111,27,Laptop,2024-02-10 06:48:00
W04722,P0397,C0182,123,30,Tablet,2024-04-15 21:22:00
W04723,P0159,C0107,113,24,Tablet,2024-01-03 01:23:00
W04724,P0205,C0282,12,68,Laptop,2024-04-16 02:13:00
W04725,P0230,C0114,47,83,Laptop,2024-01-20 15:06:00
W04726,P0026,C0283,142,15,Tablet,2024-04-05 23:23:00
W04727,P0319,C0144,45,33,Mobile,2024-01-21 20:59:00
W04728,P0159,C0274,136,69,TV,2024-04-23 00:12:00
W04729,P0278,C0114,136,37,Mobile,2024-03-26 00:34:00
W04730,P0390,C0400,28,83,Tablet,2024-02-16 20:37:00
W04731,P0148,C0173,25,32,Mobile,2024-05-28 10:57:00
W04732,P0469,C0323,142,88,Laptop,2024-05-04 18:53:00
W04733,P0266,C0102,50,55,TV,2024-02-06 16:24:00
W04734,P0083,C0310,125,46,Laptop,2024-03-31 04:38:00
W04735,P0419,C0361,48,23,Laptop,2024-04-20 07:10:00
W04736,P0026,C0190,104,57,Laptop,2024-01-30 18:58:00
W04737,P0071,C0352,37,87,Laptop,2024-03-30 20:35:00
W04738,P0037,C0147,98,80,TV,2024-02-07 05:59:00
W04739,P0392,C0263,40,45,Tablet,2024-04-25 20:38:00
W04740,P0133,C0216,17,91,Tablet,2024-01-15 15:54:00
W04741,P0428,C0179,18,69,TV,2024-01-03 12:57:00
W04742,P0484,C0108,54,63,Laptop,2024-04-29 16:15:00
W04743,P0126,C0123,72,88,Mobile,2024-05-24 19:11:00
W04744,P0115,C0369,5,72,Tablet,2024-01-11 05:24:00
W04745,P0092,C0379,7,57,Laptop,2024-03-04 17:53:00
W04746,P0242,C0131,136,31,Mobile,2024-03-12 01:08:00
W04747,P0451,C0270,18,52,Mobile,2024-05-14 06:22:00
W04748,P0487,C0230,93,50,Laptop,2024-01-16 14:05:00
W04749,P0200,C0257,107,26,TV,2024-04-10 09:27:00
W04750,P0207,C0122,129,72,Laptop,2024-04-14 02:11:00
W04751,P0117,C0226,71,99,TV,2024-02-17 21:11:00
W04752,P0219,C0269,11,88,Mobile,2024-01-17 22:52:00
W04753,P0305,C0266,12,27,Tablet,2024-02-07 05:56:00
W04754,P0243,C0257,48,81,TV,2024-03-02 17:51:00
W04755,P0292,C0122,139,12,TV,2024-01-10 03:52:00
W04756,P0464,C0364,52,63,TV,2024-02-05 06:52:00
W04757,P0282,C0363,66,23,Tablet,2024-01-04 00:43:00
W04758,P0301,C0312,29,43,Laptop,2024-02-25 21:18:00
W04759,P0317,C0264,122,10,Mobile,2024-04-23 06:36:00
W04760,P0172,C0236,117,57,Mobile,2024-01-21 14:06:00
W04761,P0388,C0352,126,19,TV,2024-03-09 05:25:00
W04762,P0076,C0305,8,92,Mobile,2024-03-07 05:03:00
W04763,P0209,C0342,149,20,TV,2024-02-05 19:42:00
W04764,P0314,C0379,51,75,Tablet,2024-05-28 17:30:00
W04765,P0105,C0161,122,12,TV,2024-03-12 04:07:00
W04766,P0492,C0399,49,24,Tablet,2024-04-10 11:41:00
W04767,P0026,C0195,93,68,TV,2024-04-05 23:27:00
W04768,P0351,C0248,7,73,TV,2024-01-26 05:21:00
W04769,P0079,C0359,144,56,Tablet,2024-05-19 21:41:00
W04770,P0500,C0130,149,11,Laptop,2024-01-17 04:22:00
W04771,P0482,C0118,122,39,Tablet,2024-04-16 09:39:00
W04772,P0128,C0287,26,47,TV,2024-05-07 21:56:00
W04773,P0413,C0312,43,14,Mobile,2024-02-07 06:34:00
W04774,P0137,C0135,43,15,Laptop,2024-01-01 15:20:00
W04775,P0334,C0247,111,14,Mobile,2024-02-11 20:03:00
W04776,P0036,C0382,104,21,Laptop,2024-03-03 22:40:00
W04777,P0388,C0135,20,13,TV,2024-01-08 08:58:00
W04778,P0059,C0176,122,33,Laptop,2024-02-21 18:34:00
W04779,P0230,C0172,33,34,Mobile,2024-03-26 04:31:00
W04780,P0421,C0349,75,35,Tablet,2024-03-06 17:08:00
W04781,P0124,C0157,81,64,Laptop,2024-03-22 20:42:00
W04782,P0088,C0110,136,55,Laptop,2024-04-27 09:52:00
W04783,P0337,C0313,130,55,TV,2024-03-10 01:54:00
W04784,P0141,C0337,103,52,TV,2024-01-07 22:09:00
W04785,P0404,C0334,120,69,Laptop,2024-05-21 03:26:00
W04786,P0273,C0323,19,42,TV,2024-04-20 05:02:00
W04787,P0051,C0204,94,30,TV,2024-04-21 21:48:00
W04788,P0475,C0198,139,96,Tablet,2024-05-07 03:04:00
W04789,P0055,C0326,93,46,Laptop,2024-05-12 03:40:00
W04790,P0417,C0322,120,21,Mobile,2024-04-05 19:00:00
W04791,P0405,C0380,140,30,Tablet,2024-03-10 14:57:00
W04792,P0337,C0143,24,22,TV,2024-03-10 10:21:00
W04793,P0150,C0253,86,42,Tablet,2024-05-11 09:27:00
W04794,P0153,C0390,121,79,Laptop,2024-03-29 19:20:00
W04795,P0451,C0324,71,85,Laptop,2024-05-10 03:37:00
W04796,P0219,C0219,66,70,Laptop,2024-04-09 16:31:00
W04797,P0219,C0314,22,39,Mobile,2024-05-08 00:56:00
W04798,P0366,C0153,95,46,Mobile,2024-05-23 17:54:00
W04799,P0396,C0320,114,91,Mobile,2024-04-21 03:37:00
W04800,P0399,C0343,60,25,TV,2024-04-13 21:20:00
W04801,P0486,C0153,89,54,Laptop,2024-03-30 19:39:00
W04802,P0468,C0217,12,80,Laptop,2024-02-22 07:21:00
W04803,P0342,C0142,143,10,Mobile,2024-03-13 15:55:00
W04804,P0258,C0347,111,62,Tablet,2024-04-17 12:55:00
W04805,P0388,C0391,16,37,Tablet,2024-02-11 15:22:00
W04806,P0045,C0348,107,62,TV,2024-01-25 13:25:00
W04807,P0269,C0201,67,53,Tablet,2024-03-25 12:43:00
W04808,P0311,C0187,31,76,TV,2024-02-29 07:13:00
W04809,P0160,C0184,39,48,Tablet,2024-04-20 18:09:00
W04810,P0278,C0361,134,19,Tablet,2024-05-21 09:24:00
W04811,P0345,C0321,140,60,Tablet,2024-04-15 01:35:00
W04812,P0475,C0254,24,23,Laptop,2024-02-08 02:47:00
W04813,P0055,C0151,12,88,Mobile,2024-02-11 01:43:00
W04814,P0145,C0138,72,15,Laptop,2024-03-17 20:27:00
W04815,P0454,C0359,145,48,Mobile,2024-01-08 04:41:00
W04816,P0235,C0287,90,89,Tablet,2024-05-19 17:46:00
W04817,P0179,C0113,30,91,Mobile,2024-04-19 20:33:00
W04818,P0208,C0323,85,57,Laptop,2024-04-09 13:50:00
W04819,P0136,C0187,124,34,Mobile,2024-02-18 01:54:00
W04820,P0445,C0359,22,42,Mobile,2024-05-16 08:22:00
W04821,P0353,C0281,73,92,Mobile,2024-03-05 16:25:00
W04822,P0394,C0273,144,84,Tablet,2024-03-11 16:51:00
W04823,P0482,C0295,134,76,Mobile,2024-01-07 22:39:00
W04824,P0275,C0345,139,74,Tablet,2024-03-07 16:06:00
W04825,P0384,C0296,51,49,Tablet,2024-04-10 11:36:00
W04826,P0398,C0162,127,34,TV,2024-03-31 04:07:00
W04827,P0323,C0125,58,66,Mobile,2024-04-12 04:08:00
W04828,P0183,C0152,19,41,Tablet,2024-05-05 15:49:00
W04829,P0061,C0150,70,55,Mobile,2024-04-22 18:31:00
W04830,P0440,C0395,85,13,Mobile,2024-01-03 12:50:00
W04831,P0063,C0152,40,32,Laptop,2024-03-21 15:26:00
W04832,P0361,C0140,21,89,TV,2024-05-17 07:49:00
W04833,P0215,C0332,6,84,Mobile,2024-04-03 19:09:00
W04834,P0360,C0160,37,31,Mobile,2024-04-22 22:12:00
W04835,P0139,C0316,97,42,Tablet,2024-03-27 20:53:00
W04836,P0431,C0297,128,50,Tablet,2024-03-29 05:09:00
W04837,P0134,C0376,138,71,Laptop,2024-01-20 16:41:00
W04838,P0034,C0102,104,47,TV,2024-05-14 04:28:00
W04839,P0193,C0206,92,65,TV,2024-01-03 12:49:00
W04840,P0355,C0316,15,72,TV,2024-01-16 10:05:00
W04841,P0473,C0365,9,86,Mobile,2024-04-11 13:32:00
W04842,P0320,C0267,34,94,TV,2024-03-11 19:16:00
W04843,P0477,C0347,142,85,Laptop,2024-02-25 08:01:00
W04844,P0087,C0310,95,64,Laptop,2024-05-06 22:08:00
W04845,P0210,C0158,95,60,Mobile,2024-01-13 06:53:00
W04846,P0462,C0143,126,99,Mobile,2024-01-25 05:15:00
W04847,P0081,C0238,122,74,Mobile,2024-02-28 12:04:00
W04848,P0322,C0209,65,66,Tablet,2024-02-27 21:39:00
W04849,P0415,C0148,106,95,Mobile,2024-05-12 12:01:00
W04850,P0339,C0226,30,36,Laptop,2024-02-26 11:36:00
W04851,P0480,C0314,113,66,Mobile,2024-02-23 12:00:00
W04852,P0190,C0228,116,64,Tablet,2024-04-21 05:41:00
W04853,P0438,C0298,43,81,Mobile,2024-02-06 05:03:00
W04854,P0348,C0302,7,91,Tablet,2024-04-27 13:35:00
W04855,P0233,C0292,42,13,Tablet,2024-04-21 14:37:00
W04856,P0392,C0207,46,74,Tablet,2024-01-06 15:29:00
W04857,P0426,C0294,52,65,Mobile,2024-03-18 15:43:00
W04858,P0169,C0338,17,62,Mobile,2024-01-23 06:21:00
W04859,P0443,C0232,93,53,Laptop,2024-03-24 00:12:00
W04860,P0251,C0183,92,25,TV,2024-02-16 02:39:00
W04861,P0168,C0384,60,32,Mobile,2024-01-14 20:03:00
W04862,P0231,C0322,67,40,Laptop,2024-04-30 12:55:00
W04863,P0150,C0206,84,37,TV,2024-05-29 00:15:00
W04864,P0152,C0394,47,59,Laptop,2024-03-31 19:03:00
W04865,P0038,C0166,79,25,TV,2024-02-29 21:29:00
W04866,P0386,C0295,61,50,Laptop,2024-01-31 17:24:00
W04867,P0381,C0288,67,18,Mobile,2024-03-21 04:48:00
W04868,P0297,C0147,130,11,TV,2024-01-31 08:17:00
W04869,P0489,C0125,129,52,Tablet,2024-05-28 09:07:00
W04870,P0275,C0166,5,75,Laptop,2024-05-11 22:27:00
W04871,P0105,C0167,96,89,Mobile,2024-03-30 19:15:00
W04872,P0386,C0297,123,86,Mobile,2024-01-09 00:29:00
W04873,P0348,C0346,36,58,TV,2024-04-24 22:04:00
W04874,P0352,C0396,130,100,Laptop,2024-01-04 22:28:00
W04875,P0062,C0200,30,30,Mobile,2024-01-23 00:15:00
W04876,P0467,C0278,65,28,Tablet,2024-01-22 16:36:00
W04877,P0016,C0215,116,66,Laptop,2024-03-12 15:55:00
W04878,P0350,C0268,149,86,Mobile,2024-04-16 23:32:00
W04879,P0150,C0219,73,69,Mobile,2024-01-07 18:08:00
W04880,P0142,C0265,33,28,Tablet,2024-01-09 22:41:00
W04881,P0116,C0319,67,73,Mobile,2024-02-14 06:17:00
W04882,P0312,C0297,138,44,TV,2024-01-10 05:28:00
W04883,P0065,C0337,109,42,Laptop,2024-02-17 19:46:00
W04884,P0429,C0269,119,76,TV,2024-03-27 23:10:00
W04885,P0310,C0176,25,94,TV,2024-01-16 21:59:00
W04886,P0194,C0387,91,96,Tablet,2024-04-09 08:30:00
W04887,P0342,C0133,39,57,TV,2024-01-20 16:23:00
W04888,P0430,C0399,56,69,TV,2024-03-09 22:04:00
W04889,P0161,C0330,50,54,TV,2024-01-06 20:43:00
W04890,P0463,C0295,61,84,Mobile,2024-02-08 23:29:00
W04891,P0306,C0394,46,77,Tablet,2024-04-16 21:58:00
W04892,P0361,C0397,81,77,Mobile,2024-04-27 06:44:00
W04893,P0278,C0378,102,24,Mobile,2024-03-22 09:25:00
W04894,P0296,C0330,20,81,TV,2024-04-19 00:11:00
W04895,P0039,C0196,137,97,Mobile,2024-04-19 21:57:00
W04896,P0361,C0271,5,24,Mobile,2024-05-22 01:17:00
W04897,P0169,C0132,52,32,Mobile,2024-03-05 10:13:00
W04898,P0459,C0145,126,69,TV,2024-04-10 13:31:00
W04899,P0068,C0172,30,100,Laptop,2024-01-31 18:20:00
W04900,P0007,C0120,38,23,Laptop,2024-02-17 12:46:00
W04901,P0085,C0339,118,11,Mobile,2024-03-22 03:28:00
W04902,P0199,C0299,62,52,TV,2024-03-24 08:41:00
W04903,P0132,C0165,139,80,Tablet,2024-01-29 22:07:00
W04904,P0076,C0288,29,25,Laptop,2024-04-25 13:00:00
W04905,P0250,C0189,144,95,Mobile,2024-02-16 23:02:00
W04906,P0347,C0301,31,37,TV,2024-03-31 17:56:00
W04907,P0443,C0123,90,41,Laptop,2024-04-01 20:27:00
W04908,P0209,C0396,122,80,Laptop,2024-02-13 02:35:00
W04909,P0084,C0230,85,95,TV,2024-01-02 23:00:00
W04910,P0223,C0254,79,11,Laptop,2024-02-26 13:21:00
W04911,P0253,C0178,97,81,Mobile,2024-02-27 21:17:00
W04912,P0410,C0290,38,16,Mobile,2024-02-04 01:14:00
W04913,P0031,C0400,119,47,TV,2024-02-02 06:10:00
W04914,P0355,C0254,117,57,TV,2024-03-15 05:28:00
W04915,P0201,C0213,116,94,Tablet,2024-03-18 12:56:00
W04916,P0453,C0217,64,95,Tablet,2024-02-17 09:38:00
W04917,P0052,C0105,30,91,Mobile,2024-04-28 20:43:00
W04918,P0368,C0135,130,82,TV,2024-05-12 20:38:00
W04919,P0072,C0372,49,11,Tablet,2024-04-28 18:29:00
W04920,P0021,C0259,36,51,Tablet,2024-04-15 14:03:00
W04921,P0016,C0310,75,51,Laptop,2024-02-09 08:50:00
W04922,P0435,C0114,27,90,Laptop,2024-02-16 18:08:00
W04923,P0016,C0125,67,29,Tablet,2024-05-25 15:45:00
W04924,P0402,C0318,74,15,Laptop,2024-01-30 23:25:00
W04925,P0175,C0354,58,20,Tablet,2024-03-06 08:36:00
W04926,P0312,C0303,31,78,Laptop,2024-04-02 07:05:00
W04927,P0412,C0201,97,83,TV,2024-04-03 02:12:00
W04928,P0338,C0329,83,96,Laptop,2024-03-25 05:13:00
W04929,P0078,C0299,40,49,TV,2024-03-19 20:35:00
W04930,P0440,C0278,137,45,Mobile,2024-01-08 16:48:00
W04931,P0240,C0376,36,60,Laptop,2024-01-12 11:00:00
W04932,P0037,C0230,21,56,TV,2024-04-03 12:27:00
W04933,P0232,C0379,26,26,Tablet,2024-02-02 06:49:00
W04934,P0400,C0388,45,35,Mobile,2024-04-09 11:19:00
W04935,P0213,C0241,63,62,Laptop,2024-01-15 01:53:00
W04936,P0193,C0113,79,57,Tablet,2024-05-08 17:58:00
W04937,P0060,C0317,126,36,Tablet,2024-01-02 01:04:00
W04938,P0189,C0286,14,55,Laptop,2024-01-16 23:05:00
W04939,P0267,C0127,91,76,Laptop,2024-05-25 15:42:00
W04940,P0126,C0318,9,28,TV,2024-01-30 17:13:00
W04941,P0203,C0114,59,81,TV,2024-03-02 19:17:00
W04942,P0322,C0242,30,90,Mobile,2024-03-07 13:28:00
W04943,P0382,C0155,8,74,Laptop,2024-01-18 00:26:00
W04944,P0032,C0291,111,80,Mobile,2024-03-08 13:09:00
W04945,P0403,C0385,31,45,TV,2024-02-09 18:52:00
W04946,P0312,C0189,130,76,Laptop,2024-03-14 09:37:00
W04947,P0261,C0145,7,92,Tablet,2024-01-06 23:11:00
W04948,P0387,C0232,54,51,Mobile,2024-01-18 14:08:00
W04949,P0412,C0166,129,100,Laptop,2024-04-11 03:56:00
W04950,P0346,C0379,30,76,Tablet,2024-04-19 21:49:00
W04951,P0471,C0248,139,78,TV,2024-05-01 11:00:00
W04952,P0094,C0245,121,58,Tablet,2024-03-02 15:05:00
W04953,P0328,C0106,49,46,Mobile,2024-04-29 10:18:00
W04954,P0100,C0182,145,55,Laptop,2024-05-20 18:19:00
W04955,P0285,C0223,10,89,Tablet,2024-01-09 03:15:00
W04956,P0461,C0267,57,65,Laptop,2024-02-08 14:52:00
W04957,P0315,C0337,8,72,Tablet,2024-04-27 21:53:00
W04958,P0025,C0205,64,87,Laptop,2024-03-01 15:36:00
W04959,P0406,C0390,76,39,Mobile,2024-05-12 14:06:00
W04960,P0494,C0338,79,72,TV,2024-02-19 09:23:00
W04961,P0353,C0182,70,85,TV,2024-05-01 11:18:00
W04962,P0357,C0194,26,100,Tablet,2024-01-08 23:12:00
W04963,P0117,C0385,144,35,Mobile,2024-02-14 05:43:00
W04964,P0199,C0397,55,32,Laptop,2024-01-28 23:18:00
W04965,P0279,C0166,149,95,Mobile,2024-04-16 17:30:00
W04966,P0070,C0212,97,29,Mobile,2024-03-21 23:00:00
W04967,P0335,C0271,53,55,Tablet,2024-03-02 18:05:00
W04968,P0079,C0347,20,89,TV,2024-01-26 10:32:00
W04969,P0424,C0166,48,40,Mobile,2024-01-24 09:10:00
W04970,P0354,C0168,111,76,Tablet,2024-05-03 21:40:00
W04971,P0014,C0134,98,30,Laptop,2024-04-03 18:58:00
W04972,P0029,C0101,12,60,TV,2024-04-30 08:44:00
W04973,P0144,C0251,114,48,TV,2024-05-10 23:59:00
W04974,P0477,C0372,22,72,Laptop,2024-01-19 15:09:00
W04975,P0343,C0358,84,78,Mobile,2024-03-21 06:18:00
W04976,P0010,C0338,122,29,TV,2024-03-08 02:52:00
W04977,P0047,C0216,76,32,Mobile,2024-01-19 01:03:00
W04978,P0260,C0176,98,51,Tablet,2024-04-10 22:25:00
W04979,P0012,C0383,42,82,Laptop,2024-03-06 07:37:00
W04980,P0298,C0119,85,12,TV,2024-03-07 07:32:00
W04981,P0226,C0384,111,36,Laptop,2024-01-03 16:18:00
W04982,P0260,C0135,134,100,TV,2024-01-24 05:43:00
W04983,P0084,C0341,46,83,Laptop,2024-01-17 04:55:00
W04984,P0348,C0107,122,89,Tablet,2024-01-06 20:17:00
W04985,P0348,C0137,25,33,Tablet,2024-05-28 06:14:00
W04986,P0006,C0253,134,96,Mobile,2024-04-29 00:34:00
W04987,P0398,C0345,9,18,Tablet,2024-04-22 00:28:00
W04988,P0247,C0350,21,11,Laptop,2024-01-07 03:40:00
W04989,P0035,C0215,28,15,Laptop,2024-02-22 13:10:00
W04990,P0175,C0141,140,80,Tablet,2024-04-06 23:35:00
W04991,P0442,C0162,63,88,Laptop,2024-03-16 08:13:00
W04992,P0065,C0269,30,30,Laptop,2024-01-10 01:56:00
W04993,P0147,C0242,65,96,Laptop,2024-01-24 19:58:00
W04994,P0057,C0358,140,38,Mobile,2024-02-08 16:57:00
W04995,P0193,C0188,16,22,Mobile,2024-03-06 17:24:00
W04996,P0013,C0148,18,78,TV,2024-03-13 14:01:00
W04997,P0392,C0112,34,51,Laptop,2024-02-05 20:56:00
W04998,P0018,C0311,103,10,Mobile,2024-02-13 18:34:00
W04999,P0246,C0344,66,29,Tablet,2024-02-29 10:04:00
W05000,P0163,C0339,35,52,Laptop,2024-03-23 07:33:00
W05001,P0343,C0297,31,10,Laptop,2024-03-23 22:36:00
W05002,P0114,C0357,5,49,TV,2024-01-26 00:20:00
W05003,P0500,C0335,45,16,Tablet,2024-04-29 19:13:00
W05004,P0282,C0287,146,44,Tablet,2024-04-17 06:53:00
W05005,P0233,C0301,78,61,Laptop,2024-01-27 18:14:00
W05006,P0166,C0203,46,43,Mobile,2024-05-27 23:40:00
W05007,P0468,C0390,44,59,TV,2024-03-21 15:09:00
W05008,P0322,C0321,18,78,TV,2024-01-20 14:51:00
W05009,P0026,C0287,104,38,TV,2024-01-13 17:06:00
W05010,P0126,C0199,95,100,Laptop,2024-05-10 23:28:00
W05011,P0313,C0345,143,80,TV,2024-03-30 04:00:00
W05012,P0484,C0122,110,10,Mobile,2024-02-04 00:13:00
W05013,P0281,C0168,53,82,Tablet,2024-05-20 22:09:00
W05014,P0286,C0165,110,67,Mobile,2024-03-18 12:04:00
W05015,P0466,C0392,142,74,TV,2024-01-03 11:30:00
W05016,P0391,C0317,11,100,Tablet,2024-02-09 12:26:00
W05017,P0283,C0129,85,26,TV,2024-01-01 14:31:00
W05018,P0139,C0293,144,71,TV,2024-05-14 23:16:00
W05019,P0101,C0156,105,88,Laptop,2024-04-25 17:55:00
W05020,P0392,C0312,59,51,Tablet,2024-04-29 23:38:00
W05021,P0011,C0338,11,37,TV,2024-05-21 18:29:00
W05022,P0382,C0300,38,12,TV,2024-02-15 14:03:00
W05023,P0216,C0278,130,14,Laptop,2024-01-10 11:03:00
W05024,P0030,C0253,33,75,Tablet,2024-03-01 10:48:00
W05025,P0094,C0144,30,63,TV,2024-05-24 10:39:00
W05026,P0116,C0268,78,47,TV,2024-04-13 11:37:00
W05027,P0500,C0387,49,89,Mobile,2024-05-20 02:57:00
W05028,P0271,C0297,21,53,Mobile,2024-04-10 17:09:00
W05029,P0440,C0174,67,90,Mobile,2024-03-25 05:06:00
W05030,P0291,C0271,97,85,Laptop,2024-02-05 05:26:00
W05031,P0039,C0283,70,99,Mobile,2024-04-09 06:34:00
W05032,P0024,C0116,96,66,Mobile,2024-02-13 12:28:00
W05033,P0264,C0168,121,80,TV,2024-01-29 05:29:00
W05034,P0043,C0142,46,33,Laptop,2024-02-19 12:52:00
W05035,P0170,C0210,75,89,Tablet,2024-04-19 06:17:00
W05036,P0340,C0141,79,91,TV,2024-03-28 16:39:00
W05037,P0169,C0106,75,68,TV,2024-02-26 12:53:00
W05038,P0303,C0281,47,17,Laptop,2024-05-23 18:03:00
W05039,P0026,C0373,59,100,Laptop,2024-04-09 18:18:00
W05040,P0180,C0285,60,99,TV,2024-01-03 12:27:00
W05041,P0472,C0244,83,91,TV,2024-05-13 04:34:00
W05042,P0150,C0200,87,11,TV,2024-01-18 03:34:00
W05043,P0133,C0190,125,50,Laptop,2024-03-13 04:14:00
W05044,P0143,C0346,76,96,TV,2024-05-10 02:05:00
W05045,P0164,C0339,5,65,TV,2024-03-12 22:27:00
W05046,P0101,C0312,134,57,Tablet,2024-03-20 22:01:00
W05047,P0063,C0181,97,31,Mobile,2024-03-04 03:01:00
W05048,P0093,C0215,46,27,Mobile,2024-03-18 08:30:00
W05049,P0207,C0376,78,88,Mobile,2024-05-06 20:22:00
W05050,P0475,C0180,13,50,Mobile,2024-03-16 19:48:00
W05051,P0433,C0156,118,76,Mobile,2024-05-11 10:41:00
W05052,P0311,C0279,35,57,TV,2024-05-01 07:30:00
W05053,P0072,C0149,100,32,TV,2024-04-11 20:27:00
W05054,P0060,C0360,6,11,Tablet,2024-03-02 04:16:00
W05055,P0441,C0374,28,13,Laptop,2024-01-17 21:35:00
W05056,P0029,C0392,47,35,Tablet,2024-01-09 12:40:00
W05057,P0019,C0391,55,28,Laptop,2024-02-28 14:46:00
W05058,P0479,C0130,79,58,Laptop,2024-05-16 19:02:00
W05059,P0073,C0352,103,83,Tablet,2024-02-10 06:38:00
W05060,P0394,C0163,5,95,TV,2024-03-06 05:30:00
W05061,P0357,C0182,128,62,Tablet,2024-01-11 07:59:00
W05062,P0394,C0269,121,15,Mobile,2024-05-13 15:15:00
W05063,P0246,C0258,91,71,Tablet,2024-04-08 09:43:00
W05064,P0481,C0156,133,10,TV,2024-04-22 18:50:00
W05065,P0473,C0242,122,25,TV,2024-02-03 13:44:00
W05066,P0313,C0249,67,61,Laptop,2024-04-26 16:58:00
W05067,P0438,C0326,80,16,Laptop,2024-04-29 19:30:00
W05068,P0440,C0125,99,97,Tablet,2024-03-11 23:58:00
W05069,P0324,C0278,39,44,Laptop,2024-02-09 23:41:00
W05070,P0453,C0195,96,87,Tablet,2024-04-12 10:35:00
W05071,P0087,C0153,89,77,Laptop,2024-05-02 14:27:00
W05072,P0359,C0170,143,24,TV,2024-05-16 13:45:00
W05073,P0183,C0276,143,66,Laptop,2024-05-27 18:52:00
W05074,P0197,C0232,60,32,Mobile,2024-04-30 05:47:00
W05075,P0244,C0313,11,92,TV,2024-02-19 15:15:00
W05076,P0328,C0311,55,87,Mobile,2024-04-14 23:16:00
W05077,P0465,C0164,43,100,TV,2024-01-27 16:07:00
W05078,P0385,C0135,46,95,Tablet,2024-02-01 21:36:00
W05079,P0118,C0112,76,20,TV,2024-05-16 22:43:00
W05080,P0498,C0348,57,13,Laptop,2024-02-14 21:28:00
W05081,P0396,C0212,95,67,Mobile,2024-01-30 02:45:00
W05082,P0419,C0191,34,49,TV,2024-02-29 00:00:00
W05083,P0372,C0394,127,67,Tablet,2024-01-05 01:02:00
W05084,P0462,C0129,133,97,Mobile,2024-03-05 20:24:00
W05085,P0496,C0112,28,76,TV,2024-05-11 10:25:00
W05086,P0082,C0247,129,47,Tablet,2024-01-25 20:25:00
W05087,P0458,C0237,138,11,TV,2024-05-14 20:57:00
W05088,P0247,C0257,10,96,TV,2024-05-20 11:47:00
W05089,P0463,C0359,131,49,Mobile,2024-02-12 18:00:00
W05090,P0234,C0187,121,93,TV,2024-05-21 12:01:00
W05091,P0417,C0258,39,65,Mobile,2024-03-12 10:39:00
W05092,P0467,C0286,132,81,Mobile,2024-04-15 02:44:00
W05093,P0482,C0329,83,44,Laptop,2024-03-11 01:29:00
W05094,P0365,C0104,39,58,Mobile,2024-01-04 14:33:00
W05095,P0153,C0157,52,76,TV,2024-03-19 10:07:00
W05096,P0272,C0128,118,53,TV,2024-04-02 14:53:00
W05097,P0392,C0116,109,40,TV,2024-01-16 06:42:00
W05098,P0035,C0113,76,74,TV,2024-04-25 19:55:00
W05099,P0213,C0300,47,85,Mobile,2024-01-16 16:00:00
W05100,P0211,C0284,39,27,Laptop,2024-05-09 17:59:00
W05101,P0430,C0381,137,97,Mobile,2024-03-19 18:46:00
W05102,P0139,C0258,35,45,TV,2024-01-28 08:36:00
W05103,P0189,C0359,110,71,Mobile,2024-04-15 21:41:00
W05104,P0300,C0257,105,38,Laptop,2024-04-26 10:11:00
W05105,P0395,C0194,12,98,Tablet,2024-01-13 06:39:00
W05106,P0252,C0367,10,32,Laptop,2024-03-26 05:19:00
W05107,P0395,C0121,91,12,Laptop,2024-02-01 05:35:00
W05108,P0150,C0227,84,39,Tablet,2024-02-20 18:22:00
W05109,P0341,C0212,48,90,Laptop,2024-04-15 08:20:00
W05110,P0219,C0334,140,54,Laptop,2024-03-03 01:15:00
W05111,P0082,C0134,68,58,Mobile,2024-02-29 23:16:00
W05112,P0190,C0180,136,28,Laptop,2024-03-21 11:36:00
W05113,P0234,C0183,36,73,Laptop,2024-03-11 16:08:00
W05114,P0176,C0129,57,14,TV,2024-03-26 11:05:00
W05115,P0232,C0231,117,65,Laptop,2024-05-19 18:14:00
W05116,P0358,C0111,67,43,Mobile,2024-02-15 17:50:00
W05117,P0478,C0162,118,82,Tablet,2024-03-19 02:28:00
W05118,P0063,C0133,81,57,TV,2024-05-21 19:13:00
W05119,P0435,C0236,26,35,Mobile,2024-05-06 14:36:00
W05120,P0429,C0188,131,14,TV,2024-04-28 16:05:00
W05121,P0495,C0117,35,97,Laptop,2024-04-10 15:28:00
W05122,P0237,C0191,28,40,Mobile,2024-01-06 04:03:00
W05123,P0033,C0399,7,33,TV,2024-05-05 18:46:00
W05124,P0213,C0353,37,94,Mobile,2024-02-06 22:36:00
W05125,P0060,C0173,55,31,TV,2024-05-20 04:55:00
W05126,P0379,C0306,34,31,Laptop,2024-04-16 14:19:00
W05127,P0002,C0361,29,94,Tablet,2024-01-18 18:26:00
W05128,P0397,C0278,32,66,Tablet,2024-02-01 11:45:00
W05129,P0450,C0320,101,39,Mobile,2024-01-25 12:11:00
W05130,P0057,C0273,91,56,Tablet,2024-02-02 05:43:00
W05131,P0427,C0265,30,83,Mobile,2024-04-13 00:33:00
W05132,P0301,C0320,124,76,Mobile,2024-04-11 10:38:00
W05133,P0287,C0392,140,48,Laptop,2024-03-09 11:30:00
W05134,P0138,C0261,105,98,Laptop,2024-03-20 02:20:00
W05135,P0279,C0348,101,75,TV,2024-01-31 14:43:00
W05136,P0214,C0171,19,86,Mobile,2024-03-03 18:30:00
W05137,P0239,C0192,53,100,TV,2024-02-17 18:04:00
W05138,P0285,C0345,115,38,TV,2024-05-19 05:33:00
W05139,P0481,C0124,12,23,Laptop,2024-01-18 06:50:00
W05140,P0031,C0145,89,13,Mobile,2024-01-28 07:45:00
W05141,P0206,C0289,132,81,Laptop,2024-03-20 13:03:00
W05142,P0458,C0386,135,14,Mobile,2024-03-17 12:12:00
W05143,P0274,C0183,141,53,Tablet,2024-05-16 23:04:00
W05144,P0011,C0322,18,100,Tablet,2024-03-17 08:28:00
W05145,P0359,C0319,95,33,TV,2024-01-09 19:58:00
W05146,P0047,C0318,8,37,Laptop,2024-02-20 04:04:00
W05147,P0003,C0290,80,33,Laptop,2024-05-01 03:04:00
W05148,P0130,C0167,32,14,Mobile,2024-02-01 16:37:00
W05149,P0438,C0131,103,22,TV,2024-02-26 05:09:00
W05150,P0072,C0350,71,91,Laptop,2024-04-25 13:49:00
W05151,P0159,C0154,121,64,TV,2024-03-24 16:31:00
W05152,P0392,C0110,21,90,Laptop,2024-02-25 13:10:00
W05153,P0427,C0266,138,39,Tablet,2024-01-17 07:43:00
W05154,P0432,C0385,111,92,Laptop,2024-03-18 08:53:00
W05155,P0130,C0253,85,95,Laptop,2024-04-17 21:36:00
W05156,P0022,C0132,15,58,Tablet,2024-01-15 06:09:00
W05157,P0380,C0117,105,91,TV,2024-02-17 03:24:00
W05158,P0389,C0246,111,99,TV,2024-04-22 14:24:00
W05159,P0135,C0175,124,24,TV,2024-03-31 03:46:00
W05160,P0020,C0224,148,39,Tablet,2024-01-16 05:53:00
W05161,P0220,C0152,110,37,Tablet,2024-04-20 17:04:00
W05162,P0333,C0290,122,93,Tablet,2024-02-10 15:26:00
W05163,P0130,C0241,80,13,TV,2024-04-17 19:44:00
W05164,P0032,C0188,9,77,TV,2024-04-12 19:11:00
W05165,P0090,C0184,30,24,TV,2024-01-30 07:52:00
W05166,P0259,C0343,81,43,TV,2024-02-14 01:19:00
W05167,P0425,C0206,71,84,Mobile,2024-02-08 03:59:00
W05168,P0298,C0192,36,96,Tablet,2024-02-14 09:49:00
W05169,P0333,C0121,123,52,Tablet,2024-03-21 21:43:00
W05170,P0249,C0106,106,84,Tablet,2024-04-25 04:28:00
W05171,P0469,C0321,113,70,TV,2024-05-27 05:34:00
W05172,P0173,C0187,83,72,TV,2024-02-25 17:56:00
W05173,P0357,C0280,70,11,Mobile,2024-03-08 11:33:00
W05174,P0471,C0346,143,61,Mobile,2024-02-03 06:25:00
W05175,P0455,C0274,84,61,TV,2024-04-20 18:37:00
W05176,P0401,C0213,14,24,TV,2024-02-16 13:13:00
W05177,P0476,C0171,81,49,TV,2024-03-24 14:33:00
W05178,P0384,C0258,64,37,Tablet,2024-04-01 06:15:00
W05179,P0047,C0399,12,64,Mobile,2024-03-15 03:21:00
W05180,P0478,C0337,52,59,Tablet,2024-02-10 22:11:00
W05181,P0197,C0287,85,31,Laptop,2024-03-22 15:22:00
W05182,P0408,C0343,45,38,Laptop,2024-05-13 18:09:00
W05183,P0455,C0266,127,81,Laptop,2024-01-24 16:01:00
W05184,P0379,C0134,12,95,Laptop,2024-03-01 15:41:00
W05185,P0034,C0355,97,21,Tablet,2024-03-09 10:25:00
W05186,P0254,C0320,95,96,Laptop,2024-03-15 15:38:00
W05187,P0248,C0132,68,47,TV,2024-02-28 06:25:00
W05188,P0434,C0357,131,11,Laptop,2024-01-15 20:54:00
W05189,P0042,C0333,92,21,TV,2024-04-14 03:18:00
W05190,P0289,C0315,49,64,Tablet,2024-05-27 22:57:00
W05191,P0123,C0342,148,94,Mobile,2024-02-04 02:41:00
W05192,P0027,C0345,30,21,Mobile,2024-01-31 14:54:00
W05193,P0462,C0120,19,18,Laptop,2024-01-19 13:11:00
W05194,P0059,C0310,62,88,Mobile,2024-03-24 05:47:00
W05195,P0147,C0310,83,41,TV,2024-05-24 02:26:00
W05196,P0496,C0172,29,82,Laptop,2024-04-27 11:14:00
W05197,P0115,C0262,72,97,Laptop,2024-02-16 21:19:00
W05198,P0486,C0278,40,17,TV,2024-04-12 02:00:00
W05199,P0460,C0111,121,37,TV,2024-04-03 00:41:00
W05200,P0387,C0399,84,65,Tablet,2024-04-20 00:28:00
W05201,P0199,C0366,63,91,TV,2024-05-03 13:04:00
W05202,P0128,C0108,44,45,Tablet,2024-01-14 15:19:00
W05203,P0376,C0375,121,46,Laptop,2024-02-19 13:44:00
W05204,P0483,C0293,85,41,Mobile,2024-04-13 04:54:00
W05205,P0153,C0359,135,94,Mobile,2024-04-05 09:07:00
W05206,P0369,C0153,75,48,Tablet,2024-04-23 17:40:00
W05207,P0271,C0400,144,58,Mobile,2024-01-14 10:34:00
W05208,P0339,C0196,105,27,Mobile,2024-03-23 19:42:00
W05209,P0444,C0192,74,32,Laptop,2024-03-13 10:13:00
W05210,P0083,C0244,29,42,Tablet,2024-03-21 18:26:00
W05211,P0023,C0118,93,82,TV,2024-02-13 17:25:00
W05212,P0011,C0226,135,60,Mobile,2024-05-11 07:44:00
W05213,P0187,C0254,67,52,Laptop,2024-02-15 15:54:00
W05214,P0469,C0106,34,13,Laptop,2024-01-11 13:18:00
W05215,P0116,C0188,97,89,Mobile,2024-05-18 19:03:00
W05216,P0162,C0369,136,76,TV,2024-02-25 00:37:00
W05217,P0103,C0165,82,81,TV,2024-01-21 18:53:00
W05218,P0243,C0266,89,89,Tablet,2024-04-03 06:33:00
W05219,P0007,C0164,75,11,Tablet,2024-05-15 00:07:00
W05220,P0362,C0370,75,54,Tablet,2024-03-12 04:49:00
W05221,P0172,C0245,133,92,Laptop,2024-05-23 06:00:00
W05222,P0256,C0369,38,97,TV,2024-05-20 11:55:00
W05223,P0247,C0106,91,89,Tablet,2024-05-29 12:32:00
W05224,P0475,C0221,135,49,Laptop,2024-03-04 13:13:00
W05225,P0192,C0232,22,11,TV,2024-03-23 01:46:00
W05226,P0114,C0390,47,41,Mobile,2024-03-09 10:08:00
W05227,P0023,C0289,80,10,Tablet,2024-01-30 00:07:00
W05228,P0358,C0309,82,27,Tablet,2024-02-07 03:08:00
W05229,P0314,C0142,45,73,TV,2024-03-21 01:47:00
W05230,P0276,C0178,110,41,Mobile,2024-03-05 11:25:00
W05231,P0411,C0245,113,18,Mobile,2024-03-30 05:27:00
W05232,P0373,C0386,28,64,Laptop,2024-02-12 05:01:00
W05233,P0444,C0271,28,76,Tablet,2024-05-04 17:42:00
W05234,P0136,C0193,7,33,Mobile,2024-02-20 17:07:00
W05235,P0357,C0363,77,20,Laptop,2024-04-30 18:20:00
W05236,P0195,C0123,28,37,Tablet,2024-05-12 04:35:00
W05237,P0258,C0392,123,25,Tablet,2024-02-03 23:21:00
W05238,P0278,C0242,44,21,Tablet,2024-04-18 10:37:00
W05239,P0070,C0248,75,77,Tablet,2024-02-23 15:29:00
W05240,P0359,C0216,141,99,Mobile,2024-05-24 23:32:00
W05241,P0360,C0181,113,13,Mobile,2024-03-29 03:02:00
W05242,P0036,C0125,107,84,Mobile,2024-02-22 22:09:00
W05243,P0108,C0215,37,75,TV,2024-03-12 20:42:00
W05244,P0024,C0194,66,40,TV,2024-05-20 21:35:00
W05245,P0140,C0285,89,65,Tablet,2024-01-13 17:23:00
W05246,P0465,C0383,65,59,Mobile,2024-03-06 16:34:00
W05247,P0022,C0255,97,76,Laptop,2024-02-16 02:26:00
W05248,P0339,C0274,31,98,Mobile,2024-05-01 05:09:00
W05249,P0329,C0273,130,10,Laptop,2024-01-06 00:13:00
W05250,P0204,C0254,149,78,Tablet,2024-05-11 12:34:00
W05251,P0380,C0114,64,48,Tablet,2024-01-27 04:22:00
W05252,P0224,C0228,51,61,Tablet,2024-05-10 20:48:00
W05253,P0223,C0192,116,45,Mobile,2024-01-02 20:57:00
W05254,P0081,C0371,91,76,Mobile,2024-03-20 06:48:00
W05255,P0407,C0322,113,21,Laptop,2024-02-29 16:14:00
W05256,P0330,C0208,140,70,Laptop,2024-01-24 04:30:00
W05257,P0191,C0128,77,89,TV,2024-04-04 02:21:00
W05258,P0286,C0297,126,81,Tablet,2024-05-13 16:13:00
W05259,P0147,C0300,101,20,Laptop,2024-03-21 04:33:00
W05260,P0282,C0254,72,23,Mobile,2024-01-20 07:44:00
W05261,P0474,C0170,67,100,Laptop,2024-02-09 17:42:00
W05262,P0384,C0260,86,91,TV,2024-02-01 19:07:00
W05263,P0011,C0203,34,63,Mobile,2024-04-17 21:46:00
W05264,P0276,C0336,29,17,Mobile,2024-04-19 02:59:00
W05265,P0374,C0289,125,42,Mobile,2024-04-06 20:14:00
W05266,P0056,C0209,101,13,Laptop,2024-03-14 07:26:00
W05267,P0173,C0355,103,39,Tablet,2024-01-17 09:20:00
W05268,P0452,C0293,110,93,Tablet,2024-03-21 12:01:00
W05269,P0303,C0171,60,100,Tablet,2024-04-25 08:54:00
W05270,P0204,C0369,134,98,Tablet,2024-04-07 22:31:00
W05271,P0345,C0309,57,63,Tablet,2024-05-20 06:46:00
W05272,P0248,C0276,130,15,Mobile,2024-02-26 11:33:00
W05273,P0314,C0339,45,14,Mobile,2024-05-27 22:45:00
W05274,P0266,C0198,27,87,Laptop,2024-01-23 18:48:00
W05275,P0022,C0189,35,60,Mobile,2024-03-07 09:17:00
W05276,P0327,C0352,6,23,Laptop,2024-03-21 15:40:00
W05277,P0024,C0199,64,43,Laptop,2024-05-26 20:45:00
W05278,P0194,C0254,82,50,TV,2024-03-27 17:18:00
W05279,P0096,C0395,27,98,Mobile,2024-05-02 01:17:00
W05280,P0469,C0383,39,48,Laptop,2024-03-06 13:26:00
W05281,P0445,C0396,5,27,Tablet,2024-01-18 12:47:00
W05282,P0263,C0131,109,29,Tablet,2024-01-21 17:30:00
W05283,P0072,C0231,53,17,TV,2024-01-02 07:43:00
W05284,P0243,C0316,66,35,Laptop,2024-02-08 13:43:00
W05285,P0383,C0115,19,94,Mobile,2024-04-16 23:26:00
W05286,P0038,C0367,25,36,Tablet,2024-01-13 23:25:00
W05287,P0405,C0386,140,41,Tablet,2024-02-25 20:53:00
W05288,P0392,C0391,139,51,TV,2024-01-28 12:01:00
W05289,P0377,C0143,109,59,Tablet,2024-04-28 00:40:00
W05290,P0089,C0268,38,90,Laptop,2024-01-04 07:20:00
W05291,P0028,C0355,125,58,TV,2024-03-28 01:23:00
W05292,P0092,C0270,100,74,Tablet,2024-02-15 07:19:00
W05293,P0054,C0359,14,72,Mobile,2024-03-28 16:25:00
W05294,P0159,C0178,94,36,Laptop,2024-03-17 02:15:00
W05295,P0372,C0185,62,84,Tablet,2024-05-20 14:20:00
W05296,P0228,C0249,113,44,Mobile,2024-01-20 09:49:00
W05297,P0473,C0301,103,47,Laptop,2024-01-27 19:03:00
W05298,P0372,C0177,113,47,Tablet,2024-01-25 22:11:00
W05299,P0376,C0350,136,51,TV,2024-01-21 04:54:00
W05300,P0041,C0153,93,51,Mobile,2024-01-15 00:52:00
W05301,P0037,C0400,140,58,Tablet,2024-02-07 00:51:00
W05302,P0125,C0393,16,66,TV,2024-03-12 00:27:00
W05303,P0422,C0394,122,63,Laptop,2024-05-23 12:43:00
W05304,P0179,C0209,92,19,Laptop,2024-04-27 15:11:00
W05305,P0332,C0188,92,69,Mobile,2024-02-04 23:44:00
W05306,P0037,C0266,134,49,Mobile,2024-04-08 13:39:00
W05307,P0101,C0367,77,10,Laptop,2024-05-19 09:19:00
W05308,P0031,C0193,87,95,TV,2024-01-22 06:18:00
W05309,P0190,C0273,9,73,Laptop,2024-05-06 20:00:00
W05310,P0146,C0164,51,90,Tablet,2024-02-21 01:18:00
W05311,P0090,C0226,28,21,Tablet,2024-05-08 13:53:00
W05312,P0006,C0330,125,66,TV,2024-03-04 17:11:00
W05313,P0393,C0205,99,86,Tablet,2024-01-25 07:29:00
W05314,P0139,C0309,146,98,Tablet,2024-04-03 07:16:00
W05315,P0095,C0162,55,35,Mobile,2024-01-15 11:29:00
W05316,P0119,C0340,138,49,Tablet,2024-05-01 09:46:00
W05317,P0366,C0161,149,52,TV,2024-04-13 10:26:00
W05318,P0120,C0112,86,81,Laptop,2024-02-08 07:37:00
W05319,P0386,C0237,76,22,TV,2024-04-17 02:14:00
W05320,P0123,C0295,55,99,Mobile,2024-04-27 20:55:00
W05321,P0285,C0174,56,65,TV,2024-02-08 13:38:00
W05322,P0366,C0236,16,26,Laptop,2024-02-16 00:35:00
W05323,P0377,C0143,85,97,Laptop,2024-03-04 01:34:00
W05324,P0179,C0139,99,33,TV,2024-04-14 19:29:00
W05325,P0490,C0131,119,85,Laptop,2024-05-28 06:07:00
W05326,P0325,C0242,133,67,Mobile,2024-03-05 20:51:00
W05327,P0407,C0144,15,89,TV,2024-01-08 13:35:00
W05328,P0484,C0288,20,70,Tablet,2024-03-25 12:35:00
W05329,P0007,C0102,105,89,TV,2024-03-25 19:38:00
W05330,P0384,C0392,117,37,Tablet,2024-01-19 10:26:00
W05331,P0312,C0396,96,76,Tablet,2024-02-19 18:42:00
W05332,P0127,C0124,13,60,TV,2024-04-13 23:15:00
W05333,P0077,C0204,123,97,Laptop,2024-02-20 23:05:00
W05334,P0234,C0162,127,48,Tablet,2024-04-21 07:32:00
W05335,P0318,C0253,12,75,Tablet,2024-03-12 02:18:00
W05336,P0074,C0363,29,86,TV,2024-03-20 03:50:00
W05337,P0484,C0394,123,83,Tablet,2024-02-18 22:06:00
W05338,P0464,C0343,27,49,TV,2024-03-12 21:26:00
W05339,P0271,C0221,48,22,Tablet,2024-03-06 03:41:00
W05340,P0309,C0273,60,28,Tablet,2024-03-17 01:01:00
W05341,P0427,C0203,127,15,TV,2024-02-07 02:04:00
W05342,P0467,C0260,27,27,TV,2024-03-24 02:40:00
W05343,P0469,C0357,13,18,Mobile,2024-01-29 10:25:00
W05344,P0120,C0302,8,90,Laptop,2024-03-19 01:45:00
W05345,P0035,C0145,125,77,Mobile,2024-05-10 23:00:00
W05346,P0207,C0164,102,63,TV,2024-01-08 00:01:00
W05347,P0496,C0296,135,59,Tablet,2024-04-22 21:14:00
W05348,P0270,C0170,87,79,Laptop,2024-03-05 18:51:00
W05349,P0093,C0281,38,20,TV,2024-01-20 02:59:00
W05350,P0453,C0347,109,64,Mobile,2024-02-06 09:43:00
W05351,P0378,C0258,111,51,Tablet,2024-01-27 02:54:00
W05352,P0177,C0286,47,99,Tablet,2024-05-02 03:46:00
W05353,P0274,C0331,16,20,TV,2024-05-13 07:23:00
W05354,P0179,C0173,20,81,Tablet,2024-02-14 07:07:00
W05355,P0129,C0155,66,76,Mobile,2024-03-23 12:44:00
W05356,P0125,C0343,21,11,Tablet,2024-05-25 10:31:00
W05357,P0027,C0315,19,91,Mobile,2024-03-05 21:44:00
W05358,P0064,C0115,30,75,Tablet,2024-01-27 23:34:00
W05359,P0060,C0247,49,35,Laptop,2024-04-15 15:24:00
W05360,P0219,C0244,134,85,TV,2024-02-13 01:46:00
W05361,P0217,C0125,149,46,TV,2024-02-05 10:58:00
W05362,P0169,C0199,69,99,Tablet,2024-01-06 19:42:00
W05363,P0149,C0279,98,45,TV,2024-01-09 20:25:00
W05364,P0270,C0274,34,25,Laptop,2024-01-13 22:00:00
W05365,P0116,C0363,72,87,Mobile,2024-05-07 16:32:00
W05366,P0245,C0390,110,75,Laptop,2024-01-24 04:04:00
W05367,P0148,C0158,48,30,Laptop,2024-02-13 23:05:00
W05368,P0092,C0379,100,16,Mobile,2024-04-07 06:25:00
W05369,P0085,C0245,64,20,TV,2024-02-25 06:53:00
W05370,P0087,C0222,5,65,Mobile,2024-01-22 11:54:00
W05371,P0395,C0127,23,53,Mobile,2024-03-21 22:59:00
W05372,P0120,C0166,37,63,Mobile,2024-01-13 13:58:00
W05373,P0450,C0201,95,66,TV,2024-01-16 16:32:00
W05374,P0340,C0194,28,67,Mobile,2024-02-14 22:24:00
W05375,P0024,C0167,87,46,Laptop,2024-05-18 22:29:00
W05376,P0375,C0350,129,57,Mobile,2024-05-27 05:54:00
W05377,P0089,C0242,143,71,Mobile,2024-04-10 01:44:00
W05378,P0037,C0367,13,48,Tablet,2024-05-19 10:05:00
W05379,P0342,C0140,10,73,Tablet,2024-02-11 14:10:00
W05380,P0383,C0315,62,77,Laptop,2024-05-12 14:32:00
W05381,P0408,C0231,104,77,TV,2024-01-28 13:13:00
W05382,P0271,C0101,126,36,Tablet,2024-04-25 22:08:00
W05383,P0012,C0109,105,79,Laptop,2024-05-28 08:21:00
W05384,P0494,C0244,15,91,Tablet,2024-04-01 21:03:00
W05385,P0095,C0238,5,69,Tablet,2024-02-27 11:34:00
W05386,P0491,C0397,85,53,TV,2024-03-21 00:25:00
W05387,P0448,C0279,114,39,TV,2024-03-17 03:36:00
W05388,P0031,C0378,104,67,Tablet,2024-03-12 13:56:00
W05389,P0437,C0244,109,93,Tablet,2024-01-06 17:26:00
W05390,P0350,C0290,137,45,TV,2024-02-23 09:58:00
W05391,P0233,C0370,103,14,TV,2024-01-11 23:58:00
W05392,P0340,C0287,13,28,Laptop,2024-05-13 21:30:00
W05393,P0328,C0254,136,21,Tablet,2024-03-17 17:02:00
W05394,P0300,C0272,61,99,TV,2024-01-12 07:29:00
W05395,P0286,C0347,128,69,Tablet,2024-02-22 21:10:00
W05396,P0035,C0111,10,92,Laptop,2024-02-05 23:44:00
W05397,P0021,C0147,146,20,Mobile,2024-01-28 03:39:00
W05398,P0111,C0366,67,62,Tablet,2024-05-29 04:30:00
W05399,P0488,C0211,122,29,Laptop,2024-05-18 13:11:00
W05400,P0319,C0379,69,82,Mobile,2024-01-30 13:53:00
W05401,P0348,C0392,56,93,Tablet,2024-03-01 22:00:00
W05402,P0487,C0352,69,36,Laptop,2024-03-22 22:10:00
W05403,P0145,C0176,129,67,Mobile,2024-04-04 08:30:00
W05404,P0012,C0275,104,14,Laptop,2024-01-13 08:11:00
W05405,P0244,C0209,140,83,Laptop,2024-05-19 00:08:00
W05406,P0498,C0114,100,18,Laptop,2024-02-17 09:20:00
W05407,P0146,C0281,12,98,Laptop,2024-02-22 07:19:00
W05408,P0239,C0372,18,86,Mobile,2024-02-09 13:11:00
W05409,P0092,C0143,28,41,TV,2024-04-17 21:08:00
W05410,P0316,C0202,97,81,Laptop,2024-02-02 17:26:00
W05411,P0323,C0213,29,63,Mobile,2024-03-17 09:25:00
W05412,P0115,C0293,138,54,Laptop,2024-02-22 00:48:00
W05413,P0015,C0109,133,36,Tablet,2024-03-18 05:35:00
W05414,P0272,C0249,91,95,Tablet,2024-04-11 19:05:00
W05415,P0022,C0324,37,37,TV,2024-04-12 05:45:00
W05416,P0118,C0210,146,27,Mobile,2024-04-30 12:35:00
W05417,P0369,C0184,60,96,Tablet,2024-05-28 19:29:00
W05418,P0095,C0143,32,40,Mobile,2024-02-29 14:49:00
W05419,P0447,C0166,33,50,Tablet,2024-05-20 06:47:00
W05420,P0415,C0209,27,43,Mobile,2024-01-30 14:10:00
W05421,P0257,C0202,42,16,Laptop,2024-04-20 10:19:00
W05422,P0331,C0235,47,14,Laptop,2024-04-20 13:12:00
W05423,P0262,C0186,14,30,Tablet,2024-02-19 17:17:00
W05424,P0087,C0184,31,15,TV,2024-05-13 09:47:00
W05425,P0393,C0327,140,54,Tablet,2024-03-24 22:46:00
W05426,P0436,C0360,89,44,Tablet,2024-01-30 05:13:00
W05427,P0464,C0120,17,96,TV,2024-04-03 04:56:00
W05428,P0318,C0135,62,12,Laptop,2024-04-03 09:28:00
W05429,P0058,C0343,7,42,Laptop,2024-03-04 10:09:00
W05430,P0230,C0370,104,47,Tablet,2024-01-16 22:47:00
W05431,P0108,C0323,108,96,Mobile,2024-03-18 22:49:00
W05432,P0019,C0258,9,89,Tablet,2024-03-12 04:29:00
W05433,P0365,C0385,26,98,Laptop,2024-01-31 01:05:00
W05434,P0141,C0136,70,25,Mobile,2024-04-21 01:07:00
W05435,P0379,C0398,93,98,TV,2024-02-24 16:19:00
W05436,P0160,C0129,44,80,Laptop,2024-05-02 16:13:00
W05437,P0100,C0355,92,17,TV,2024-01-25 13:56:00
W05438,P0265,C0242,126,12,Laptop,2024-04-11 14:45:00
W05439,P0238,C0234,9,78,Laptop,2024-01-26 07:01:00
W05440,P0238,C0244,148,28,Mobile,2024-01-07 07:57:00
W05441,P0049,C0397,121,16,Laptop,2024-04-29 21:54:00
W05442,P0165,C0345,19,95,Tablet,2024-03-18 17:41:00
W05443,P0287,C0354,79,99,TV,2024-05-17 07:20:00
W05444,P0415,C0105,84,59,Laptop,2024-01-28 07:41:00
W05445,P0059,C0366,22,98,Tablet,2024-04-09 21:57:00
W05446,P0183,C0339,106,15,TV,2024-05-23 15:16:00
W05447,P0147,C0350,136,14,Tablet,2024-04-01 10:08:00
W05448,P0447,C0391,57,70,Laptop,2024-01-06 11:20:00
W05449,P0386,C0131,62,95,Tablet,2024-05-06 04:30:00
W05450,P0301,C0220,116,67,TV,2024-04-17 13:30:00
W05451,P0096,C0179,89,31,TV,2024-02-16 01:38:00
W05452,P0043,C0109,79,66,TV,2024-01-14 03:13:00
W05453,P0354,C0144,62,84,Laptop,2024-05-11 18:58:00
W05454,P0257,C0322,120,41,Mobile,2024-05-19 12:49:00
W05455,P0213,C0244,63,26,Tablet,2024-05-24 17:03:00
W05456,P0189,C0220,34,67,TV,2024-01-10 14:39:00
W05457,P0131,C0153,72,50,TV,2024-01-21 00:14:00
W05458,P0347,C0165,79,31,Mobile,2024-04-21 10:37:00
W05459,P0300,C0276,72,89,TV,2024-03-25 20:36:00
W05460,P0391,C0170,135,51,TV,2024-01-05 03:50:00
W05461,P0289,C0221,61,88,Laptop,2024-04-26 23:45:00
W05462,P0137,C0303,45,17,Mobile,2024-05-28 16:51:00
W05463,P0030,C0389,8,55,TV,2024-03-14 02:48:00
W05464,P0146,C0280,43,57,Laptop,2024-01-24 16:39:00
W05465,P0312,C0181,113,12,Laptop,2024-02-07 00:43:00
W05466,P0474,C0155,110,86,Laptop,2024-03-15 05:50:00
W05467,P0468,C0279,112,39,Laptop,2024-01-23 09:57:00
W05468,P0486,C0198,15,37,Mobile,2024-02-12 07:45:00
W05469,P0105,C0210,15,82,Mobile,2024-02-09 05:02:00
W05470,P0287,C0253,58,85,Laptop,2024-01-20 10:20:00
W05471,P0456,C0225,24,34,Mobile,2024-03-08 04:39:00
W05472,P0191,C0191,132,46,Tablet,2024-02-05 09:16:00
W05473,P0471,C0394,80,94,Tablet,2024-05-09 19:37:00
W05474,P0178,C0137,123,60,Laptop,2024-01-23 11:58:00
W05475,P0345,C0105,18,48,TV,2024-03-31 06:29:00
W05476,P0239,C0250,127,92,TV,2024-04-12 09:09:00
W05477,P0001,C0272,29,81,Tablet,2024-04-03 17:41:00
W05478,P0110,C0362,110,76,Laptop,2024-02-12 14:30:00
W05479,P0338,C0127,110,95,Tablet,2024-04-23 08:36:00
W05480,P0275,C0155,107,10,Tablet,2024-03-08 02:02:00
W05481,P0371,C0349,14,47,TV,2024-03-20 19:36:00
W05482,P0382,C0373,18,61,Tablet,2024-01-11 19:45:00
W05483,P0234,C0359,137,72,Laptop,2024-05-21 23:19:00
W05484,P0064,C0366,26,61,TV,2024-01-26 15:38:00
W05485,P0244,C0291,79,92,TV,2024-02-05 10:33:00
W05486,P0053,C0163,33,94,Tablet,2024-02-28 01:35:00
W05487,P0262,C0204,139,69,Mobile,2024-01-06 05:53:00
W05488,P0017,C0388,39,22,Tablet,2024-02-25 19:19:00
W05489,P0302,C0359,75,100,Laptop,2024-04-03 16:06:00
W05490,P0493,C0261,98,26,Mobile,2024-04-29 07:09:00
W05491,P0456,C0271,8,93,Laptop,2024-01-25 19:29:00
W05492,P0374,C0209,55,39,TV,2024-01-12 01:26:00
W05493,P0234,C0240,98,47,Laptop,2024-04-18 22:48:00
W05494,P0073,C0193,34,20,Laptop,2024-01-10 16:33:00
W05495,P0357,C0203,98,36,Laptop,2024-03-17 13:41:00
W05496,P0439,C0326,114,47,Tablet,2024-04-11 15:36:00
W05497,P0091,C0260,78,37,Tablet,2024-05-16 03:10:00
W05498,P0484,C0295,146,35,Laptop,2024-05-21 18:16:00
W05499,P0006,C0245,91,42,Tablet,2024-03-12 19:50:00
W05500,P0198,C0342,144,41,TV,2024-02-23 21:22:00
W05501,P0365,C0232,80,63,TV,2024-04-20 12:23:00
W05502,P0196,C0193,30,34,Mobile,2024-04-05 13:58:00
W05503,P0470,C0373,138,33,Tablet,2024-01-19 21:53:00
W05504,P0296,C0292,105,49,Tablet,2024-02-19 02:54:00
W05505,P0347,C0122,119,36,Laptop,2024-02-15 03:04:00
W05506,P0485,C0294,147,55,Mobile,2024-03-23 08:29:00
W05507,P0322,C0270,110,95,TV,2024-02-20 22:13:00
W05508,P0137,C0111,107,93,TV,2024-03-30 18:24:00
W05509,P0267,C0281,108,78,Laptop,2024-04-27 02:35:00
W05510,P0404,C0332,81,78,Tablet,2024-01-19 13:14:00
W05511,P0116,C0129,99,48,Laptop,2024-05-26 08:00:00
W05512,P0043,C0120,111,90,Mobile,2024-01-07 01:08:00
W05513,P0231,C0105,116,38,TV,2024-04-03 14:34:00
W05514,P0058,C0134,56,84,Mobile,2024-04-29 03:05:00
W05515,P0206,C0240,22,95,TV,2024-05-15 11:21:00
W05516,P0410,C0128,61,40,TV,2024-02-11 00:12:00
W05517,P0294,C0198,37,74,Mobile,2024-01-18 22:01:00
W05518,P0094,C0362,108,24,TV,2024-02-20 08:19:00
W05519,P0036,C0346,136,92,TV,2024-04-22 12:03:00
W05520,P0230,C0119,23,83,Mobile,2024-05-23 05:56:00
W05521,P0227,C0112,11,18,TV,2024-01-03 21:17:00
W05522,P0183,C0125,30,22,Mobile,2024-03-19 04:15:00
W05523,P0262,C0113,91,54,Laptop,2024-04-07 19:33:00
W05524,P0131,C0176,102,99,Tablet,2024-01-23 18:02:00
W05525,P0065,C0359,140,15,Tablet,2024-04-22 13:55:00
W05526,P0380,C0124,145,53,Tablet,2024-02-23 23:50:00
W05527,P0448,C0108,36,11,TV,2024-04-20 18:03:00
W05528,P0186,C0328,38,38,Mobile,2024-03-13 12:07:00
W05529,P0117,C0223,59,57,Tablet,2024-02-24 11:59:00
W05530,P0186,C0190,47,21,TV,2024-03-03 03:03:00
W05531,P0274,C0324,146,96,TV,2024-02-24 02:56:00
W05532,P0151,C0324,23,76,Mobile,2024-03-03 18:16:00
W05533,P0352,C0357,61,59,Laptop,2024-03-19 19:50:00
W05534,P0413,C0103,84,20,Mobile,2024-03-05 00:08:00
W05535,P0151,C0371,6,14,TV,2024-01-26 17:31:00
W05536,P0384,C0248,53,54,Laptop,2024-02-09 00:26:00
W05537,P0036,C0289,94,83,Laptop,2024-02-07 20:19:00
W05538,P0326,C0287,26,56,Tablet,2024-03-25 17:33:00
W05539,P0465,C0288,95,15,TV,2024-04-08 20:13:00
W05540,P0466,C0224,33,89,Mobile,2024-01-12 16:52:00
W05541,P0095,C0137,10,96,Mobile,2024-01-30 17:41:00
W05542,P0134,C0249,127,93,Tablet,2024-03-25 09:31:00
W05543,P0162,C0206,89,98,TV,2024-02-07 23:03:00
W05544,P0044,C0203,127,78,Mobile,2024-05-22 15:13:00
W05545,P0300,C0332,108,72,Mobile,2024-01-29 18:55:00
W05546,P0283,C0246,18,76,Mobile,2024-01-21 19:28:00
W05547,P0356,C0117,74,56,Laptop,2024-05-25 07:20:00
W05548,P0240,C0259,143,43,Laptop,2024-04-28 07:00:00
W05549,P0052,C0382,106,21,Tablet,2024-02-29 19:49:00
W05550,P0426,C0378,73,36,Tablet,2024-05-19 20:26:00
W05551,P0281,C0225,83,78,Mobile,2024-04-22 07:47:00
W05552,P0074,C0273,42,95,TV,2024-05-08 05:13:00
W05553,P0295,C0263,66,77,TV,2024-01-03 21:18:00
W05554,P0238,C0303,84,37,Tablet,2024-05-28 00:22:00
W05555,P0167,C0255,121,80,TV,2024-05-16 05:38:00
W05556,P0140,C0361,130,54,TV,2024-02-24 06:05:00
W05557,P0139,C0286,28,11,Mobile,2024-04-25 15:14:00
W05558,P0369,C0157,103,18,Mobile,2024-03-02 20:42:00
W05559,P0235,C0317,139,88,TV,2024-04-09 00:26:00
W05560,P0003,C0308,18,40,Mobile,2024-02-03 13:20:00
W05561,P0256,C0302,98,45,TV,2024-04-01 20:46:00
W05562,P0371,C0174,28,24,TV,2024-04-05 11:29:00
W05563,P0278,C0185,17,71,Laptop,2024-05-27 12:18:00
W05564,P0004,C0220,33,40,TV,2024-04-04 20:09:00
W05565,P0392,C0114,26,36,Laptop,2024-02-07 16:21:00
W05566,P0270,C0229,6,11,Tablet,2024-02-10 15:04:00
W05567,P0212,C0382,107,82,TV,2024-05-16 11:42:00
W05568,P0216,C0149,40,52,Tablet,2024-03-19 11:56:00
W05569,P0270,C0342,42,10,Mobile,2024-05-07 09:03:00
W05570,P0476,C0153,22,92,Laptop,2024-05-21 21:14:00
W05571,P0016,C0365,55,18,Tablet,2024-02-07 10:09:00
W05572,P0416,C0169,147,69,Mobile,2024-05-15 08:03:00
W05573,P0064,C0140,132,11,TV,2024-01-21 22:15:00
W05574,P0239,C0284,21,67,Laptop,2024-02-15 09:14:00
W05575,P0460,C0233,116,74,TV,2024-04-29 00:45:00
W05576,P0016,C0156,81,21,Tablet,2024-02-17 03:17:00
W05577,P0052,C0355,26,64,TV,2024-03-24 09:02:00
W05578,P0019,C0105,127,99,Mobile,2024-03-11 08:39:00
W05579,P0325,C0169,132,19,Tablet,2024-05-09 15:12:00
W05580,P0396,C0152,94,74,Laptop,2024-02-21 17:48:00
W05581,P0093,C0198,136,74,Mobile,2024-02-06 15:37:00
W05582,P0261,C0261,11,70,Mobile,2024-02-13 14:26:00
W05583,P0298,C0371,142,84,Laptop,2024-05-03 16:46:00
W05584,P0017,C0165,19,78,Mobile,2024-01-06 09:39:00
W05585,P0111,C0343,44,44,Tablet,2024-04-10 11:37:00
W05586,P0328,C0362,106,20,TV,2024-05-13 17:16:00
W05587,P0360,C0312,148,77,Laptop,2024-01-30 21:21:00
W05588,P0488,C0254,102,47,Laptop,2024-02-27 13:59:00
W05589,P0094,C0334,124,48,Tablet,2024-05-16 11:44:00
W05590,P0010,C0240,22,30,Tablet,2024-03-17 09:21:00
W05591,P0212,C0215,6,45,Laptop,2024-02-01 00:42:00
W05592,P0237,C0230,124,81,Laptop,2024-05-04 22:54:00
W05593,P0254,C0278,58,29,Laptop,2024-03-18 09:18:00
W05594,P0016,C0195,101,52,Laptop,2024-01-14 23:56:00
W05595,P0489,C0201,77,30,Tablet,2024-03-03 17:22:00
W05596,P0144,C0296,147,44,TV,2024-03-31 00:36:00
W05597,P0042,C0390,96,73,Laptop,2024-04-16 01:31:00
W05598,P0003,C0308,12,41,Mobile,2024-02-21 03:04:00
W05599,P0407,C0195,104,45,Mobile,2024-01-28 06:11:00
W05600,P0470,C0203,43,78,Mobile,2024-03-04 05:44:00
W05601,P0377,C0108,140,61,Tablet,2024-03-18 02:46:00
W05602,P0156,C0236,110,13,Laptop,2024-03-30 04:23:00
W05603,P0494,C0198,54,16,Tablet,2024-01-15 21:26:00
W05604,P0173,C0361,87,93,Mobile,2024-01-17 08:31:00
W05605,P0484,C0247,31,80,TV,2024-03-26 09:35:00
W05606,P0452,C0285,81,33,Mobile,2024-01-12 12:01:00
W05607,P0486,C0332,42,30,Laptop,2024-02-25 19:57:00
W05608,P0024,C0201,25,66,TV,2024-04-10 17:19:00
W05609,P0275,C0247,49,82,TV,2024-01-02 04:03:00
W05610,P0075,C0305,34,28,TV,2024-04-01 21:12:00
W05611,P0040,C0146,99,93,Mobile,2024-04-14 11:33:00
W05612,P0302,C0204,148,37,Tablet,2024-01-31 19:52:00
W05613,P0040,C0322,56,41,Mobile,2024-02-16 17:46:00
W05614,P0062,C0218,110,43,Laptop,2024-03-05 13:37:00
W05615,P0238,C0105,45,25,TV,2024-01-01 02:23:00
W05616,P0487,C0311,85,47,Tablet,2024-05-01 17:31:00
W05617,P0245,C0155,28,90,Tablet,2024-03-26 13:09:00
W05618,P0018,C0119,107,84,Laptop,2024-02-10 14:03:00
W05619,P0140,C0188,6,13,Laptop,2024-05-26 13:56:00
W05620,P0398,C0347,64,65,Laptop,2024-05-02 12:30:00
W05621,P0495,C0217,55,49,TV,2024-01-07 12:43:00
W05622,P0082,C0270,133,59,TV,2024-04-10 18:54:00
W05623,P0189,C0250,95,49,Laptop,2024-02-21 11:58:00
W05624,P0108,C0395,105,91,TV,2024-01-24 17:29:00
W05625,P0234,C0308,118,58,Mobile,2024-05-04 16:45:00
W05626,P0268,C0383,10,57,Tablet,2024-03-30 23:21:00
W05627,P0104,C0274,58,15,TV,2024-01-10 00:16:00
W05628,P0411,C0227,31,14,Tablet,2024-01-02 11:56:00
W05629,P0134,C0256,84,88,Mobile,2024-01-27 20:25:00
W05630,P0344,C0280,67,54,TV,2024-04-27 00:08:00
W05631,P0371,C0187,103,25,Laptop,2024-03-26 00:22:00
W05632,P0033,C0367,95,26,Laptop,2024-03-13 00:26:00
W05633,P0237,C0182,39,68,Mobile,2024-04-02 18:24:00
W05634,P0374,C0164,62,65,Mobile,2024-03-24 03:18:00
W05635,P0336,C0219,40,88,TV,2024-02-12 12:54:00
W05636,P0178,C0263,106,44,Mobile,2024-04-01 14:10:00
W05637,P0012,C0393,96,17,Tablet,2024-03-24 04:59:00
W05638,P0351,C0278,60,70,Laptop,2024-02-09 10:46:00
W05639,P0441,C0130,71,36,TV,2024-01-25 16:40:00
W05640,P0229,C0261,61,87,Mobile,2024-02-28 15:08:00
W05641,P0309,C0103,35,96,Tablet,2024-04-12 22:45:00
W05642,P0269,C0124,135,29,Laptop,2024-04-21 05:41:00
W05643,P0378,C0159,56,66,Laptop,2024-04-07 01:01:00
W05644,P0456,C0337,109,79,TV,2024-01-08 10:24:00
W05645,P0358,C0340,115,97,TV,2024-05-25 04:15:00
W05646,P0131,C0260,96,32,TV,2024-02-29 16:53:00
W05647,P0249,C0160,41,85,TV,2024-02-29 22:50:00
W05648,P0448,C0340,121,11,Mobile,2024-01-14 22:07:00
W05649,P0468,C0159,71,36,TV,2024-04-12 04:04:00
W05650,P0058,C0153,53,41,Mobile,2024-02-25 12:59:00
W05651,P0004,C0164,32,59,Tablet,2024-02-24 23:55:00
W05652,P0236,C0221,36,73,Tablet,2024-04-19 20:40:00
W05653,P0173,C0219,103,49,Laptop,2024-01-04 07:53:00
W05654,P0322,C0386,75,42,Tablet,2024-02-05 20:01:00
W05655,P0371,C0118,36,38,Tablet,2024-05-10 17:20:00
W05656,P0036,C0105,140,42,TV,2024-03-02 17:51:00
W05657,P0279,C0260,72,26,TV,2024-03-02 18:12:00
W05658,P0237,C0242,74,83,TV,2024-05-26 06:05:00
W05659,P0275,C0118,52,74,Tablet,2024-03-31 03:49:00
W05660,P0296,C0168,100,52,TV,2024-04-23 02:57:00
W05661,P0328,C0214,112,72,TV,2024-03-29 23:53:00
W05662,P0400,C0122,50,90,TV,2024-02-25 21:33:00
W05663,P0058,C0120,71,67,TV,2024-01-25 14:59:00
W05664,P0363,C0363,33,100,Mobile,2024-02-01 01:21:00
W05665,P0018,C0198,87,52,TV,2024-03-18 12:41:00
W05666,P0036,C0205,142,46,Tablet,2024-04-15 20:12:00
W05667,P0408,C0386,75,55,TV,2024-01-20 18:17:00
W05668,P0129,C0105,69,34,TV,2024-01-10 03:35:00
W05669,P0001,C0229,149,76,Mobile,2024-02-03 07:24:00
W05670,P0064,C0259,26,60,TV,2024-02-09 03:12:00
W05671,P0062,C0351,104,83,TV,2024-05-06 04:48:00
W05672,P0366,C0376,18,47,Laptop,2024-03-11 19:27:00
W05673,P0420,C0183,10,47,TV,2024-05-12 23:50:00
W05674,P0331,C0218,51,10,Tablet,2024-02-12 23:13:00
W05675,P0146,C0129,148,63,Laptop,2024-03-29 13:00:00
W05676,P0272,C0238,38,74,Laptop,2024-05-07 15:19:00
W05677,P0017,C0257,5,31,Tablet,2024-05-18 09:23:00
W05678,P0280,C0131,12,70,Tablet,2024-01-17 00:12:00
W05679,P0098,C0386,26,67,TV,2024-03-24 14:24:00
W05680,P0452,C0253,72,63,TV,2024-04-15 05:11:00
W05681,P0227,C0158,38,28,TV,2024-04-13 05:38:00
W05682,P0463,C0187,41,79,Laptop,2024-02-13 05:58:00
W05683,P0386,C0223,125,43,Tablet,2024-04-21 02:48:00
W05684,P0243,C0291,27,88,Mobile,2024-05-28 12:40:00
W05685,P0479,C0393,88,53,Mobile,2024-02-11 03:21:00
W05686,P0201,C0128,121,76,TV,2024-05-24 13:17:00
W05687,P0394,C0255,28,61,Tablet,2024-01-26 07:16:00
W05688,P0437,C0330,145,31,TV,2024-05-04 08:50:00
W05689,P0473,C0137,73,38,Laptop,2024-02-22 21:36:00
W05690,P0179,C0106,84,23,Laptop,2024-04-13 03:32:00
W05691,P0453,C0325,64,71,Mobile,2024-04-14 18:47:00
W05692,P0270,C0133,42,24,Tablet,2024-05-26 23:23:00
W05693,P0234,C0189,81,23,Tablet,2024-03-21 11:44:00
W05694,P0112,C0140,89,76,Laptop,2024-02-06 23:20:00
W05695,P0486,C0269,133,31,Tablet,2024-03-10 02:33:00
W05696,P0488,C0398,8,96,Mobile,2024-05-09 09:30:00
W05697,P0066,C0118,118,16,TV,2024-04-27 13:24:00
W05698,P0338,C0115,84,93,Tablet,2024-01-31 20:27:00
W05699,P0349,C0232,113,16,Tablet,2024-04-08 22:53:00
W05700,P0437,C0390,145,26,Mobile,2024-01-06 02:22:00
W05701,P0245,C0394,35,41,Mobile,2024-01-16 22:03:00
W05702,P0245,C0309,132,88,TV,2024-02-15 01:34:00
W05703,P0468,C0379,83,86,Mobile,2024-03-04 06:52:00
W05704,P0448,C0376,9,65,Laptop,2024-05-10 17:12:00
W05705,P0072,C0377,131,71,Laptop,2024-02-11 08:25:00
W05706,P0357,C0176,90,67,TV,2024-03-13 01:23:00
W05707,P0049,C0398,90,67,TV,2024-02-28 17:24:00
W05708,P0496,C0212,143,12,Tablet,2024-05-29 02:36:00
W05709,P0346,C0366,28,98,Laptop,2024-03-03 22:32:00
W05710,P0190,C0172,49,89,Laptop,2024-03-01 09:35:00
W05711,P0293,C0121,115,10,Laptop,2024-03-09 11:19:00
W05712,P0177,C0288,38,76,Laptop,2024-05-08 18:49:00
W05713,P0452,C0221,143,29,Mobile,2024-03-05 19:05:00
W05714,P0161,C0241,126,95,Laptop,2024-03-02 20:05:00
W05715,P0150,C0304,113,71,TV,2024-04-12 22:19:00
W05716,P0070,C0309,27,65,Tablet,2024-02-15 06:45:00
W05717,P0033,C0109,33,62,Tablet,2024-03-10 19:43:00
W05718,P0284,C0285,10,74,TV,2024-01-11 19:21:00
W05719,P0344,C0396,56,65,Laptop,2024-04-07 21:06:00
W05720,P0260,C0301,93,87,Mobile,2024-04-17 22:39:00
W05721,P0322,C0164,93,54,Laptop,2024-03-07 03:13:00
W05722,P0077,C0125,126,88,Laptop,2024-02-21 08:25:00
W05723,P0110,C0256,146,27,TV,2024-01-25 11:14:00
W05724,P0305,C0321,21,57,Tablet,2024-01-22 15:32:00
W05725,P0384,C0392,32,47,Tablet,2024-04-05 08:02:00
W05726,P0139,C0239,13,31,Tablet,2024-04-26 16:07:00
W05727,P0035,C0121,119,89,TV,2024-01-20 10:17:00
W05728,P0423,C0254,128,84,Mobile,2024-01-04 05:06:00
W05729,P0394,C0168,8,80,Mobile,2024-01-20 02:01:00
W05730,P0235,C0141,40,82,Tablet,2024-05-16 09:51:00
W05731,P0330,C0115,138,10,Tablet,2024-04-11 19:52:00
W05732,P0200,C0379,69,51,Mobile,2024-02-28 05:00:00
W05733,P0325,C0269,7,81,TV,2024-02-10 19:00:00
W05734,P0151,C0234,41,84,Mobile,2024-01-19 19:10:00
W05735,P0034,C0299,113,78,Laptop,2024-05-28 06:38:00
W05736,P0124,C0338,7,38,Laptop,2024-01-03 13:24:00
W05737,P0367,C0212,147,15,TV,2024-04-26 08:17:00
W05738,P0032,C0152,60,65,Tablet,2024-01-16 06:37:00
W05739,P0272,C0237,65,21,Laptop,2024-01-09 21:26:00
W05740,P0324,C0355,72,48,Mobile,2024-05-21 07:15:00
W05741,P0310,C0215,83,80,Laptop,2024-03-12 05:59:00
W05742,P0124,C0258,75,21,Mobile,2024-05-08 14:23:00
W05743,P0412,C0400,115,42,Mobile,2024-05-01 21:04:00
W05744,P0368,C0364,27,92,Mobile,2024-04-24 20:45:00
W05745,P0492,C0199,18,62,Laptop,2024-05-27 09:51:00
W05746,P0316,C0221,138,28,TV,2024-01-07 02:14:00
W05747,P0078,C0190,37,67,Mobile,2024-02-19 12:33:00
W05748,P0076,C0130,13,94,Laptop,2024-05-09 22:06:00
W05749,P0060,C0330,144,92,Tablet,2024-01-14 21:50:00
W05750,P0085,C0239,121,52,TV,2024-02-19 20:12:00
W05751,P0368,C0354,99,82,Laptop,2024-02-10 06:28:00
W05752,P0080,C0131,7,54,TV,2024-01-05 11:43:00
W05753,P0374,C0262,50,95,Laptop,2024-01-05 18:56:00
W05754,P0172,C0256,40,28,Mobile,2024-04-27 14:23:00
W05755,P0258,C0217,145,46,Tablet,2024-02-05 01:18:00
W05756,P0279,C0291,17,20,Laptop,2024-01-19 21:41:00
W05757,P0221,C0276,89,65,TV,2024-02-25 03:23:00
W05758,P0046,C0105,47,34,Tablet,2024-01-17 07:55:00
W05759,P0491,C0112,132,78,Tablet,2024-05-25 07:08:00
W05760,P0073,C0159,51,54,Tablet,2024-03-18 18:23:00
W05761,P0054,C0399,23,71,Mobile,2024-02-19 00:57:00
W05762,P0327,C0350,87,23,Mobile,2024-01-18 20:31:00
W05763,P0221,C0193,101,86,Laptop,2024-05-14 16:33:00
W05764,P0492,C0211,103,43,Mobile,2024-01-10 09:40:00
W05765,P0381,C0395,33,91,Tablet,2024-03-25 14:58:00
W05766,P0337,C0117,132,69,TV,2024-03-23 10:20:00
W05767,P0009,C0320,76,73,Tablet,2024-02-13 16:05:00
W05768,P0326,C0399,69,79,Tablet,2024-05-21 08:12:00
W05769,P0172,C0105,42,60,Mobile,2024-01-18 10:04:00
W05770,P0084,C0229,128,51,TV,2024-02-07 19:31:00
W05771,P0330,C0212,98,30,Tablet,2024-02-20 08:50:00
W05772,P0329,C0124,37,14,TV,2024-04-29 01:05:00
W05773,P0012,C0129,17,75,TV,2024-05-20 07:25:00
W05774,P0481,C0232,105,79,Tablet,2024-04-07 11:09:00
W05775,P0032,C0144,131,70,Mobile,2024-03-28 15:43:00
W05776,P0418,C0307,81,17,Mobile,2024-02-02 23:04:00
W05777,P0339,C0316,125,75,Laptop,2024-03-14 08:31:00
W05778,P0289,C0344,53,96,Tablet,2024-03-22 18:14:00
W05779,P0320,C0131,114,71,Tablet,2024-02-26 01:18:00
W05780,P0304,C0366,139,29,TV,2024-02-11 16:22:00
W05781,P0272,C0111,40,13,TV,2024-04-25 04:19:00
W05782,P0178,C0182,97,24,Laptop,2024-01-04 17:08:00
W05783,P0114,C0256,28,65,Laptop,2024-02-10 10:19:00
W05784,P0407,C0266,85,29,TV,2024-03-27 05:59:00
W05785,P0026,C0308,102,33,TV,2024-04-26 05:56:00
W05786,P0237,C0124,109,18,Laptop,2024-03-15 07:18:00
W05787,P0310,C0395,9,30,Mobile,2024-03-15 20:11:00
W05788,P0172,C0279,133,50,Laptop,2024-01-25 18:58:00
W05789,P0233,C0150,75,22,TV,2024-03-22 08:41:00
W05790,P0037,C0107,126,14,Tablet,2024-02-19 19:25:00
W05791,P0265,C0200,7,73,TV,2024-01-15 11:09:00
W05792,P0478,C0181,40,55,Mobile,2024-01-30 18:25:00
W05793,P0013,C0341,125,87,TV,2024-01-31 16:47:00
W05794,P0496,C0281,144,80,TV,2024-03-17 10:59:00
W05795,P0316,C0393,19,79,Laptop,2024-04-23 09:06:00
W05796,P0106,C0183,136,68,Mobile,2024-01-23 18:49:00
W05797,P0126,C0154,20,85,Laptop,2024-04-06 03:49:00
W05798,P0336,C0190,138,60,Tablet,2024-04-24 18:43:00
W05799,P0494,C0303,67,25,Tablet,2024-02-24 20:18:00
W05800,P0384,C0131,27,60,Mobile,2024-01-08 07:03:00
W05801,P0130,C0293,81,51,Tablet,2024-02-28 19:11:00
W05802,P0479,C0200,5,20,Tablet,2024-02-01 01:32:00
W05803,P0316,C0189,80,77,TV,2024-01-07 21:21:00
W05804,P0256,C0223,31,61,Laptop,2024-03-25 20:43:00
W05805,P0441,C0147,29,82,Laptop,2024-04-15 06:55:00
W05806,P0115,C0246,90,19,Laptop,2024-02-14 22:12:00
W05807,P0299,C0103,66,81,Mobile,2024-04-19 09:58:00
W05808,P0403,C0118,97,72,TV,2024-04-23 05:30:00
W05809,P0124,C0181,34,45,TV,2024-05-09 00:10:00
W05810,P0256,C0253,88,54,Mobile,2024-02-19 06:58:00
W05811,P0139,C0399,129,15,Laptop,2024-05-01 15:10:00
W05812,P0206,C0167,38,15,TV,2024-03-15 05:47:00
W05813,P0047,C0189,8,100,TV,2024-04-01 05:30:00
W05814,P0217,C0235,35,75,Laptop,2024-04-01 15:54:00
W05815,P0319,C0302,55,82,Tablet,2024-02-11 15:29:00
W05816,P0391,C0279,54,73,Mobile,2024-01-18 14:04:00
W05817,P0463,C0179,18,47,TV,2024-05-12 21:39:00
W05818,P0350,C0185,12,78,Laptop,2024-05-06 07:57:00
W05819,P0123,C0121,105,70,Tablet,2024-02-01 11:37:00
W05820,P0031,C0265,73,87,Laptop,2024-01-28 05:29:00
W05821,P0472,C0128,140,83,Laptop,2024-03-21 08:53:00
W05822,P0055,C0337,143,72,Tablet,2024-04-05 19:05:00
W05823,P0153,C0388,33,80,Mobile,2024-05-02 05:07:00
W05824,P0456,C0285,145,29,TV,2024-03-18 15:53:00
W05825,P0286,C0255,68,84,Mobile,2024-03-10 17:01:00
W05826,P0036,C0223,53,86,Mobile,2024-05-16 13:08:00
W05827,P0306,C0187,23,73,Laptop,2024-03-04 14:03:00
W05828,P0398,C0302,131,90,Laptop,2024-03-01 04:09:00
W05829,P0285,C0140,87,46,Laptop,2024-04-04 21:59:00
W05830,P0411,C0269,100,45,Mobile,2024-01-04 13:18:00
W05831,P0373,C0170,119,19,TV,2024-03-09 13:57:00
W05832,P0256,C0380,107,43,Laptop,2024-01-05 10:26:00
W05833,P0178,C0127,121,54,Tablet,2024-03-31 00:07:00
W05834,P0036,C0231,82,72,TV,2024-01-09 13:02:00
W05835,P0254,C0377,75,22,TV,2024-04-14 12:54:00
W05836,P0162,C0395,24,34,TV,2024-03-12 16:46:00
W05837,P0021,C0388,100,53,Tablet,2024-04-24 11:16:00
W05838,P0294,C0354,114,83,Tablet,2024-03-23 03:30:00
W05839,P0075,C0185,99,33,Laptop,2024-02-26 22:40:00
W05840,P0481,C0109,90,78,TV,2024-05-26 10:38:00
W05841,P0207,C0150,137,83,Mobile,2024-03-15 05:34:00
W05842,P0460,C0101,99,56,Mobile,2024-01-10 18:30:00
W05843,P0472,C0104,83,100,Mobile,2024-03-07 01:01:00
W05844,P0178,C0104,149,59,Laptop,2024-05-10 19:29:00
W05845,P0382,C0190,41,45,Mobile,2024-04-16 11:37:00
W05846,P0037,C0262,23,42,TV,2024-04-02 02:57:00
W05847,P0459,C0255,142,12,Laptop,2024-04-30 14:06:00
W05848,P0120,C0115,48,40,Laptop,2024-01-10 21:10:00
W05849,P0403,C0132,93,69,Tablet,2024-01-29 22:55:00
W05850,P0118,C0163,41,38,TV,2024-01-10 00:12:00
W05851,P0001,C0208,62,53,Mobile,2024-02-16 02:30:00
W05852,P0209,C0114,132,54,TV,2024-02-19 20:38:00
W05853,P0424,C0123,147,51,TV,2024-05-11 06:11:00
W05854,P0311,C0211,145,30,Laptop,2024-04-22 04:11:00
W05855,P0208,C0260,47,41,Mobile,2024-03-25 00:52:00
W05856,P0154,C0141,52,37,Mobile,2024-05-09 03:12:00
W05857,P0250,C0382,60,94,Mobile,2024-03-19 18:00:00
W05858,P0171,C0244,115,56,Tablet,2024-04-06 03:17:00
W05859,P0315,C0388,36,56,TV,2024-05-14 02:26:00
W05860,P0307,C0253,58,26,Laptop,2024-03-03 21:58:00
W05861,P0107,C0182,65,38,Laptop,2024-04-18 11:23:00
W05862,P0143,C0326,114,57,Laptop,2024-01-12 05:32:00
W05863,P0008,C0252,115,11,Mobile,2024-05-21 22:45:00
W05864,P0094,C0359,104,42,Mobile,2024-01-30 08:31:00
W05865,P0398,C0179,73,72,Laptop,2024-02-21 08:31:00
W05866,P0097,C0295,142,77,TV,2024-03-03 20:12:00
W05867,P0490,C0323,147,48,Laptop,2024-04-29 01:44:00
W05868,P0007,C0366,6,98,TV,2024-02-08 17:44:00
W05869,P0274,C0330,116,14,Laptop,2024-04-30 14:35:00
W05870,P0012,C0250,103,77,TV,2024-03-05 05:34:00
W05871,P0002,C0236,107,61,Laptop,2024-01-08 14:24:00
W05872,P0434,C0223,16,61,Tablet,2024-01-18 05:51:00
W05873,P0349,C0210,129,38,Tablet,2024-02-02 20:33:00
W05874,P0405,C0243,49,46,Mobile,2024-05-06 23:25:00
W05875,P0007,C0170,11,17,Mobile,2024-01-05 00:33:00
W05876,P0500,C0154,71,29,Mobile,2024-01-24 19:28:00
W05877,P0475,C0140,74,50,Mobile,2024-04-04 09:42:00
W05878,P0012,C0297,101,79,Laptop,2024-04-01 02:04:00
W05879,P0340,C0127,57,45,Tablet,2024-01-22 21:34:00
W05880,P0057,C0399,97,41,Mobile,2024-04-10 08:46:00
W05881,P0078,C0280,62,14,TV,2024-02-22 02:28:00
W05882,P0074,C0146,73,29,TV,2024-04-11 03:38:00
W05883,P0233,C0242,51,77,Mobile,2024-04-22 21:40:00
W05884,P0279,C0198,47,31,Mobile,2024-03-23 20:41:00
W05885,P0030,C0226,66,40,Mobile,2024-01-14 08:46:00
W05886,P0367,C0158,59,50,Laptop,2024-05-27 04:49:00
W05887,P0314,C0277,111,14,TV,2024-03-23 12:56:00
W05888,P0095,C0307,53,19,TV,2024-03-17 16:26:00
W05889,P0308,C0385,110,84,TV,2024-05-20 20:30:00
W05890,P0056,C0254,82,46,Tablet,2024-01-09 17:39:00
W05891,P0010,C0127,123,65,Laptop,2024-04-26 21:22:00
W05892,P0403,C0263,32,95,Tablet,2024-01-19 15:23:00
W05893,P0147,C0350,61,33,Laptop,2024-01-23 01:43:00
W05894,P0364,C0288,124,94,TV,2024-05-14 21:16:00
W05895,P0087,C0190,124,25,TV,2024-05-21 13:33:00
W05896,P0253,C0231,8,11,Tablet,2024-05-22 13:02:00
W05897,P0187,C0398,24,24,TV,2024-02-20 00:07:00
W05898,P0428,C0113,121,50,Mobile,2024-03-09 09:34:00
W05899,P0233,C0129,93,72,Laptop,2024-03-08 15:11:00
W05900,P0253,C0365,57,58,TV,2024-01-06 19:02:00
W05901,P0443,C0132,43,35,Mobile,2024-02-26 17:34:00
W05902,P0224,C0250,57,75,Tablet,2024-01-06 08:02:00
W05903,P0340,C0186,125,38,TV,2024-03-07 06:26:00
W05904,P0004,C0158,90,79,TV,2024-03-14 23:13:00
W05905,P0353,C0157,103,69,Laptop,2024-04-06 22:39:00
W05906,P0112,C0125,122,74,TV,2024-05-02 15:05:00
W05907,P0193,C0290,96,49,Laptop,2024-02-02 16:02:00
W05908,P0141,C0176,142,20,Tablet,2024-05-19 04:59:00
W05909,P0323,C0325,117,61,Laptop,2024-01-13 11:03:00
W05910,P0140,C0283,87,96,Tablet,2024-02-26 06:39:00
W05911,P0349,C0254,69,99,TV,2024-04-18 22:59:00
W05912,P0439,C0369,5,88,Mobile,2024-05-28 05:06:00
W05913,P0445,C0378,134,82,Tablet,2024-01-21 18:03:00
W05914,P0095,C0123,32,73,TV,2024-01-21 14:34:00
W05915,P0041,C0114,88,90,Tablet,2024-05-05 04:04:00
W05916,P0420,C0194,32,12,TV,2024-05-13 18:16:00
W05917,P0002,C0152,128,20,TV,2024-03-16 11:37:00
W05918,P0278,C0141,35,37,Mobile,2024-03-18 06:29:00
W05919,P0150,C0264,139,71,Laptop,2024-03-05 22:45:00
W05920,P0041,C0106,76,57,Mobile,2024-02-03 09:27:00
W05921,P0351,C0238,52,37,Tablet,2024-03-15 04:18:00
W05922,P0116,C0199,30,55,Mobile,2024-01-06 00:05:00
W05923,P0120,C0324,93,73,TV,2024-05-27 06:44:00
W05924,P0237,C0130,139,64,TV,2024-01-02 12:09:00
W05925,P0270,C0325,109,92,Mobile,2024-03-30 13:43:00
W05926,P0349,C0361,61,11,Tablet,2024-04-05 00:09:00
W05927,P0291,C0347,119,84,Laptop,2024-03-27 13:57:00
W05928,P0434,C0179,124,25,Laptop,2024-04-22 00:29:00
W05929,P0009,C0285,5,20,TV,2024-05-07 18:21:00
W05930,P0239,C0399,86,12,Laptop,2024-02-24 05:04:00
W05931,P0118,C0280,33,64,Laptop,2024-02-03 18:48:00
W05932,P0352,C0177,18,51,Tablet,2024-01-22 21:50:00
W05933,P0315,C0362,134,38,Laptop,2024-05-14 10:16:00
W05934,P0312,C0329,75,78,Mobile,2024-05-28 21:35:00
W05935,P0475,C0102,129,40,Tablet,2024-01-20 04:58:00
W05936,P0010,C0117,83,86,Mobile,2024-02-16 10:25:00
W05937,P0025,C0112,111,34,TV,2024-01-19 03:26:00
W05938,P0497,C0282,102,15,Tablet,2024-05-18 15:24:00
W05939,P0173,C0107,22,69,Laptop,2024-02-14 11:47:00
W05940,P0225,C0346,50,76,Tablet,2024-03-27 13:02:00
W05941,P0011,C0257,86,31,TV,2024-04-19 11:23:00
W05942,P0101,C0274,127,50,Mobile,2024-04-05 20:25:00
W05943,P0265,C0281,102,62,TV,2024-04-11 01:25:00
W05944,P0391,C0381,50,69,Tablet,2024-05-21 14:08:00
W05945,P0327,C0337,107,48,Mobile,2024-02-20 18:55:00
W05946,P0418,C0257,41,64,Mobile,2024-01-15 05:43:00
W05947,P0083,C0351,22,39,Tablet,2024-03-16 17:13:00
W05948,P0276,C0321,108,80,TV,2024-02-11 04:03:00
W05949,P0370,C0323,147,98,Laptop,2024-04-04 04:26:00
W05950,P0490,C0311,126,11,TV,2024-04-27 14:52:00
W05951,P0345,C0234,98,17,Laptop,2024-03-18 15:14:00
W05952,P0261,C0359,104,72,TV,2024-03-30 17:11:00
W05953,P0368,C0135,32,68,Tablet,2024-05-15 03:30:00
W05954,P0221,C0283,19,37,TV,2024-04-20 15:43:00
W05955,P0311,C0261,132,83,TV,2024-02-27 01:25:00
W05956,P0219,C0193,47,47,Tablet,2024-02-24 07:25:00
W05957,P0089,C0297,37,27,Tablet,2024-04-17 05:03:00
W05958,P0485,C0306,134,71,Mobile,2024-05-11 15:03:00
W05959,P0015,C0118,12,86,TV,2024-05-08 16:27:00
W05960,P0246,C0334,116,94,Tablet,2024-02-16 12:36:00
W05961,P0176,C0166,37,32,Tablet,2024-01-05 11:29:00
W05962,P0004,C0344,94,74,Mobile,2024-01-24 11:26:00
W05963,P0334,C0376,120,49,Tablet,2024-01-18 05:39:00
W05964,P0376,C0299,24,69,Mobile,2024-01-05 04:45:00
W05965,P0369,C0118,127,94,Tablet,2024-01-01 18:29:00
W05966,P0465,C0172,136,14,Mobile,2024-03-22 07:09:00
W05967,P0021,C0255,40,27,TV,2024-03-09 00:30:00
W05968,P0208,C0270,102,47,Tablet,2024-03-31 07:19:00
W05969,P0474,C0382,81,38,Tablet,2024-04-02 06:51:00
W05970,P0137,C0251,130,35,TV,2024-01-16 05:09:00
W05971,P0322,C0361,43,69,TV,2024-05-19 22:41:00
W05972,P0363,C0180,75,45,TV,2024-04-18 15:22:00
W05973,P0463,C0206,110,91,Mobile,2024-04-22 02:55:00
W05974,P0419,C0111,144,38,Tablet,2024-05-28 20:01:00
W05975,P0216,C0308,59,40,Tablet,2024-05-05 20:46:00
W05976,P0368,C0230,122,72,Laptop,2024-01-03 20:12:00
W05977,P0117,C0271,98,22,Laptop,2024-02-19 23:21:00
W05978,P0179,C0133,102,80,Tablet,2024-03-30 05:42:00
W05979,P0246,C0124,13,49,Mobile,2024-01-06 02:35:00
W05980,P0128,C0297,144,79,Mobile,2024-02-24 20:23:00
W05981,P0358,C0146,73,11,Laptop,2024-05-26 10:13:00
W05982,P0078,C0374,87,17,Laptop,2024-01-29 10:22:00
W05983,P0229,C0331,32,83,Laptop,2024-01-10 10:02:00
W05984,P0293,C0233,21,52,Laptop,2024-01-29 05:00:00
W05985,P0262,C0364,26,58,Laptop,2024-02-20 12:30:00
W05986,P0082,C0185,117,31,TV,2024-04-10 21:30:00
W05987,P0342,C0105,112,83,Tablet,2024-03-22 08:02:00
W05988,P0338,C0369,64,44,Tablet,2024-01-06 18:10:00
W05989,P0307,C0321,48,28,Laptop,2024-03-02 02:12:00
W05990,P0066,C0294,47,13,Tablet,2024-05-16 08:31:00
W05991,P0096,C0169,59,28,Tablet,2024-02-07 17:46:00
W05992,P0145,C0388,15,29,TV,2024-04-26 23:48:00
W05993,P0065,C0276,59,13,TV,2024-02-15 05:04:00
W05994,P0009,C0339,133,58,Mobile,2024-02-08 13:58:00
W05995,P0397,C0279,12,35,Mobile,2024-05-06 02:37:00
W05996,P0484,C0356,85,12,Laptop,2024-05-28 17:04:00
W05997,P0357,C0311,83,61,Mobile,2024-05-15 09:40:00
W05998,P0186,C0327,69,45,Laptop,2024-01-30 10:26:00
W05999,P0158,C0172,64,50,Mobile,2024-01-08 04:34:00
W06000,P0031,C0165,99,79,Tablet,2024-02-28 15:50:00
W06001,P0151,C0266,60,60,Tablet,2024-03-19 17:39:00
W06002,P0319,C0314,132,100,Mobile,2024-02-24 17:47:00
W06003,P0242,C0117,126,25,Tablet,2024-03-17 00:38:00
W06004,P0156,C0273,35,56,Tablet,2024-01-13 02:01:00
W06005,P0059,C0229,89,89,Laptop,2024-05-23 11:23:00
W06006,P0010,C0103,91,55,Tablet,2024-04-21 12:38:00
W06007,P0345,C0348,130,64,Mobile,2024-02-14 12:44:00
W06008,P0124,C0170,85,97,Tablet,2024-04-28 21:54:00
W06009,P0356,C0152,26,48,Laptop,2024-01-07 04:01:00
W06010,P0346,C0359,60,15,Mobile,2024-04-19 18:57:00
W06011,P0282,C0339,90,93,Laptop,2024-02-20 05:01:00
W06012,P0237,C0194,127,70,Tablet,2024-01-20 18:39:00
W06013,P0333,C0147,115,18,Tablet,2024-02-07 11:40:00
W06014,P0017,C0175,12,94,Tablet,2024-04-13 04:47:00
W06015,P0424,C0191,66,20,TV,2024-02-27 07:02:00
W06016,P0324,C0186,82,74,Laptop,2024-05-27 14:09:00
W06017,P0023,C0106,26,100,Mobile,2024-02-19 20:30:00
W06018,P0419,C0330,19,68,Tablet,2024-02-21 14:13:00
W06019,P0459,C0143,35,79,TV,2024-04-24 11:01:00
W06020,P0460,C0298,91,16,TV,2024-02-22 03:32:00
W06021,P0009,C0282,73,70,Laptop,2024-03-06 20:55:00
W06022,P0207,C0269,113,66,Tablet,2024-04-26 13:30:00
W06023,P0045,C0303,85,95,Laptop,2024-03-22 22:23:00
W06024,P0421,C0294,44,43,Tablet,2024-05-16 14:40:00
W06025,P0453,C0131,73,93,Tablet,2024-05-14 18:08:00
W06026,P0403,C0202,75,54,Tablet,2024-01-02 19:15:00
W06027,P0331,C0164,68,54,TV,2024-03-18 00:31:00
W06028,P0457,C0191,12,24,Laptop,2024-04-09 14:57:00
W06029,P0483,C0350,75,18,Laptop,2024-04-13 21:06:00
W06030,P0498,C0283,90,91,Laptop,2024-05-21 10:00:00
W06031,P0027,C0380,48,55,Mobile,2024-02-18 16:27:00
W06032,P0397,C0305,42,55,Mobile,2024-05-28 09:58:00
W06033,P0441,C0189,121,45,TV,2024-01-08 14:28:00
W06034,P0188,C0393,8,55,TV,2024-01-16 18:49:00
W06035,P0140,C0385,59,51,TV,2024-01-27 18:47:00
W06036,P0009,C0259,97,39,Laptop,2024-04-14 17:38:00
W06037,P0234,C0230,63,20,Laptop,2024-04-22 05:07:00
W06038,P0092,C0348,98,42,Tablet,2024-05-22 15:58:00
W06039,P0077,C0240,71,49,Laptop,2024-02-22 18:24:00
W06040,P0340,C0289,9,79,TV,2024-04-13 13:53:00
W06041,P0244,C0191,87,52,TV,2024-04-22 04:01:00
W06042,P0333,C0156,76,48,Tablet,2024-01-31 11:43:00
W06043,P0155,C0326,131,95,Mobile,2024-04-10 23:04:00
W06044,P0218,C0265,41,48,Laptop,2024-04-07 17:37:00
W06045,P0447,C0136,31,62,Laptop,2024-02-28 12:50:00
W06046,P0477,C0129,17,92,Mobile,2024-01-17 18:21:00
W06047,P0285,C0180,138,95,TV,2024-02-15 13:22:00
W06048,P0150,C0269,69,40,TV,2024-05-08 01:51:00
W06049,P0329,C0133,45,72,TV,2024-05-11 05:16:00
W06050,P0088,C0193,19,34,Laptop,2024-04-06 19:28:00
W06051,P0106,C0212,137,50,Mobile,2024-03-30 00:17:00
W06052,P0403,C0309,19,59,Mobile,2024-04-04 19:38:00
W06053,P0294,C0294,5,68,TV,2024-01-16 12:57:00
W06054,P0095,C0364,19,58,Laptop,2024-04-13 05:31:00
W06055,P0253,C0347,52,39,Mobile,2024-05-29 08:47:00
W06056,P0039,C0218,76,54,Laptop,2024-01-12 18:18:00
W06057,P0399,C0328,121,77,Tablet,2024-05-08 04:42:00
W06058,P0255,C0109,31,62,TV,2024-01-12 17:33:00
W06059,P0054,C0299,64,35,TV,2024-01-09 22:12:00
W06060,P0416,C0377,70,80,Tablet,2024-02-23 11:16:00
W06061,P0243,C0229,56,49,Mobile,2024-02-18 09:50:00
W06062,P0110,C0162,85,21,TV,2024-03-31 07:35:00
W06063,P0254,C0102,39,10,Mobile,2024-03-19 15:26:00
W06064,P0112,C0272,125,79,TV,2024-04-12 10:22:00
W06065,P0174,C0345,46,10,Tablet,2024-02-27 21:10:00
W06066,P0189,C0188,49,17,Tablet,2024-03-22 10:43:00
W06067,P0221,C0183,56,42,Mobile,2024-01-22 06:26:00
W06068,P0249,C0105,33,77,TV,2024-03-19 00:37:00
W06069,P0052,C0139,61,59,TV,2024-04-26 04:00:00
W06070,P0162,C0175,23,15,Laptop,2024-01-26 09:21:00
W06071,P0457,C0201,12,69,Laptop,2024-02-07 04:57:00
W06072,P0035,C0241,139,72,TV,2024-02-06 02:33:00
W06073,P0454,C0193,143,61,Mobile,2024-05-19 07:47:00
W06074,P0037,C0219,70,12,Tablet,2024-02-18 00:45:00
W06075,P0334,C0388,87,88,TV,2024-01-29 12:59:00
W06076,P0317,C0209,32,79,Laptop,2024-04-25 01:21:00
W06077,P0111,C0143,93,15,Tablet,2024-02-13 15:54:00
W06078,P0370,C0236,79,46,Mobile,2024-01-17 06:33:00
W06079,P0177,C0317,44,60,TV,2024-01-18 13:09:00
W06080,P0009,C0256,134,36,TV,2024-03-23 00:57:00
W06081,P0275,C0139,80,55,Tablet,2024-02-22 00:00:00
W06082,P0471,C0382,80,78,Tablet,2024-03-01 20:51:00
W06083,P0121,C0126,118,26,Laptop,2024-01-31 08:30:00
W06084,P0105,C0132,99,96,Mobile,2024-03-06 15:14:00
W06085,P0156,C0146,58,26,Tablet,2024-02-22 01:34:00
W06086,P0336,C0256,149,32,Mobile,2024-05-29 17:26:00
W06087,P0026,C0344,144,48,Mobile,2024-05-22 06:49:00
W06088,P0422,C0135,6,42,TV,2024-05-10 14:14:00
W06089,P0296,C0378,84,75,Tablet,2024-05-27 06:20:00
W06090,P0025,C0342,69,19,Tablet,2024-04-18 09:11:00
W06091,P0355,C0359,56,92,Laptop,2024-04-30 04:54:00
W06092,P0374,C0146,38,49,TV,2024-04-29 07:35:00
W06093,P0069,C0337,49,82,Tablet,2024-01-18 02:48:00
W06094,P0327,C0108,133,24,Tablet,2024-05-22 00:36:00
W06095,P0151,C0360,104,52,Laptop,2024-01-05 03:50:00
W06096,P0345,C0371,56,97,Laptop,2024-03-13 22:00:00
W06097,P0065,C0144,71,21,Mobile,2024-01-10 07:25:00
W06098,P0150,C0338,102,31,TV,2024-03-08 20:53:00
W06099,P0320,C0267,80,27,Mobile,2024-01-24 01:17:00
W06100,P0245,C0176,60,75,Laptop,2024-05-24 01:48:00
W06101,P0452,C0257,113,71,Tablet,2024-01-24 04:22:00
W06102,P0058,C0301,54,70,Tablet,2024-03-13 06:02:00
W06103,P0156,C0334,105,69,Laptop,2024-04-08 23:21:00
W06104,P0112,C0332,123,88,Mobile,2024-01-12 22:44:00
W06105,P0123,C0312,144,48,Mobile,2024-01-03 22:38:00
W06106,P0462,C0254,119,82,Laptop,2024-03-25 05:07:00
W06107,P0353,C0313,77,31,Tablet,2024-01-06 13:16:00
W06108,P0452,C0187,60,90,TV,2024-04-28 11:19:00
W06109,P0362,C0118,54,23,Mobile,2024-04-06 21:14:00
W06110,P0203,C0291,7,16,TV,2024-03-08 15:24:00
W06111,P0487,C0154,68,44,Tablet,2024-02-29 22:00:00
W06112,P0480,C0316,58,43,Laptop,2024-04-22 03:36:00
W06113,P0004,C0142,40,76,Mobile,2024-03-05 21:09:00
W06114,P0129,C0330,48,72,Mobile,2024-03-19 05:18:00
W06115,P0026,C0330,123,11,Tablet,2024-05-27 00:36:00
W06116,P0289,C0282,97,100,Laptop,2024-03-04 12:10:00
W06117,P0465,C0241,145,54,Mobile,2024-03-26 16:50:00
W06118,P0027,C0388,136,72,Tablet,2024-05-12 17:37:00
W06119,P0042,C0182,74,11,Mobile,2024-02-08 03:28:00
W06120,P0453,C0267,106,63,TV,2024-03-02 14:15:00
W06121,P0071,C0154,15,60,Mobile,2024-05-10 23:08:00
W06122,P0064,C0173,114,50,Tablet,2024-03-29 12:39:00
W06123,P0025,C0313,65,14,TV,2024-03-07 18:22:00
W06124,P0072,C0271,136,94,Mobile,2024-01-29 14:01:00
W06125,P0482,C0370,20,80,Mobile,2024-02-01 18:30:00
W06126,P0361,C0319,11,34,Laptop,2024-02-08 06:32:00
W06127,P0388,C0236,15,10,Laptop,2024-04-10 21:07:00
W06128,P0268,C0135,68,18,Mobile,2024-05-21 03:11:00
W06129,P0314,C0246,132,75,TV,2024-05-27 04:29:00
W06130,P0095,C0283,10,76,Laptop,2024-03-17 12:14:00
W06131,P0395,C0178,124,13,Laptop,2024-04-25 19:50:00
W06132,P0357,C0353,52,30,Laptop,2024-01-28 18:32:00
W06133,P0364,C0336,73,70,Tablet,2024-02-01 10:48:00
W06134,P0315,C0177,125,35,Mobile,2024-04-04 00:16:00
W06135,P0117,C0173,10,53,TV,2024-04-26 16:22:00
W06136,P0164,C0127,89,46,TV,2024-03-17 18:23:00
W06137,P0365,C0138,114,87,Mobile,2024-05-13 20:26:00
W06138,P0278,C0354,32,19,Laptop,2024-04-25 16:02:00
W06139,P0065,C0186,113,99,TV,2024-03-19 05:15:00
W06140,P0306,C0131,137,83,Tablet,2024-02-11 06:11:00
W06141,P0260,C0305,85,91,Tablet,2024-04-18 16:16:00
W06142,P0228,C0293,105,100,TV,2024-03-11 02:35:00
W06143,P0200,C0330,62,90,Tablet,2024-04-11 17:16:00
W06144,P0473,C0281,28,83,Mobile,2024-01-15 13:23:00
W06145,P0220,C0345,72,84,Tablet,2024-01-15 01:56:00
W06146,P0180,C0140,111,56,Tablet,2024-03-15 00:55:00
W06147,P0358,C0257,14,97,TV,2024-04-04 19:15:00
W06148,P0228,C0268,25,92,Tablet,2024-02-21 03:41:00
W06149,P0484,C0258,128,89,TV,2024-03-24 13:16:00
W06150,P0252,C0230,117,32,Laptop,2024-02-22 19:40:00
W06151,P0299,C0182,101,85,Laptop,2024-01-21 01:51:00
W06152,P0361,C0256,142,63,Tablet,2024-05-17 20:56:00
W06153,P0430,C0275,86,68,Laptop,2024-03-16 14:52:00
W06154,P0004,C0388,101,28,TV,2024-02-20 02:40:00
W06155,P0141,C0188,97,34,Laptop,2024-05-25 04:37:00
W06156,P0166,C0202,99,76,Mobile,2024-03-04 14:56:00
W06157,P0254,C0348,28,22,Laptop,2024-04-16 23:15:00
W06158,P0429,C0306,128,30,Laptop,2024-05-03 10:54:00
W06159,P0153,C0189,144,31,TV,2024-02-05 05:02:00
W06160,P0067,C0388,140,56,Laptop,2024-02-01 03:05:00
W06161,P0055,C0196,82,72,Tablet,2024-02-23 11:12:00
W06162,P0096,C0259,137,38,Mobile,2024-01-23 11:22:00
W06163,P0167,C0214,58,58,Laptop,2024-01-02 20:17:00
W06164,P0321,C0124,40,34,Laptop,2024-04-19 06:19:00
W06165,P0331,C0263,116,32,Tablet,2024-03-07 16:38:00
W06166,P0386,C0386,135,85,Mobile,2024-03-11 04:44:00
W06167,P0453,C0155,26,58,Mobile,2024-04-28 07:00:00
W06168,P0376,C0164,12,32,Laptop,2024-04-22 16:57:00
W06169,P0342,C0133,130,14,TV,2024-02-14 08:47:00
W06170,P0062,C0146,82,38,Mobile,2024-01-31 02:41:00
W06171,P0174,C0319,11,14,Mobile,2024-02-19 11:44:00
W06172,P0253,C0389,72,48,TV,2024-05-01 07:25:00
W06173,P0461,C0296,66,44,Mobile,2024-01-15 12:00:00
W06174,P0112,C0353,111,90,Mobile,2024-01-10 09:41:00
W06175,P0215,C0386,28,39,TV,2024-01-08 17:37:00
W06176,P0239,C0336,138,65,Laptop,2024-01-04 12:33:00
W06177,P0415,C0179,140,11,TV,2024-01-24 20:39:00
W06178,P0227,C0192,93,24,Tablet,2024-02-24 17:29:00
W06179,P0230,C0196,111,60,Tablet,2024-01-25 13:23:00
W06180,P0233,C0328,45,32,Laptop,2024-03-11 16:09:00
W06181,P0163,C0386,114,35,Tablet,2024-01-12 07:13:00
W06182,P0126,C0335,135,20,Tablet,2024-05-12 22:42:00
W06183,P0429,C0202,13,33,Mobile,2024-01-06 21:45:00
W06184,P0253,C0352,86,18,Mobile,2024-04-22 18:46:00
W06185,P0333,C0240,98,87,Laptop,2024-04-29 20:06:00
W06186,P0438,C0243,137,97,Tablet,2024-01-09 04:03:00
W06187,P0199,C0340,120,80,Tablet,2024-01-14 10:23:00
W06188,P0197,C0366,31,19,TV,2024-02-24 23:36:00
W06189,P0122,C0161,148,100,Mobile,2024-01-15 00:36:00
W06190,P0413,C0123,147,81,TV,2024-05-06 14:11:00
W06191,P0456,C0111,29,87,Tablet,2024-03-12 05:51:00
W06192,P0264,C0116,8,80,Laptop,2024-04-20 19:32:00
W06193,P0054,C0149,36,91,Tablet,2024-04-14 03:40:00
W06194,P0135,C0270,39,66,Laptop,2024-02-27 14:22:00
W06195,P0339,C0219,34,99,Laptop,2024-04-27 08:37:00
W06196,P0359,C0142,107,24,TV,2024-01-04 04:58:00
W06197,P0151,C0110,116,42,Tablet,2024-04-02 00:41:00
W06198,P0100,C0149,53,20,TV,2024-01-03 14:56:00
W06199,P0234,C0365,98,28,Tablet,2024-01-15 17:50:00
W06200,P0032,C0307,87,51,Laptop,2024-03-25 18:01:00
W06201,P0062,C0267,134,91,Mobile,2024-02-08 21:15:00
W06202,P0429,C0102,33,95,Tablet,2024-05-10 15:25:00
W06203,P0196,C0168,122,67,Laptop,2024-02-04 12:41:00
W06204,P0030,C0310,26,27,Mobile,2024-02-21 06:13:00
W06205,P0243,C0239,106,27,Tablet,2024-01-14 15:30:00
W06206,P0106,C0137,23,31,Mobile,2024-01-30 18:33:00
W06207,P0295,C0318,71,98,Tablet,2024-05-14 11:18:00
W06208,P0133,C0378,90,61,Tablet,2024-04-04 01:08:00
W06209,P0451,C0280,22,53,Mobile,2024-05-06 17:55:00
W06210,P0022,C0105,113,40,TV,2024-05-21 01:02:00
W06211,P0156,C0230,117,18,Mobile,2024-02-05 18:34:00
W06212,P0406,C0233,137,59,Mobile,2024-02-22 23:08:00
W06213,P0384,C0199,143,70,Laptop,2024-05-29 21:34:00
W06214,P0214,C0260,62,28,Mobile,2024-04-22 18:59:00
W06215,P0226,C0336,22,61,Tablet,2024-01-04 21:04:00
W06216,P0285,C0247,76,64,Tablet,2024-01-30 19:26:00
W06217,P0171,C0215,97,34,Mobile,2024-03-10 15:48:00
W06218,P0042,C0104,60,88,Laptop,2024-01-16 01:50:00
W06219,P0060,C0187,27,78,Tablet,2024-04-13 11:52:00
W06220,P0375,C0146,20,84,TV,2024-04-16 06:18:00
W06221,P0077,C0183,48,22,Mobile,2024-01-27 04:28:00
W06222,P0455,C0254,76,43,TV,2024-03-13 20:20:00
W06223,P0202,C0382,18,81,Laptop,2024-03-26 13:18:00
W06224,P0220,C0388,141,34,TV,2024-01-03 13:17:00
W06225,P0452,C0211,79,100,Mobile,2024-05-28 06:29:00
W06226,P0187,C0217,112,84,TV,2024-04-08 01:25:00
W06227,P0096,C0197,148,73,Tablet,2024-03-04 01:57:00
W06228,P0342,C0382,145,91,TV,2024-04-23 16:31:00
W06229,P0212,C0289,40,19,Laptop,2024-03-27 00:39:00
W06230,P0368,C0188,48,26,Laptop,2024-01-25 06:59:00
W06231,P0340,C0187,104,14,Laptop,2024-04-04 16:12:00
W06232,P0262,C0126,85,96,Tablet,2024-05-17 04:47:00
W06233,P0329,C0131,18,76,Laptop,2024-04-06 06:51:00
W06234,P0412,C0226,97,19,Tablet,2024-05-23 08:47:00
W06235,P0077,C0298,21,36,Laptop,2024-01-18 02:15:00
W06236,P0031,C0131,101,65,Laptop,2024-03-15 11:49:00
W06237,P0039,C0332,130,16,Laptop,2024-01-01 06:20:00
W06238,P0306,C0145,58,38,Tablet,2024-02-07 07:55:00
W06239,P0334,C0289,130,58,Laptop,2024-02-14 15:53:00
W06240,P0214,C0152,134,48,Tablet,2024-03-21 14:56:00
W06241,P0126,C0152,149,79,Tablet,2024-02-01 01:57:00
W06242,P0165,C0179,27,18,Tablet,2024-02-09 20:07:00
W06243,P0246,C0149,133,81,TV,2024-03-14 10:22:00
W06244,P0109,C0330,16,70,Laptop,2024-04-12 14:30:00
W06245,P0088,C0144,145,87,Tablet,2024-03-14 06:59:00
W06246,P0200,C0392,16,63,TV,2024-04-23 23:22:00
W06247,P0271,C0347,61,18,Mobile,2024-02-26 05:29:00
W06248,P0051,C0319,90,69,Tablet,2024-03-23 03:57:00
W06249,P0489,C0122,22,61,Tablet,2024-03-19 07:43:00
W06250,P0198,C0230,107,84,Laptop,2024-05-09 10:04:00
W06251,P0023,C0107,87,20,Tablet,2024-02-19 04:44:00
W06252,P0153,C0372,98,44,Mobile,2024-03-21 21:29:00
W06253,P0223,C0144,147,84,Tablet,2024-04-26 20:56:00
W06254,P0430,C0340,82,45,Tablet,2024-05-22 13:47:00
W06255,P0221,C0165,77,64,Laptop,2024-05-28 13:47:00
W06256,P0151,C0346,137,12,Tablet,2024-02-27 06:19:00
W06257,P0266,C0173,92,92,Mobile,2024-01-26 10:13:00
W06258,P0073,C0171,12,81,TV,2024-02-20 06:59:00
W06259,P0369,C0297,16,62,Laptop,2024-02-21 13:38:00
W06260,P0077,C0289,76,37,TV,2024-05-10 03:24:00
W06261,P0032,C0258,140,62,Mobile,2024-01-01 03:04:00
W06262,P0369,C0125,59,63,Tablet,2024-05-24 17:17:00
W06263,P0435,C0171,126,62,TV,2024-03-21 21:22:00
W06264,P0493,C0323,97,74,Laptop,2024-04-07 00:39:00
W06265,P0425,C0260,86,62,TV,2024-03-29 16:01:00
W06266,P0065,C0175,51,49,Tablet,2024-04-04 00:08:00
W06267,P0449,C0238,112,50,TV,2024-04-03 01:23:00
W06268,P0357,C0141,39,47,Mobile,2024-01-21 16:28:00
W06269,P0424,C0116,110,84,Tablet,2024-01-25 05:57:00
W06270,P0018,C0289,138,38,Tablet,2024-05-01 02:51:00
W06271,P0164,C0128,141,40,Tablet,2024-01-25 06:32:00
W06272,P0287,C0263,44,70,Mobile,2024-04-12 11:41:00
W06273,P0054,C0155,100,83,Laptop,2024-02-26 09:08:00
W06274,P0063,C0374,86,49,Mobile,2024-01-16 05:31:00
W06275,P0257,C0202,41,11,Tablet,2024-01-26 10:48:00
W06276,P0239,C0142,144,57,Tablet,2024-04-12 17:32:00
W06277,P0436,C0363,20,10,TV,2024-01-31 17:22:00
W06278,P0484,C0271,28,68,Mobile,2024-05-27 08:10:00
W06279,P0441,C0308,149,41,Laptop,2024-01-27 14:21:00
W06280,P0009,C0149,119,97,Tablet,2024-03-25 01:52:00
W06281,P0470,C0160,99,11,Mobile,2024-05-29 22:33:00
W06282,P0120,C0106,8,68,Tablet,2024-03-27 23:42:00
W06283,P0348,C0248,54,12,Laptop,2024-04-03 10:09:00
W06284,P0090,C0387,112,82,Laptop,2024-05-20 08:27:00
W06285,P0372,C0311,106,58,TV,2024-05-11 07:45:00
W06286,P0458,C0250,135,97,TV,2024-02-25 23:50:00
W06287,P0312,C0185,12,85,TV,2024-04-06 18:41:00
W06288,P0175,C0260,16,43,Laptop,2024-02-03 14:27:00
W06289,P0003,C0147,70,71,Mobile,2024-05-24 19:39:00
W06290,P0130,C0262,97,43,Mobile,2024-01-14 02:41:00
W06291,P0054,C0255,118,32,Laptop,2024-04-21 11:56:00
W06292,P0293,C0330,22,28,Laptop,2024-04-06 23:20:00
W06293,P0184,C0400,108,61,Mobile,2024-02-24 16:33:00
W06294,P0415,C0258,90,69,Tablet,2024-04-26 20:12:00
W06295,P0353,C0261,97,37,Mobile,2024-03-07 09:55:00
W06296,P0224,C0347,49,99,Laptop,2024-01-18 20:04:00
W06297,P0491,C0156,147,58,Mobile,2024-01-27 21:50:00
W06298,P0012,C0251,147,54,Mobile,2024-04-15 10:40:00
W06299,P0442,C0399,49,85,Laptop,2024-01-06 02:41:00
W06300,P0195,C0154,104,69,Tablet,2024-01-18 00:20:00
W06301,P0247,C0323,66,84,Laptop,2024-01-19 04:19:00
W06302,P0368,C0354,88,65,TV,2024-03-17 07:45:00
W06303,P0154,C0168,24,13,TV,2024-04-25 23:56:00
W06304,P0078,C0153,43,27,Mobile,2024-01-25 15:51:00
W06305,P0140,C0345,133,38,Laptop,2024-03-17 12:45:00
W06306,P0500,C0140,112,48,Tablet,2024-02-18 15:33:00
W06307,P0090,C0238,71,64,Mobile,2024-03-23 21:20:00
W06308,P0144,C0366,51,67,Laptop,2024-03-21 08:52:00
W06309,P0437,C0238,122,56,Mobile,2024-03-26 00:14:00
W06310,P0072,C0392,58,40,Mobile,2024-02-19 16:38:00
W06311,P0433,C0310,141,37,Laptop,2024-02-17 06:55:00
W06312,P0177,C0272,99,36,Tablet,2024-02-18 03:15:00
W06313,P0348,C0285,32,39,Tablet,2024-04-17 13:32:00
W06314,P0263,C0399,68,58,TV,2024-02-01 06:27:00
W06315,P0271,C0340,39,51,Tablet,2024-04-06 07:34:00
W06316,P0105,C0311,44,84,TV,2024-03-20 22:13:00
W06317,P0420,C0251,129,87,Laptop,2024-05-06 02:54:00
W06318,P0072,C0224,106,77,Mobile,2024-05-13 18:09:00
W06319,P0074,C0149,6,10,Mobile,2024-05-16 23:08:00
W06320,P0143,C0224,135,53,Tablet,2024-01-23 12:37:00
W06321,P0062,C0168,18,46,Mobile,2024-04-16 02:50:00
W06322,P0146,C0331,103,42,Laptop,2024-02-20 22:31:00
W06323,P0046,C0109,72,30,Tablet,2024-04-12 11:04:00
W06324,P0229,C0366,51,97,Tablet,2024-03-20 15:30:00
W06325,P0105,C0225,98,49,TV,2024-05-24 04:33:00
W06326,P0109,C0212,55,70,Laptop,2024-05-22 08:27:00
W06327,P0317,C0154,52,22,TV,2024-03-21 06:02:00
W06328,P0121,C0189,81,47,Tablet,2024-03-09 14:07:00
W06329,P0499,C0195,129,38,TV,2024-05-22 04:57:00
W06330,P0043,C0350,117,62,Laptop,2024-02-03 05:03:00
W06331,P0428,C0266,14,73,TV,2024-05-15 03:58:00
W06332,P0099,C0327,139,45,Tablet,2024-05-17 14:43:00
W06333,P0194,C0236,120,14,TV,2024-04-26 06:49:00
W06334,P0311,C0165,21,29,Tablet,2024-04-17 17:26:00
W06335,P0214,C0105,26,20,Tablet,2024-03-02 08:44:00
W06336,P0463,C0220,63,81,TV,2024-05-16 21:39:00
W06337,P0229,C0319,48,37,Mobile,2024-04-01 10:19:00
W06338,P0423,C0143,15,58,Laptop,2024-04-17 13:20:00
W06339,P0484,C0288,46,50,Tablet,2024-05-27 19:59:00
W06340,P0389,C0126,27,27,Mobile,2024-03-04 21:49:00
W06341,P0185,C0367,122,39,Laptop,2024-04-17 05:28:00
W06342,P0112,C0262,66,23,Mobile,2024-04-18 12:32:00
W06343,P0399,C0333,115,65,TV,2024-05-24 22:59:00
W06344,P0347,C0230,58,82,Tablet,2024-01-14 21:38:00
W06345,P0272,C0121,86,83,Mobile,2024-03-11 13:46:00
W06346,P0313,C0228,123,98,Mobile,2024-04-06 15:27:00
W06347,P0484,C0176,113,61,Laptop,2024-04-20 01:45:00
W06348,P0102,C0173,116,100,Laptop,2024-01-02 14:52:00
W06349,P0210,C0333,17,75,Tablet,2024-05-24 22:53:00
W06350,P0227,C0206,72,76,Mobile,2024-04-02 04:19:00
W06351,P0281,C0109,111,38,Tablet,2024-03-03 04:44:00
W06352,P0022,C0219,31,36,Laptop,2024-04-25 01:09:00
W06353,P0248,C0150,119,77,Tablet,2024-05-02 21:42:00
W06354,P0159,C0110,78,44,TV,2024-02-15 04:14:00
W06355,P0379,C0213,96,100,Tablet,2024-01-08 13:53:00
W06356,P0229,C0366,89,92,TV,2024-04-09 18:55:00
W06357,P0418,C0178,120,19,Tablet,2024-02-21 11:17:00
W06358,P0343,C0136,79,35,Tablet,2024-02-05 01:51:00
W06359,P0400,C0302,88,80,TV,2024-03-27 03:02:00
W06360,P0454,C0218,87,100,Laptop,2024-03-25 02:44:00
W06361,P0187,C0290,142,85,Tablet,2024-02-16 01:29:00
W06362,P0143,C0342,19,70,Laptop,2024-01-22 12:06:00
W06363,P0338,C0393,49,78,Mobile,2024-02-27 09:01:00
W06364,P0358,C0269,86,65,Laptop,2024-05-25 17:01:00
W06365,P0397,C0330,11,86,Mobile,2024-04-15 06:41:00
W06366,P0024,C0148,82,73,Laptop,2024-03-14 13:58:00
W06367,P0141,C0250,34,50,Laptop,2024-01-07 03:16:00
W06368,P0449,C0308,122,13,Mobile,2024-03-05 00:45:00
W06369,P0240,C0161,53,75,TV,2024-01-18 23:40:00
W06370,P0292,C0217,105,46,Laptop,2024-01-08 01:13:00
W06371,P0305,C0339,85,43,Mobile,2024-05-24 05:34:00
W06372,P0082,C0148,34,59,Laptop,2024-03-19 10:32:00
W06373,P0048,C0345,7,79,Laptop,2024-03-03 04:55:00
W06374,P0353,C0393,41,99,Laptop,2024-03-24 17:18:00
W06375,P0358,C0105,34,84,Laptop,2024-04-08 19:17:00
W06376,P0171,C0200,58,51,Tablet,2024-04-30 05:18:00
W06377,P0262,C0305,117,10,Laptop,2024-05-15 07:58:00
W06378,P0465,C0280,90,43,Mobile,2024-05-07 06:07:00
W06379,P0068,C0117,104,94,Laptop,2024-04-20 21:51:00
W06380,P0014,C0190,89,19,Mobile,2024-02-14 06:17:00
W06381,P0030,C0208,139,14,Mobile,2024-03-22 00:12:00
W06382,P0110,C0290,12,99,TV,2024-01-24 19:51:00
W06383,P0212,C0280,90,53,Mobile,2024-01-14 18:13:00
W06384,P0264,C0349,67,28,Mobile,2024-03-02 06:15:00
W06385,P0438,C0351,97,30,TV,2024-03-29 04:16:00
W06386,P0322,C0120,142,43,Laptop,2024-05-05 19:24:00
W06387,P0485,C0197,53,38,Tablet,2024-02-01 19:35:00
W06388,P0388,C0322,125,88,TV,2024-03-31 21:23:00
W06389,P0202,C0244,43,49,Tablet,2024-01-23 21:48:00
W06390,P0084,C0107,38,89,Laptop,2024-04-07 15:16:00
W06391,P0444,C0368,106,27,Laptop,2024-01-30 02:27:00
W06392,P0376,C0396,14,58,Tablet,2024-05-23 01:06:00
W06393,P0053,C0101,13,70,Tablet,2024-04-10 09:29:00
W06394,P0355,C0158,100,74,Mobile,2024-01-25 21:42:00
W06395,P0496,C0364,137,84,Laptop,2024-05-08 06:38:00
W06396,P0256,C0190,143,45,TV,2024-05-07 22:40:00
W06397,P0074,C0175,46,79,TV,2024-01-04 08:26:00
W06398,P0220,C0361,84,16,Laptop,2024-01-09 02:40:00
W06399,P0143,C0382,95,70,Tablet,2024-02-02 05:39:00
W06400,P0100,C0343,5,73,Tablet,2024-05-11 18:49:00
W06401,P0129,C0219,15,97,TV,2024-02-03 11:43:00
W06402,P0406,C0147,65,83,Tablet,2024-02-24 13:04:00
W06403,P0219,C0268,83,39,TV,2024-05-28 20:11:00
W06404,P0477,C0127,108,26,Mobile,2024-05-20 02:10:00
W06405,P0271,C0396,52,53,Mobile,2024-01-04 21:26:00
W06406,P0458,C0101,86,81,Mobile,2024-01-26 08:55:00
W06407,P0468,C0274,32,85,Laptop,2024-01-10 12:20:00
W06408,P0022,C0267,93,35,Tablet,2024-01-13 21:58:00
W06409,P0178,C0118,79,26,Mobile,2024-05-26 21:38:00
W06410,P0048,C0191,84,44,TV,2024-03-16 22:11:00
W06411,P0117,C0302,40,55,Mobile,2024-04-29 19:41:00
W06412,P0329,C0121,91,14,Tablet,2024-02-15 03:23:00
W06413,P0376,C0256,74,54,TV,2024-05-28 01:14:00
W06414,P0179,C0114,111,84,Mobile,2024-05-03 12:20:00
W06415,P0480,C0120,110,25,Tablet,2024-02-17 18:05:00
W06416,P0273,C0344,74,67,TV,2024-02-27 13:05:00
W06417,P0362,C0273,14,51,Mobile,2024-04-17 20:10:00
W06418,P0339,C0222,9,69,Mobile,2024-02-17 04:27:00
W06419,P0360,C0284,32,65,Tablet,2024-02-03 04:13:00
W06420,P0347,C0168,63,15,Mobile,2024-04-11 01:26:00
W06421,P0179,C0393,141,29,Tablet,2024-01-25 23:31:00
W06422,P0421,C0259,96,93,Mobile,2024-05-20 15:37:00
W06423,P0482,C0149,66,33,TV,2024-02-18 14:05:00
W06424,P0495,C0281,93,100,Mobile,2024-05-15 05:10:00
W06425,P0049,C0395,111,76,Laptop,2024-01-18 00:34:00
W06426,P0315,C0241,42,97,Mobile,2024-01-07 04:28:00
W06427,P0394,C0118,125,61,Tablet,2024-05-05 07:54:00
W06428,P0255,C0240,114,19,Mobile,2024-04-21 22:28:00
W06429,P0030,C0172,148,34,Laptop,2024-04-09 01:29:00
W06430,P0085,C0342,70,91,TV,2024-02-11 23:08:00
W06431,P0277,C0361,70,54,Laptop,2024-04-19 16:21:00
W06432,P0034,C0363,50,87,TV,2024-03-16 04:47:00
W06433,P0329,C0243,64,10,Laptop,2024-03-31 08:00:00
W06434,P0098,C0295,142,93,Laptop,2024-05-04 08:20:00
W06435,P0434,C0246,94,34,Laptop,2024-05-05 00:51:00
W06436,P0076,C0394,117,85,TV,2024-05-27 01:42:00
W06437,P0175,C0126,89,82,Mobile,2024-04-14 11:38:00
W06438,P0341,C0159,70,18,Tablet,2024-01-14 07:49:00
W06439,P0249,C0152,50,51,Mobile,2024-02-17 07:06:00
W06440,P0340,C0249,122,72,Laptop,2024-05-23 01:49:00
W06441,P0134,C0207,99,34,TV,2024-02-22 08:34:00
W06442,P0178,C0159,8,57,TV,2024-03-08 21:09:00
W06443,P0365,C0358,7,64,Mobile,2024-05-12 05:07:00
W06444,P0228,C0381,124,75,TV,2024-04-05 18:09:00
W06445,P0063,C0119,78,98,TV,2024-03-31 05:24:00
W06446,P0268,C0266,110,91,Laptop,2024-03-27 17:36:00
W06447,P0425,C0125,100,33,TV,2024-03-08 03:06:00
W06448,P0415,C0104,40,91,TV,2024-03-28 07:07:00
W06449,P0258,C0103,31,100,Laptop,2024-04-04 18:51:00
W06450,P0144,C0127,57,53,Mobile,2024-02-22 22:33:00
W06451,P0385,C0319,53,65,Tablet,2024-02-18 14:40:00
W06452,P0388,C0144,106,44,Tablet,2024-04-23 10:06:00
W06453,P0303,C0312,5,43,Tablet,2024-01-25 02:58:00
W06454,P0500,C0152,66,15,Mobile,2024-05-18 19:28:00
W06455,P0449,C0253,103,58,TV,2024-04-17 16:01:00
W06456,P0052,C0302,70,25,Laptop,2024-03-09 18:27:00
W06457,P0303,C0111,48,96,Mobile,2024-03-25 07:36:00
W06458,P0099,C0168,6,22,Tablet,2024-04-28 01:11:00
W06459,P0461,C0327,63,21,TV,2024-01-20 21:09:00
W06460,P0306,C0221,18,20,Tablet,2024-03-25 09:32:00
W06461,P0045,C0115,20,56,Tablet,2024-01-03 16:08:00
W06462,P0042,C0157,55,69,Tablet,2024-01-07 03:07:00
W06463,P0479,C0164,104,58,Mobile,2024-01-04 15:06:00
W06464,P0468,C0330,32,61,TV,2024-05-04 17:18:00
W06465,P0440,C0111,57,70,Tablet,2024-01-13 10:29:00
W06466,P0327,C0221,56,95,Mobile,2024-01-07 05:59:00
W06467,P0057,C0324,120,100,Laptop,2024-01-06 22:23:00
W06468,P0488,C0325,13,100,Laptop,2024-01-30 15:20:00
W06469,P0033,C0225,15,49,Mobile,2024-04-27 14:11:00
W06470,P0412,C0248,111,99,Laptop,2024-05-12 06:38:00
W06471,P0114,C0328,49,80,Tablet,2024-03-30 20:18:00
W06472,P0300,C0130,89,84,Mobile,2024-04-30 23:05:00
W06473,P0114,C0110,6,62,Mobile,2024-03-09 10:06:00
W06474,P0056,C0154,73,70,Laptop,2024-03-17 19:54:00
W06475,P0044,C0286,143,31,TV,2024-01-01 23:49:00
W06476,P0212,C0307,33,92,Laptop,2024-03-02 20:30:00
W06477,P0352,C0355,115,47,Tablet,2024-01-18 00:47:00
W06478,P0329,C0257,96,93,TV,2024-05-16 17:04:00
W06479,P0034,C0229,9,70,TV,2024-05-16 23:50:00
W06480,P0270,C0158,24,92,Tablet,2024-04-16 02:52:00
W06481,P0196,C0295,105,92,TV,2024-05-09 06:37:00
W06482,P0413,C0176,43,56,Mobile,2024-02-07 09:11:00
W06483,P0125,C0189,131,36,TV,2024-03-22 17:19:00
W06484,P0079,C0181,5,90,TV,2024-05-06 14:44:00
W06485,P0255,C0286,123,27,Laptop,2024-04-02 16:43:00
W06486,P0145,C0368,133,29,Mobile,2024-05-13 12:50:00
W06487,P0083,C0179,8,51,Tablet,2024-01-14 08:27:00
W06488,P0230,C0245,147,50,Mobile,2024-03-06 07:59:00
W06489,P0137,C0229,138,81,TV,2024-04-04 07:38:00
W06490,P0027,C0114,106,67,Laptop,2024-03-26 10:25:00
W06491,P0177,C0219,133,49,Tablet,2024-05-08 15:39:00
W06492,P0207,C0102,66,84,Tablet,2024-01-15 02:34:00
W06493,P0421,C0104,137,39,TV,2024-01-27 16:43:00
W06494,P0412,C0344,58,21,Mobile,2024-01-12 01:06:00
W06495,P0306,C0166,53,71,Laptop,2024-01-30 01:35:00
W06496,P0311,C0346,11,71,Mobile,2024-05-14 21:53:00
W06497,P0388,C0190,104,96,Mobile,2024-02-01 14:44:00
W06498,P0213,C0278,7,79,Tablet,2024-02-08 15:38:00
W06499,P0354,C0160,80,24,Mobile,2024-05-10 15:41:00
W06500,P0403,C0332,127,16,Mobile,2024-02-12 08:03:00
W06501,P0037,C0276,83,15,Tablet,2024-03-21 12:50:00
W06502,P0388,C0267,36,36,Tablet,2024-03-14 06:12:00
W06503,P0293,C0298,16,11,Mobile,2024-03-03 14:38:00
W06504,P0179,C0160,108,15,Tablet,2024-02-09 13:54:00
W06505,P0160,C0183,115,70,Laptop,2024-04-12 11:41:00
W06506,P0429,C0174,11,41,Laptop,2024-05-17 15:47:00
W06507,P0368,C0126,99,38,Mobile,2024-02-15 13:42:00
W06508,P0012,C0343,69,74,TV,2024-03-15 07:23:00
W06509,P0169,C0216,49,24,Tablet,2024-04-06 16:35:00
W06510,P0312,C0280,38,19,TV,2024-01-26 06:50:00
W06511,P0080,C0362,143,19,Tablet,2024-01-22 07:32:00
W06512,P0014,C0214,12,19,Tablet,2024-03-13 18:58:00
W06513,P0054,C0366,49,46,Mobile,2024-02-20 23:12:00
W06514,P0447,C0138,108,41,Laptop,2024-05-25 03:29:00
W06515,P0254,C0177,82,45,TV,2024-04-29 16:37:00
W06516,P0065,C0202,49,73,Laptop,2024-05-14 16:32:00
W06517,P0372,C0112,127,98,Laptop,2024-05-13 14:09:00
W06518,P0058,C0149,142,24,TV,2024-02-14 10:26:00
W06519,P0096,C0354,47,82,Tablet,2024-01-09 20:50:00
W06520,P0021,C0349,85,25,TV,2024-01-12 01:55:00
W06521,P0260,C0172,15,92,Laptop,2024-03-28 12:33:00
W06522,P0073,C0297,9,55,TV,2024-04-13 22:32:00
W06523,P0248,C0353,35,53,Mobile,2024-03-17 17:43:00
W06524,P0127,C0399,20,85,Tablet,2024-05-14 21:36:00
W06525,P0499,C0322,13,44,Tablet,2024-04-28 23:25:00
W06526,P0046,C0160,6,60,TV,2024-01-24 04:17:00
W06527,P0470,C0257,41,67,Tablet,2024-04-01 19:44:00
W06528,P0268,C0302,88,14,Tablet,2024-05-28 01:56:00
W06529,P0128,C0367,62,47,Laptop,2024-02-22 13:33:00
W06530,P0030,C0135,87,15,Laptop,2024-02-14 12:53:00
W06531,P0094,C0355,110,60,Tablet,2024-02-20 03:53:00
W06532,P0224,C0123,140,23,Tablet,2024-04-28 03:16:00
W06533,P0316,C0265,56,57,Laptop,2024-01-25 06:34:00
W06534,P0100,C0128,79,21,Tablet,2024-01-17 17:39:00
W06535,P0071,C0153,81,95,Tablet,2024-04-05 08:49:00
W06536,P0081,C0384,73,61,Laptop,2024-05-25 04:16:00
W06537,P0449,C0398,129,77,Laptop,2024-05-21 19:19:00
W06538,P0398,C0185,38,68,Laptop,2024-02-20 09:50:00
W06539,P0367,C0224,101,27,Mobile,2024-02-05 09:33:00
W06540,P0300,C0307,17,62,Laptop,2024-05-08 16:50:00
W06541,P0108,C0265,54,40,Tablet,2024-03-25 13:29:00
W06542,P0102,C0147,95,44,Laptop,2024-01-01 16:31:00
W06543,P0410,C0256,8,13,Mobile,2024-02-23 01:39:00
W06544,P0091,C0366,68,18,Laptop,2024-02-08 04:22:00
W06545,P0365,C0379,78,24,Laptop,2024-05-29 11:29:00
W06546,P0016,C0105,20,51,Mobile,2024-02-14 22:33:00
W06547,P0110,C0182,88,68,TV,2024-04-29 03:38:00
W06548,P0263,C0219,142,94,TV,2024-05-17 19:06:00
W06549,P0160,C0362,113,82,Laptop,2024-04-27 09:46:00
W06550,P0253,C0225,66,41,TV,2024-01-06 17:24:00
W06551,P0089,C0315,48,89,TV,2024-05-26 10:14:00
W06552,P0095,C0128,90,54,Tablet,2024-03-28 07:45:00
W06553,P0272,C0369,85,14,Tablet,2024-04-08 13:49:00
W06554,P0247,C0125,126,40,Tablet,2024-04-16 16:36:00
W06555,P0361,C0107,108,34,Mobile,2024-03-23 00:55:00
W06556,P0378,C0294,137,65,TV,2024-01-22 09:39:00
W06557,P0206,C0180,124,10,Laptop,2024-01-10 04:23:00
W06558,P0345,C0136,138,70,Mobile,2024-05-02 17:41:00
W06559,P0318,C0358,110,76,TV,2024-05-02 19:39:00
W06560,P0286,C0213,131,94,Laptop,2024-05-17 05:00:00
W06561,P0248,C0394,32,76,Mobile,2024-03-05 18:10:00
W06562,P0455,C0302,111,51,Tablet,2024-05-16 10:44:00
W06563,P0396,C0114,28,68,Laptop,2024-04-15 06:33:00
W06564,P0067,C0255,32,59,Tablet,2024-05-19 11:00:00
W06565,P0475,C0185,8,86,TV,2024-05-28 19:14:00
W06566,P0046,C0240,108,43,Laptop,2024-03-09 22:48:00
W06567,P0467,C0197,132,77,Tablet,2024-03-04 02:56:00
W06568,P0043,C0285,132,63,Tablet,2024-03-12 19:43:00
W06569,P0229,C0289,110,91,TV,2024-03-10 19:18:00
W06570,P0439,C0182,100,23,TV,2024-01-07 01:50:00
W06571,P0301,C0400,131,41,TV,2024-01-27 03:13:00
W06572,P0444,C0280,97,79,TV,2024-02-16 16:17:00
W06573,P0234,C0205,70,90,TV,2024-03-26 21:05:00
W06574,P0199,C0310,62,17,Mobile,2024-01-10 23:13:00
W06575,P0497,C0349,15,44,Tablet,2024-02-02 15:02:00
W06576,P0336,C0172,115,33,TV,2024-05-10 21:33:00
W06577,P0032,C0261,108,12,Tablet,2024-02-15 01:00:00
W06578,P0264,C0233,69,90,Mobile,2024-01-13 04:31:00
W06579,P0113,C0340,132,45,Laptop,2024-05-12 21:07:00
W06580,P0461,C0178,21,60,Tablet,2024-02-07 16:37:00
W06581,P0318,C0158,118,90,Tablet,2024-02-07 22:22:00
W06582,P0459,C0225,84,66,Tablet,2024-04-29 10:16:00
W06583,P0276,C0111,70,68,Laptop,2024-02-28 09:48:00
W06584,P0146,C0127,122,98,Mobile,2024-05-06 09:26:00
W06585,P0357,C0307,117,31,Tablet,2024-02-24 19:12:00
W06586,P0006,C0322,136,46,Mobile,2024-05-15 06:22:00
W06587,P0340,C0350,75,84,Tablet,2024-05-11 01:24:00
W06588,P0480,C0308,65,21,Tablet,2024-04-24 13:45:00
W06589,P0494,C0209,62,30,Tablet,2024-02-06 17:52:00
W06590,P0108,C0396,57,24,Laptop,2024-03-07 13:06:00
W06591,P0413,C0161,9,21,Mobile,2024-05-08 00:28:00
W06592,P0260,C0222,118,95,Mobile,2024-03-27 19:02:00
W06593,P0071,C0339,65,65,TV,2024-05-12 22:30:00
W06594,P0427,C0206,25,25,Tablet,2024-05-13 11:28:00
W06595,P0340,C0379,18,42,Laptop,2024-01-22 21:04:00
W06596,P0162,C0136,100,52,Tablet,2024-03-17 08:35:00
W06597,P0100,C0138,83,58,Mobile,2024-03-12 15:59:00
W06598,P0327,C0172,82,87,Mobile,2024-05-07 09:16:00
W06599,P0033,C0156,45,27,Tablet,2024-05-15 11:19:00
W06600,P0143,C0267,20,25,Mobile,2024-04-02 17:08:00
W06601,P0244,C0321,55,49,Tablet,2024-04-13 18:24:00
W06602,P0224,C0176,5,76,Tablet,2024-03-27 08:12:00
W06603,P0214,C0310,44,71,TV,2024-05-16 23:29:00
W06604,P0120,C0311,22,99,Laptop,2024-03-03 16:31:00
W06605,P0168,C0328,38,88,Laptop,2024-02-20 10:27:00
W06606,P0349,C0325,104,36,Mobile,2024-04-22 09:02:00
W06607,P0217,C0354,133,90,Mobile,2024-01-07 15:53:00
W06608,P0389,C0256,143,23,TV,2024-01-03 12:34:00
W06609,P0462,C0249,124,75,Mobile,2024-02-25 01:12:00
W06610,P0434,C0379,106,36,Mobile,2024-01-10 09:21:00
W06611,P0355,C0331,119,63,Tablet,2024-05-01 11:26:00
W06612,P0322,C0290,18,97,TV,2024-01-01 16:29:00
W06613,P0217,C0325,96,69,Tablet,2024-02-07 11:41:00
W06614,P0054,C0165,25,49,Tablet,2024-03-19 22:48:00
W06615,P0208,C0208,124,54,Mobile,2024-03-22 20:07:00
W06616,P0430,C0180,23,77,Tablet,2024-03-07 00:16:00
W06617,P0080,C0233,28,99,Laptop,2024-05-06 06:07:00
W06618,P0395,C0274,30,77,Laptop,2024-05-15 22:19:00
W06619,P0380,C0164,49,72,Laptop,2024-02-09 12:00:00
W06620,P0433,C0310,112,86,TV,2024-03-29 15:57:00
W06621,P0483,C0397,143,49,TV,2024-02-10 15:07:00
W06622,P0151,C0198,28,50,Laptop,2024-04-24 01:39:00
W06623,P0055,C0272,28,70,Laptop,2024-04-26 07:17:00
W06624,P0005,C0189,16,74,Tablet,2024-03-29 05:48:00
W06625,P0448,C0326,139,10,TV,2024-05-18 13:47:00
W06626,P0035,C0243,85,18,Mobile,2024-03-08 14:05:00
W06627,P0349,C0296,103,84,Mobile,2024-02-15 04:53:00
W06628,P0495,C0279,74,89,TV,2024-01-17 16:07:00
W06629,P0119,C0154,83,24,Tablet,2024-02-05 01:13:00
W06630,P0197,C0296,27,68,Laptop,2024-01-07 08:03:00
W06631,P0054,C0317,127,75,Tablet,2024-01-16 22:39:00
W06632,P0259,C0398,42,19,Tablet,2024-01-25 08:35:00
W06633,P0262,C0125,33,58,TV,2024-05-06 13:43:00
W06634,P0343,C0167,80,20,Laptop,2024-01-06 02:08:00
W06635,P0366,C0263,72,39,TV,2024-05-08 03:51:00
W06636,P0312,C0212,25,32,TV,2024-02-26 20:18:00
W06637,P0002,C0306,13,31,Tablet,2024-03-05 13:52:00
W06638,P0082,C0237,53,60,TV,2024-04-12 21:40:00
W06639,P0350,C0379,102,51,TV,2024-02-02 04:37:00
W06640,P0422,C0265,41,38,TV,2024-04-19 08:35:00
W06641,P0440,C0371,25,54,TV,2024-05-19 20:32:00
W06642,P0005,C0328,27,42,Tablet,2024-03-14 20:50:00
W06643,P0174,C0227,142,48,Laptop,2024-04-28 15:47:00
W06644,P0497,C0370,74,82,Laptop,2024-04-02 05:20:00
W06645,P0139,C0348,105,74,Tablet,2024-01-10 15:13:00
W06646,P0193,C0136,33,91,Mobile,2024-02-16 22:25:00
W06647,P0138,C0255,63,59,TV,2024-02-18 21:41:00
W06648,P0297,C0245,25,95,Tablet,2024-03-26 23:36:00
W06649,P0116,C0360,90,57,Mobile,2024-05-28 01:34:00
W06650,P0044,C0119,103,46,Mobile,2024-04-16 23:33:00
W06651,P0346,C0158,67,87,TV,2024-01-14 01:10:00
W06652,P0289,C0363,50,95,Tablet,2024-03-15 23:19:00
W06653,P0219,C0136,137,42,TV,2024-04-21 00:50:00
W06654,P0056,C0311,19,15,Mobile,2024-05-09 19:26:00
W06655,P0242,C0248,109,100,Mobile,2024-02-05 16:27:00
W06656,P0396,C0202,115,79,TV,2024-01-04 20:15:00
W06657,P0258,C0176,87,64,TV,2024-01-06 20:08:00
W06658,P0001,C0168,84,53,TV,2024-04-19 01:38:00
W06659,P0449,C0166,115,59,Laptop,2024-05-01 18:39:00
W06660,P0377,C0322,111,63,Tablet,2024-03-07 20:41:00
W06661,P0381,C0251,91,72,Tablet,2024-01-15 04:32:00
W06662,P0289,C0374,8,25,Tablet,2024-01-18 22:35:00
W06663,P0470,C0378,46,56,Mobile,2024-03-28 07:32:00
W06664,P0460,C0168,123,66,Tablet,2024-03-31 13:35:00
W06665,P0103,C0335,30,11,Tablet,2024-01-15 07:10:00
W06666,P0292,C0303,110,46,Mobile,2024-05-02 16:37:00
W06667,P0149,C0333,108,32,Mobile,2024-05-06 07:07:00
W06668,P0084,C0263,12,94,Laptop,2024-04-07 18:27:00
W06669,P0420,C0198,77,22,Mobile,2024-02-10 22:12:00
W06670,P0026,C0109,82,74,TV,2024-05-01 02:15:00
W06671,P0175,C0349,70,57,Laptop,2024-01-22 01:45:00
W06672,P0223,C0327,72,16,Mobile,2024-01-07 13:33:00
W06673,P0129,C0341,103,40,Tablet,2024-01-30 02:05:00
W06674,P0422,C0175,82,72,Laptop,2024-04-10 06:39:00
W06675,P0142,C0117,89,54,Laptop,2024-03-19 06:28:00
W06676,P0346,C0151,83,65,Tablet,2024-03-07 01:13:00
W06677,P0302,C0328,43,73,Tablet,2024-01-05 01:21:00
W06678,P0298,C0294,54,31,Tablet,2024-01-25 12:55:00
W06679,P0135,C0380,24,72,TV,2024-05-28 04:37:00
W06680,P0055,C0338,74,89,Laptop,2024-03-12 03:43:00
W06681,P0056,C0371,121,37,TV,2024-03-12 18:11:00
W06682,P0374,C0257,116,53,TV,2024-03-04 10:05:00
W06683,P0076,C0354,32,98,Tablet,2024-01-19 10:39:00
W06684,P0319,C0218,123,23,Mobile,2024-03-27 22:46:00
W06685,P0408,C0150,102,94,TV,2024-04-06 17:55:00
W06686,P0339,C0378,77,28,Mobile,2024-03-22 22:56:00
W06687,P0457,C0152,112,69,Mobile,2024-05-14 18:58:00
W06688,P0355,C0281,26,86,Tablet,2024-04-01 00:00:00
W06689,P0132,C0131,9,11,Mobile,2024-03-03 03:45:00
W06690,P0493,C0346,64,60,TV,2024-01-19 00:30:00
W06691,P0042,C0190,118,87,Mobile,2024-03-17 10:32:00
W06692,P0352,C0131,102,43,TV,2024-01-24 13:56:00
W06693,P0110,C0202,49,91,Tablet,2024-02-28 01:53:00
W06694,P0070,C0330,117,97,TV,2024-04-10 02:48:00
W06695,P0284,C0197,141,60,Mobile,2024-01-12 16:08:00
W06696,P0126,C0167,18,28,TV,2024-04-28 02:18:00
W06697,P0348,C0292,73,45,Mobile,2024-04-06 02:26:00
W06698,P0296,C0311,118,94,Mobile,2024-02-26 17:45:00
W06699,P0179,C0237,60,92,Tablet,2024-04-07 09:02:00
W06700,P0413,C0284,115,35,Mobile,2024-01-02 21:51:00
W06701,P0298,C0156,95,44,Laptop,2024-05-17 15:03:00
W06702,P0374,C0350,15,72,TV,2024-03-15 10:16:00
W06703,P0197,C0382,119,13,Laptop,2024-05-27 08:27:00
W06704,P0261,C0160,105,94,Laptop,2024-05-27 19:10:00
W06705,P0101,C0228,102,12,TV,2024-01-09 17:18:00
W06706,P0425,C0305,119,14,Tablet,2024-04-06 18:48:00
W06707,P0061,C0314,84,38,TV,2024-03-03 20:42:00
W06708,P0183,C0227,62,28,Tablet,2024-01-21 12:52:00
W06709,P0412,C0172,34,26,Mobile,2024-05-04 22:44:00
W06710,P0297,C0316,71,43,Laptop,2024-04-22 15:43:00
W06711,P0367,C0190,33,29,TV,2024-03-20 16:56:00
W06712,P0009,C0333,46,37,Mobile,2024-04-25 06:58:00
W06713,P0413,C0333,123,82,TV,2024-04-06 13:08:00
W06714,P0206,C0163,66,76,TV,2024-03-20 08:14:00
W06715,P0422,C0347,33,19,Mobile,2024-02-08 02:41:00
W06716,P0318,C0235,33,30,TV,2024-04-30 06:38:00
W06717,P0054,C0102,108,13,Mobile,2024-01-06 12:07:00
W06718,P0180,C0261,61,31,Laptop,2024-02-25 09:20:00
W06719,P0104,C0240,59,80,Mobile,2024-04-01 19:12:00
W06720,P0126,C0302,120,71,TV,2024-03-05 08:59:00
W06721,P0034,C0225,132,21,Laptop,2024-04-09 10:59:00
W06722,P0165,C0182,81,20,Laptop,2024-03-12 18:08:00
W06723,P0433,C0264,73,31,Mobile,2024-02-20 13:36:00
W06724,P0298,C0340,62,38,Tablet,2024-03-14 11:50:00
W06725,P0270,C0313,89,70,Mobile,2024-01-12 03:58:00
W06726,P0466,C0249,73,70,Tablet,2024-04-13 07:32:00
W06727,P0289,C0172,105,36,Mobile,2024-05-06 13:01:00
W06728,P0118,C0203,40,56,Laptop,2024-02-03 00:47:00
W06729,P0354,C0283,132,93,Mobile,2024-03-01 03:28:00
W06730,P0092,C0284,91,23,Tablet,2024-02-04 19:02:00
W06731,P0100,C0113,78,16,TV,2024-03-05 05:14:00
W06732,P0493,C0332,97,24,Tablet,2024-02-05 15:14:00
W06733,P0496,C0250,103,55,Laptop,2024-02-11 06:42:00
W06734,P0485,C0363,28,37,Mobile,2024-04-16 00:38:00
W06735,P0087,C0124,91,52,Laptop,2024-03-09 02:59:00
W06736,P0234,C0289,71,19,TV,2024-01-12 22:42:00
W06737,P0401,C0233,146,60,TV,2024-02-05 19:09:00
W06738,P0124,C0150,72,12,TV,2024-03-03 14:03:00
W06739,P0203,C0283,110,85,Mobile,2024-03-22 16:48:00
W06740,P0032,C0126,123,86,Tablet,2024-02-20 22:02:00
W06741,P0357,C0238,36,53,Mobile,2024-02-03 12:31:00
W06742,P0463,C0111,124,63,Laptop,2024-04-06 00:48:00
W06743,P0452,C0396,149,43,Mobile,2024-05-25 11:40:00
W06744,P0039,C0202,134,74,Laptop,2024-02-26 01:48:00
W06745,P0094,C0111,82,98,Mobile,2024-01-05 16:24:00
W06746,P0010,C0212,42,92,Tablet,2024-01-24 03:40:00
W06747,P0215,C0194,59,34,TV,2024-02-28 04:53:00
W06748,P0408,C0360,38,72,Mobile,2024-01-10 16:59:00
W06749,P0100,C0358,50,79,Tablet,2024-05-05 04:26:00
W06750,P0244,C0267,134,54,Mobile,2024-01-24 01:27:00
W06751,P0058,C0309,74,77,Mobile,2024-04-23 19:31:00
W06752,P0453,C0145,40,35,TV,2024-01-10 07:10:00
W06753,P0357,C0305,73,35,Laptop,2024-05-22 04:01:00
W06754,P0491,C0142,109,35,Tablet,2024-05-13 12:20:00
W06755,P0320,C0385,58,87,Mobile,2024-03-06 16:11:00
W06756,P0019,C0200,116,71,TV,2024-05-01 06:27:00
W06757,P0357,C0372,111,70,Mobile,2024-01-23 13:00:00
W06758,P0117,C0106,57,11,Mobile,2024-01-16 22:00:00
W06759,P0136,C0142,121,50,TV,2024-01-01 06:06:00
W06760,P0327,C0353,110,54,Mobile,2024-01-12 20:52:00
W06761,P0296,C0176,97,94,Mobile,2024-04-28 07:19:00
W06762,P0013,C0142,63,23,Tablet,2024-01-20 17:39:00
W06763,P0101,C0368,101,46,Tablet,2024-03-19 07:01:00
W06764,P0380,C0317,90,11,Tablet,2024-05-29 20:12:00
W06765,P0155,C0164,31,14,Mobile,2024-04-05 22:18:00
W06766,P0082,C0279,76,11,Mobile,2024-01-20 11:15:00
W06767,P0088,C0129,126,10,Tablet,2024-05-05 10:08:00
W06768,P0105,C0375,138,57,Mobile,2024-05-22 01:01:00
W06769,P0130,C0316,29,31,TV,2024-05-10 19:06:00
W06770,P0272,C0154,102,50,TV,2024-03-26 07:34:00
W06771,P0014,C0180,141,34,Mobile,2024-01-26 14:45:00
W06772,P0128,C0294,68,55,Mobile,2024-01-01 12:02:00
W06773,P0401,C0300,117,18,Laptop,2024-01-07 22:35:00
W06774,P0060,C0113,69,70,TV,2024-03-27 11:04:00
W06775,P0454,C0322,102,56,Mobile,2024-04-03 01:00:00
W06776,P0227,C0293,149,83,Laptop,2024-01-29 01:34:00
W06777,P0017,C0340,38,88,TV,2024-01-18 19:30:00
W06778,P0045,C0370,145,12,Laptop,2024-05-11 16:00:00
W06779,P0038,C0398,63,17,Tablet,2024-02-10 19:06:00
W06780,P0124,C0199,93,34,Laptop,2024-05-22 11:33:00
W06781,P0360,C0320,80,45,Tablet,2024-05-22 15:45:00
W06782,P0064,C0204,105,52,Mobile,2024-01-22 06:41:00
W06783,P0377,C0165,114,59,Mobile,2024-03-20 02:09:00
W06784,P0253,C0245,10,72,TV,2024-02-05 04:35:00
W06785,P0262,C0138,113,94,Laptop,2024-05-23 23:19:00
W06786,P0444,C0128,15,43,Laptop,2024-02-24 12:18:00
W06787,P0112,C0389,84,100,Mobile,2024-01-26 12:44:00
W06788,P0102,C0337,143,82,TV,2024-05-09 21:06:00
W06789,P0049,C0226,30,19,Mobile,2024-02-25 12:03:00
W06790,P0277,C0185,110,36,TV,2024-02-03 12:17:00
W06791,P0227,C0337,19,98,Laptop,2024-02-25 09:26:00
W06792,P0023,C0346,107,22,Tablet,2024-01-20 23:52:00
W06793,P0332,C0366,143,60,TV,2024-03-24 02:32:00
W06794,P0185,C0349,110,77,Laptop,2024-02-22 23:41:00
W06795,P0064,C0392,72,25,TV,2024-04-20 16:43:00
W06796,P0157,C0305,93,21,Tablet,2024-04-21 05:24:00
W06797,P0283,C0328,33,34,Tablet,2024-01-02 15:49:00
W06798,P0390,C0340,68,58,Mobile,2024-01-16 15:50:00
W06799,P0149,C0173,100,25,Tablet,2024-04-03 15:38:00
W06800,P0327,C0259,32,11,Tablet,2024-02-14 14:53:00
W06801,P0363,C0312,88,82,Mobile,2024-01-24 06:10:00
W06802,P0169,C0236,27,86,Tablet,2024-05-02 03:00:00
W06803,P0464,C0383,43,87,Mobile,2024-05-18 01:17:00
W06804,P0133,C0264,73,85,TV,2024-04-26 05:35:00
W06805,P0399,C0237,25,44,Laptop,2024-02-19 01:24:00
W06806,P0405,C0271,124,31,Mobile,2024-01-04 16:32:00
W06807,P0314,C0252,90,94,TV,2024-03-01 18:54:00
W06808,P0132,C0265,98,57,Tablet,2024-03-18 12:42:00
W06809,P0197,C0397,96,73,TV,2024-05-12 10:11:00
W06810,P0135,C0204,85,76,Mobile,2024-05-25 13:18:00
W06811,P0035,C0322,89,31,Mobile,2024-04-28 05:49:00
W06812,P0420,C0382,131,82,Mobile,2024-05-28 11:26:00
W06813,P0377,C0229,92,56,Mobile,2024-01-30 17:58:00
W06814,P0399,C0320,98,49,TV,2024-04-14 11:47:00
W06815,P0220,C0273,132,62,Laptop,2024-02-10 11:24:00
W06816,P0386,C0196,46,12,Laptop,2024-03-14 03:38:00
W06817,P0376,C0152,103,15,TV,2024-03-17 01:24:00
W06818,P0185,C0194,138,23,Laptop,2024-04-13 17:02:00
W06819,P0005,C0164,140,92,Tablet,2024-03-19 20:35:00
W06820,P0071,C0121,73,67,TV,2024-03-24 11:24:00
W06821,P0342,C0206,44,91,TV,2024-05-12 16:53:00
W06822,P0241,C0300,142,16,TV,2024-05-03 05:49:00
W06823,P0351,C0381,35,38,Laptop,2024-01-26 04:52:00
W06824,P0416,C0382,34,12,TV,2024-01-13 20:20:00
W06825,P0456,C0200,89,22,TV,2024-01-25 16:23:00
W06826,P0297,C0127,65,45,Mobile,2024-01-20 12:38:00
W06827,P0426,C0345,31,98,Mobile,2024-03-12 06:44:00
W06828,P0331,C0163,39,47,Laptop,2024-04-24 11:40:00
W06829,P0193,C0138,64,84,Mobile,2024-01-26 09:25:00
W06830,P0495,C0227,36,69,Tablet,2024-05-18 16:40:00
W06831,P0168,C0171,94,82,Mobile,2024-05-04 08:42:00
W06832,P0339,C0234,136,31,Mobile,2024-01-27 14:21:00
W06833,P0236,C0353,95,30,TV,2024-03-23 13:21:00
W06834,P0294,C0113,104,92,Tablet,2024-02-07 01:26:00
W06835,P0298,C0274,31,42,Tablet,2024-03-05 06:26:00
W06836,P0248,C0190,51,13,Mobile,2024-05-21 04:45:00
W06837,P0165,C0389,138,89,Laptop,2024-04-22 10:54:00
W06838,P0312,C0307,30,53,TV,2024-05-21 11:36:00
W06839,P0071,C0162,28,10,Laptop,2024-01-08 17:03:00
W06840,P0231,C0139,123,71,Laptop,2024-03-12 15:14:00
W06841,P0055,C0160,48,88,Laptop,2024-02-01 01:34:00
W06842,P0473,C0205,146,31,Tablet,2024-02-10 05:30:00
W06843,P0182,C0339,145,68,Laptop,2024-02-14 19:38:00
W06844,P0022,C0227,47,46,Laptop,2024-01-19 02:58:00
W06845,P0283,C0183,47,32,Tablet,2024-05-16 12:46:00
W06846,P0105,C0320,70,42,Mobile,2024-01-03 04:02:00
W06847,P0175,C0205,114,31,Tablet,2024-04-05 03:16:00
W06848,P0294,C0174,115,73,Tablet,2024-05-15 08:45:00
W06849,P0368,C0235,5,71,Mobile,2024-04-29 23:30:00
W06850,P0039,C0162,144,63,Laptop,2024-01-13 19:54:00
W06851,P0399,C0101,114,67,Laptop,2024-03-12 11:30:00
W06852,P0375,C0179,64,21,Mobile,2024-05-25 16:57:00
W06853,P0450,C0165,30,27,Laptop,2024-03-22 18:00:00
W06854,P0445,C0283,61,76,Mobile,2024-01-07 01:51:00
W06855,P0060,C0166,144,69,Tablet,2024-02-17 06:15:00
W06856,P0392,C0308,137,10,Laptop,2024-02-29 00:32:00
W06857,P0300,C0154,139,98,Laptop,2024-04-24 17:06:00
W06858,P0299,C0321,148,29,TV,2024-01-04 00:41:00
W06859,P0390,C0336,56,26,Laptop,2024-01-09 16:39:00
W06860,P0212,C0200,85,58,TV,2024-02-20 10:56:00
W06861,P0155,C0203,31,31,Laptop,2024-05-24 19:25:00
W06862,P0173,C0282,115,42,TV,2024-01-22 17:30:00
W06863,P0023,C0208,120,35,Mobile,2024-02-12 19:14:00
W06864,P0240,C0112,83,36,Laptop,2024-04-03 09:57:00
W06865,P0488,C0186,27,69,Mobile,2024-03-29 23:56:00
W06866,P0209,C0388,131,43,TV,2024-01-21 16:38:00
W06867,P0122,C0314,29,96,TV,2024-01-09 03:03:00
W06868,P0253,C0144,143,89,TV,2024-02-05 21:09:00
W06869,P0141,C0178,67,87,TV,2024-03-13 19:33:00
W06870,P0452,C0155,89,61,Tablet,2024-01-01 18:12:00
W06871,P0340,C0372,123,64,Mobile,2024-02-06 20:53:00
W06872,P0362,C0171,14,70,TV,2024-03-12 16:41:00
W06873,P0320,C0168,116,59,Laptop,2024-04-16 23:40:00
W06874,P0153,C0280,133,72,TV,2024-03-24 12:19:00
W06875,P0381,C0274,74,73,Mobile,2024-02-12 21:56:00
W06876,P0214,C0269,59,23,Tablet,2024-01-25 12:12:00
W06877,P0308,C0361,102,99,Mobile,2024-05-28 19:52:00
W06878,P0048,C0225,90,60,Laptop,2024-03-13 07:05:00
W06879,P0317,C0231,138,36,Tablet,2024-02-11 12:49:00
W06880,P0017,C0334,109,49,Mobile,2024-05-15 10:07:00
W06881,P0296,C0254,28,77,TV,2024-03-01 08:45:00
W06882,P0331,C0225,89,18,Laptop,2024-04-22 01:16:00
W06883,P0345,C0200,107,65,Laptop,2024-01-21 15:19:00
W06884,P0069,C0153,137,100,Tablet,2024-03-04 19:43:00
W06885,P0085,C0228,139,48,Mobile,2024-02-26 19:44:00
W06886,P0282,C0114,135,24,Laptop,2024-02-21 19:29:00
W06887,P0208,C0105,145,98,Tablet,2024-05-19 11:30:00
W06888,P0440,C0350,80,27,TV,2024-03-29 12:14:00
W06889,P0040,C0127,138,61,TV,2024-01-10 12:30:00
W06890,P0469,C0225,102,70,Tablet,2024-02-21 06:10:00
W06891,P0496,C0129,51,46,Mobile,2024-05-15 12:15:00
W06892,P0096,C0103,59,89,TV,2024-05-29 17:46:00
W06893,P0452,C0328,53,62,TV,2024-01-29 17:34:00
W06894,P0486,C0237,7,21,Tablet,2024-05-07 12:46:00
W06895,P0250,C0357,26,90,Mobile,2024-02-07 07:20:00
W06896,P0373,C0340,39,34,TV,2024-04-10 23:31:00
W06897,P0136,C0379,32,88,Mobile,2024-05-09 08:43:00
W06898,P0073,C0260,144,34,Tablet,2024-02-04 12:39:00
W06899,P0301,C0106,133,30,Mobile,2024-04-19 22:31:00
W06900,P0273,C0243,104,92,Mobile,2024-05-28 21:08:00
W06901,P0169,C0281,121,97,Laptop,2024-04-19 02:42:00
W06902,P0333,C0130,27,16,TV,2024-02-17 06:38:00
W06903,P0393,C0353,105,85,TV,2024-03-11 06:38:00
W06904,P0198,C0140,32,58,TV,2024-05-13 03:58:00
W06905,P0347,C0287,117,48,Mobile,2024-03-08 17:35:00
W06906,P0106,C0327,121,84,Tablet,2024-05-02 01:49:00
W06907,P0101,C0320,129,58,Mobile,2024-01-15 23:23:00
W06908,P0359,C0143,58,98,TV,2024-02-13 16:41:00
W06909,P0235,C0244,60,43,TV,2024-01-09 00:33:00
W06910,P0280,C0378,14,84,TV,2024-03-13 23:42:00
W06911,P0329,C0274,137,25,TV,2024-02-14 12:03:00
W06912,P0377,C0347,146,24,Tablet,2024-03-12 09:29:00
W06913,P0106,C0273,32,49,Laptop,2024-04-24 13:06:00
W06914,P0395,C0141,25,88,Mobile,2024-01-16 01:14:00
W06915,P0035,C0150,80,16,Tablet,2024-04-15 02:15:00
W06916,P0157,C0280,24,49,Laptop,2024-03-14 04:13:00
W06917,P0392,C0259,119,75,TV,2024-01-18 17:01:00
W06918,P0273,C0137,100,79,Tablet,2024-02-12 00:49:00
W06919,P0455,C0127,55,31,Tablet,2024-01-03 12:23:00
W06920,P0396,C0356,106,68,Tablet,2024-02-28 09:35:00
W06921,P0240,C0378,44,14,Mobile,2024-03-10 22:06:00
W06922,P0207,C0349,89,27,Laptop,2024-05-21 15:02:00
W06923,P0245,C0281,85,20,Laptop,2024-04-15 12:37:00
W06924,P0093,C0117,119,17,Mobile,2024-03-21 12:42:00
W06925,P0109,C0225,112,29,Laptop,2024-02-20 21:48:00
W06926,P0306,C0312,6,84,TV,2024-04-22 14:55:00
W06927,P0114,C0337,18,68,Tablet,2024-03-30 03:23:00
W06928,P0024,C0399,18,100,Laptop,2024-01-25 15:56:00
W06929,P0293,C0300,48,34,Laptop,2024-02-10 01:08:00
W06930,P0462,C0281,44,67,Tablet,2024-01-04 03:59:00
W06931,P0252,C0230,38,28,TV,2024-04-14 17:34:00
W06932,P0267,C0221,69,11,TV,2024-05-10 11:46:00
W06933,P0355,C0287,22,67,Laptop,2024-03-30 11:29:00
W06934,P0209,C0327,116,75,TV,2024-05-24 22:25:00
W06935,P0443,C0262,38,16,Mobile,2024-03-28 08:55:00
W06936,P0055,C0212,91,60,Tablet,2024-04-08 15:27:00
W06937,P0027,C0234,84,42,Tablet,2024-04-14 22:25:00
W06938,P0492,C0286,128,84,Mobile,2024-02-29 16:01:00
W06939,P0323,C0275,66,22,TV,2024-01-15 08:23:00
W06940,P0444,C0361,132,19,TV,2024-03-25 15:30:00
W06941,P0002,C0369,74,68,Tablet,2024-03-28 21:26:00
W06942,P0068,C0382,52,47,Mobile,2024-01-06 08:13:00
W06943,P0402,C0324,84,29,Mobile,2024-05-04 21:52:00
W06944,P0148,C0352,43,94,Tablet,2024-02-27 14:37:00
W06945,P0469,C0164,74,23,Laptop,2024-02-11 22:53:00
W06946,P0319,C0224,84,97,Tablet,2024-05-08 22:38:00
W06947,P0462,C0170,13,49,Laptop,2024-04-04 03:36:00
W06948,P0328,C0338,33,16,Laptop,2024-04-20 05:52:00
W06949,P0130,C0175,122,78,Laptop,2024-04-28 05:24:00
W06950,P0474,C0110,66,15,Tablet,2024-05-12 20:51:00
W06951,P0083,C0368,146,49,Mobile,2024-05-24 05:07:00
W06952,P0042,C0188,47,62,Mobile,2024-05-21 04:44:00
W06953,P0156,C0150,92,18,Mobile,2024-05-15 05:59:00
W06954,P0157,C0243,12,74,Tablet,2024-01-01 13:16:00
W06955,P0453,C0159,29,29,Tablet,2024-03-09 13:40:00
W06956,P0107,C0311,136,15,TV,2024-05-03 05:43:00
W06957,P0284,C0172,19,86,Tablet,2024-03-23 08:43:00
W06958,P0188,C0344,20,48,Mobile,2024-02-21 02:08:00
W06959,P0105,C0339,58,30,TV,2024-05-14 10:56:00
W06960,P0112,C0290,131,46,Tablet,2024-05-06 12:17:00
W06961,P0474,C0150,15,21,Tablet,2024-03-11 04:32:00
W06962,P0133,C0305,32,79,Tablet,2024-01-03 21:48:00
W06963,P0271,C0154,11,24,TV,2024-01-22 02:45:00
W06964,P0110,C0324,118,30,TV,2024-02-23 14:34:00
W06965,P0073,C0256,132,94,Laptop,2024-03-09 11:02:00
W06966,P0416,C0151,42,90,TV,2024-04-29 12:09:00
W06967,P0436,C0341,72,55,Mobile,2024-02-16 06:44:00
W06968,P0346,C0261,41,80,Mobile,2024-01-20 11:47:00
W06969,P0293,C0229,124,96,Tablet,2024-05-28 00:20:00
W06970,P0143,C0185,39,95,Mobile,2024-01-01 06:38:00
W06971,P0425,C0169,138,19,Mobile,2024-01-17 00:50:00
W06972,P0260,C0155,114,91,Mobile,2024-01-14 13:46:00
W06973,P0245,C0185,120,75,Mobile,2024-03-23 13:37:00
W06974,P0437,C0180,114,85,TV,2024-05-03 21:25:00
W06975,P0484,C0320,106,48,Mobile,2024-04-18 17:52:00
W06976,P0340,C0210,103,31,Tablet,2024-01-06 19:01:00
W06977,P0155,C0353,146,95,TV,2024-01-07 16:12:00
W06978,P0149,C0264,143,51,Laptop,2024-04-27 06:36:00
W06979,P0060,C0203,75,95,Mobile,2024-01-27 11:50:00
W06980,P0086,C0213,92,15,Laptop,2024-04-25 18:40:00
W06981,P0192,C0352,92,61,Laptop,2024-01-17 11:24:00
W06982,P0327,C0252,82,46,Tablet,2024-04-10 03:05:00
W06983,P0431,C0351,15,93,Laptop,2024-01-29 01:41:00
W06984,P0182,C0188,131,15,Mobile,2024-05-02 00:53:00
W06985,P0287,C0200,83,82,Tablet,2024-01-27 19:00:00
W06986,P0273,C0220,78,38,Tablet,2024-04-13 09:16:00
W06987,P0255,C0304,21,78,TV,2024-04-23 14:14:00
W06988,P0434,C0249,142,60,Tablet,2024-01-31 11:15:00
W06989,P0007,C0301,10,86,Laptop,2024-02-06 20:18:00
W06990,P0126,C0395,5,36,Mobile,2024-02-05 04:20:00
W06991,P0083,C0103,68,96,TV,2024-02-21 00:48:00
W06992,P0028,C0168,5,46,Laptop,2024-01-06 06:18:00
W06993,P0266,C0254,105,55,Tablet,2024-05-17 03:43:00
W06994,P0283,C0282,5,34,Mobile,2024-01-23 16:47:00
W06995,P0397,C0113,113,46,Tablet,2024-05-24 01:49:00
W06996,P0450,C0289,64,32,TV,2024-02-13 09:12:00
W06997,P0470,C0120,47,35,TV,2024-05-22 19:55:00
W06998,P0251,C0383,42,85,Mobile,2024-02-19 15:58:00
W06999,P0468,C0110,111,61,Laptop,2024-04-18 10:29:00
W07000,P0188,C0288,6,12,Mobile,2024-04-18 09:15:00
W07001,P0383,C0119,86,82,Laptop,2024-03-07 19:39:00
W07002,P0299,C0243,144,88,Mobile,2024-03-07 03:25:00
W07003,P0069,C0203,115,81,TV,2024-01-18 02:34:00
W07004,P0319,C0341,13,37,TV,2024-02-29 18:17:00
W07005,P0326,C0252,140,99,Tablet,2024-02-18 13:02:00
W07006,P0099,C0372,84,89,TV,2024-03-13 11:47:00
W07007,P0193,C0288,66,43,Tablet,2024-05-22 02:58:00
W07008,P0227,C0310,27,93,TV,2024-02-17 18:15:00
W07009,P0451,C0277,97,74,TV,2024-04-22 12:36:00
W07010,P0182,C0294,63,97,Tablet,2024-05-08 13:40:00
W07011,P0420,C0277,14,38,Mobile,2024-01-18 17:33:00
W07012,P0327,C0166,144,13,Mobile,2024-04-06 04:10:00
W07013,P0093,C0102,129,77,Mobile,2024-01-07 18:35:00
W07014,P0143,C0371,120,71,Laptop,2024-04-22 04:18:00
W07015,P0203,C0160,78,47,Laptop,2024-04-16 09:34:00
W07016,P0402,C0143,45,76,TV,2024-05-13 16:30:00
W07017,P0492,C0193,107,11,TV,2024-04-11 20:22:00
W07018,P0132,C0326,11,85,TV,2024-03-31 15:17:00
W07019,P0472,C0386,98,53,Tablet,2024-03-01 19:03:00
W07020,P0267,C0163,120,88,Laptop,2024-03-01 22:12:00
W07021,P0134,C0380,109,41,Laptop,2024-01-26 10:26:00
W07022,P0378,C0114,56,95,Mobile,2024-02-09 05:43:00
W07023,P0179,C0128,49,12,Laptop,2024-04-25 02:15:00
W07024,P0186,C0242,42,26,Tablet,2024-01-21 00:30:00
W07025,P0444,C0208,85,21,Tablet,2024-01-27 01:12:00
W07026,P0018,C0390,89,73,Tablet,2024-04-06 11:12:00
W07027,P0463,C0178,62,72,Tablet,2024-03-30 07:55:00
W07028,P0323,C0347,50,87,TV,2024-02-13 22:02:00
W07029,P0401,C0112,127,81,Tablet,2024-01-31 03:31:00
W07030,P0097,C0284,134,50,Mobile,2024-03-16 06:40:00
W07031,P0034,C0396,108,11,Tablet,2024-05-22 17:37:00
W07032,P0414,C0340,116,62,Laptop,2024-03-20 22:31:00
W07033,P0403,C0363,136,43,Tablet,2024-04-07 06:05:00
W07034,P0393,C0173,100,97,Mobile,2024-01-28 11:52:00
W07035,P0424,C0168,87,93,Laptop,2024-05-09 04:32:00
W07036,P0300,C0387,53,83,Laptop,2024-02-27 19:10:00
W07037,P0351,C0320,121,49,Laptop,2024-01-09 21:50:00
W07038,P0187,C0147,139,80,TV,2024-03-28 22:21:00
W07039,P0347,C0158,13,74,Laptop,2024-01-19 18:50:00
W07040,P0111,C0124,31,64,TV,2024-02-24 06:51:00
W07041,P0409,C0390,39,83,Tablet,2024-04-21 12:11:00
W07042,P0247,C0124,92,60,Mobile,2024-05-02 08:17:00
W07043,P0071,C0164,97,14,Laptop,2024-03-05 23:23:00
W07044,P0309,C0355,71,65,Tablet,2024-01-03 03:26:00
W07045,P0432,C0248,47,30,TV,2024-05-17 17:24:00
W07046,P0327,C0216,12,67,TV,2024-02-06 22:46:00
W07047,P0212,C0198,125,82,Mobile,2024-04-29 06:28:00
W07048,P0309,C0339,82,40,Tablet,2024-01-25 03:53:00
W07049,P0108,C0383,40,55,Mobile,2024-04-30 10:01:00
W07050,P0177,C0400,131,36,Mobile,2024-03-04 11:51:00
W07051,P0427,C0193,52,79,Laptop,2024-03-29 23:11:00
W07052,P0228,C0165,139,40,Laptop,2024-03-16 10:48:00
W07053,P0019,C0274,78,50,Mobile,2024-05-17 08:15:00
W07054,P0322,C0335,144,54,Laptop,2024-01-10 20:24:00
W07055,P0418,C0267,59,45,Tablet,2024-03-02 22:49:00
W07056,P0248,C0337,27,11,TV,2024-02-29 16:30:00
W07057,P0209,C0107,17,71,TV,2024-05-26 10:18:00
W07058,P0216,C0143,57,30,Laptop,2024-02-07 10:45:00
W07059,P0201,C0376,67,43,Tablet,2024-05-22 20:44:00
W07060,P0438,C0253,78,95,Laptop,2024-02-16 08:21:00
W07061,P0257,C0143,55,22,Tablet,2024-05-12 14:05:00
W07062,P0106,C0313,11,28,TV,2024-02-22 07:29:00
W07063,P0476,C0301,123,42,Tablet,2024-03-02 17:26:00
W07064,P0311,C0255,54,58,TV,2024-02-13 13:39:00
W07065,P0271,C0320,91,12,Laptop,2024-02-15 10:58:00
W07066,P0383,C0253,48,47,Tablet,2024-03-24 00:46:00
W07067,P0469,C0136,40,92,Laptop,2024-03-31 13:39:00
W07068,P0271,C0326,101,80,Mobile,2024-01-24 01:28:00
W07069,P0121,C0221,107,24,Mobile,2024-03-04 19:02:00
W07070,P0407,C0109,129,47,Laptop,2024-03-04 22:45:00
W07071,P0245,C0281,11,34,TV,2024-02-25 18:02:00
W07072,P0066,C0121,98,70,Tablet,2024-05-12 07:17:00
W07073,P0430,C0372,125,95,Laptop,2024-05-04 08:05:00
W07074,P0228,C0294,113,96,TV,2024-02-16 07:39:00
W07075,P0370,C0126,41,59,Tablet,2024-04-30 15:20:00
W07076,P0137,C0385,25,19,Laptop,2024-04-11 17:18:00
W07077,P0194,C0198,102,59,Laptop,2024-04-14 00:50:00
W07078,P0194,C0319,50,51,TV,2024-02-22 17:37:00
W07079,P0146,C0373,25,80,Tablet,2024-05-03 16:44:00
W07080,P0145,C0388,102,61,Tablet,2024-03-17 10:34:00
W07081,P0489,C0166,76,55,TV,2024-03-10 20:53:00
W07082,P0072,C0211,100,98,Laptop,2024-01-21 01:47:00
W07083,P0354,C0312,56,49,TV,2024-04-17 21:04:00
W07084,P0418,C0271,33,67,TV,2024-05-14 18:33:00
W07085,P0453,C0159,73,33,Laptop,2024-03-19 11:28:00
W07086,P0192,C0130,31,78,Tablet,2024-02-11 06:46:00
W07087,P0044,C0367,115,94,Mobile,2024-02-21 01:41:00
W07088,P0157,C0254,142,49,Mobile,2024-04-14 11:32:00
W07089,P0446,C0102,40,29,TV,2024-04-13 21:56:00
W07090,P0476,C0269,99,38,Tablet,2024-05-25 06:43:00
W07091,P0016,C0314,20,46,Laptop,2024-02-15 17:05:00
W07092,P0078,C0351,94,29,Tablet,2024-04-28 14:14:00
W07093,P0052,C0131,112,27,TV,2024-04-03 20:14:00
W07094,P0002,C0283,88,13,Tablet,2024-01-03 15:41:00
W07095,P0232,C0289,72,20,Tablet,2024-04-20 02:56:00
W07096,P0061,C0313,63,73,Laptop,2024-01-01 14:32:00
W07097,P0132,C0227,35,95,Mobile,2024-01-22 07:56:00
W07098,P0382,C0392,70,61,Tablet,2024-05-21 03:39:00
W07099,P0052,C0396,93,52,Tablet,2024-05-13 08:21:00
W07100,P0297,C0123,7,23,Mobile,2024-03-05 12:40:00
W07101,P0180,C0118,111,54,Tablet,2024-01-04 02:10:00
W07102,P0031,C0179,73,37,Tablet,2024-04-22 13:17:00
W07103,P0410,C0134,26,13,Tablet,2024-01-31 15:29:00
W07104,P0155,C0207,84,25,Mobile,2024-01-20 03:34:00
W07105,P0121,C0299,57,47,TV,2024-02-23 21:14:00
W07106,P0051,C0291,80,72,Mobile,2024-05-05 23:52:00
W07107,P0482,C0332,46,32,Mobile,2024-01-15 23:50:00
W07108,P0095,C0162,8,86,TV,2024-02-26 01:18:00
W07109,P0176,C0142,117,29,Laptop,2024-01-14 14:18:00
W07110,P0011,C0124,46,78,Mobile,2024-01-14 01:38:00
W07111,P0392,C0263,101,92,Tablet,2024-02-02 04:16:00
W07112,P0012,C0283,130,30,Laptop,2024-02-03 00:18:00
W07113,P0355,C0195,7,51,Laptop,2024-01-04 09:48:00
W07114,P0045,C0183,85,78,TV,2024-02-27 23:59:00
W07115,P0290,C0193,143,23,Laptop,2024-05-16 05:58:00
W07116,P0205,C0378,85,79,Tablet,2024-03-07 18:59:00
W07117,P0219,C0205,109,14,Laptop,2024-05-27 20:25:00
W07118,P0328,C0185,128,33,Tablet,2024-04-29 04:09:00
W07119,P0431,C0161,103,38,TV,2024-01-22 01:51:00
W07120,P0256,C0308,10,11,Laptop,2024-03-15 12:25:00
W07121,P0248,C0258,36,15,Mobile,2024-05-15 16:08:00
W07122,P0021,C0169,15,43,TV,2024-05-22 17:35:00
W07123,P0041,C0362,47,85,TV,2024-03-07 13:17:00
W07124,P0459,C0334,43,31,Tablet,2024-01-13 20:59:00
W07125,P0278,C0239,145,13,TV,2024-01-21 09:12:00
W07126,P0277,C0380,17,15,Mobile,2024-04-30 04:34:00
W07127,P0412,C0331,43,76,Laptop,2024-02-17 01:25:00
W07128,P0195,C0151,72,86,Laptop,2024-03-03 06:43:00
W07129,P0071,C0339,108,72,Laptop,2024-02-06 17:34:00
W07130,P0270,C0119,69,96,Tablet,2024-03-14 01:46:00
W07131,P0335,C0278,117,99,Mobile,2024-04-12 10:21:00
W07132,P0073,C0309,11,82,Tablet,2024-01-20 10:50:00
W07133,P0308,C0231,7,96,Laptop,2024-03-26 09:15:00
W07134,P0427,C0331,90,77,Laptop,2024-03-22 18:07:00
W07135,P0199,C0192,53,43,Mobile,2024-05-01 09:26:00
W07136,P0076,C0131,62,81,Tablet,2024-03-14 14:44:00
W07137,P0275,C0349,32,43,Mobile,2024-05-08 04:15:00
W07138,P0283,C0224,119,66,Laptop,2024-05-16 14:22:00
W07139,P0146,C0236,26,46,Mobile,2024-05-24 05:54:00
W07140,P0013,C0373,98,15,Mobile,2024-04-21 02:25:00
W07141,P0363,C0200,105,80,Tablet,2024-02-02 04:19:00
W07142,P0129,C0319,75,54,Tablet,2024-03-27 14:02:00
W07143,P0230,C0204,118,50,Mobile,2024-01-09 06:31:00
W07144,P0085,C0197,17,14,TV,2024-05-12 09:47:00
W07145,P0162,C0303,9,69,TV,2024-05-08 21:34:00
W07146,P0397,C0121,26,76,Tablet,2024-03-29 07:45:00
W07147,P0365,C0298,131,26,Laptop,2024-05-07 19:57:00
W07148,P0371,C0212,57,92,Laptop,2024-01-26 09:32:00
W07149,P0489,C0249,43,74,Tablet,2024-05-02 09:38:00
W07150,P0051,C0343,41,64,Tablet,2024-05-29 17:29:00
W07151,P0215,C0283,35,18,Mobile,2024-03-23 06:03:00
W07152,P0001,C0384,66,13,Laptop,2024-04-20 18:03:00
W07153,P0471,C0400,107,51,TV,2024-02-08 04:51:00
W07154,P0377,C0189,85,55,Tablet,2024-01-21 13:35:00
W07155,P0412,C0322,131,83,Tablet,2024-01-26 03:10:00
W07156,P0123,C0348,10,10,Laptop,2024-02-05 11:03:00
W07157,P0288,C0277,109,96,Laptop,2024-05-07 03:52:00
W07158,P0200,C0218,85,26,TV,2024-05-28 10:57:00
W07159,P0183,C0274,91,100,Tablet,2024-01-15 19:17:00
W07160,P0410,C0319,56,88,TV,2024-01-28 02:15:00
W07161,P0398,C0318,17,16,Mobile,2024-05-28 16:16:00
W07162,P0216,C0177,57,14,Mobile,2024-04-29 21:04:00
W07163,P0240,C0188,138,61,Tablet,2024-03-28 07:23:00
W07164,P0349,C0178,59,62,Mobile,2024-01-31 22:06:00
W07165,P0068,C0301,63,12,Laptop,2024-02-03 17:05:00
W07166,P0319,C0164,102,71,Laptop,2024-04-15 20:18:00
W07167,P0082,C0104,145,41,Laptop,2024-04-03 22:11:00
W07168,P0142,C0183,78,11,TV,2024-05-14 11:55:00
W07169,P0411,C0293,65,89,Laptop,2024-05-26 22:49:00
W07170,P0041,C0106,49,90,TV,2024-04-01 21:17:00
W07171,P0239,C0293,139,62,Tablet,2024-05-22 22:37:00
W07172,P0003,C0317,90,21,Tablet,2024-05-04 12:42:00
W07173,P0094,C0122,18,14,Laptop,2024-05-21 02:10:00
W07174,P0059,C0245,40,13,Laptop,2024-02-19 10:04:00
W07175,P0228,C0385,12,65,Tablet,2024-05-03 13:41:00
W07176,P0407,C0245,16,89,TV,2024-05-13 15:44:00
W07177,P0018,C0102,110,91,TV,2024-03-18 05:33:00
W07178,P0494,C0388,146,73,TV,2024-01-20 03:24:00
W07179,P0239,C0325,55,54,Mobile,2024-03-31 15:55:00
W07180,P0360,C0314,9,69,Mobile,2024-04-08 19:56:00
W07181,P0074,C0266,5,29,Laptop,2024-02-25 17:05:00
W07182,P0376,C0241,108,62,Laptop,2024-04-14 15:40:00
W07183,P0332,C0164,109,82,Tablet,2024-04-21 08:55:00
W07184,P0169,C0312,105,25,Laptop,2024-04-18 09:39:00
W07185,P0264,C0389,132,39,Tablet,2024-04-23 15:49:00
W07186,P0160,C0198,101,29,Mobile,2024-02-18 09:03:00
W07187,P0337,C0266,53,95,Laptop,2024-03-01 02:08:00
W07188,P0169,C0226,149,96,TV,2024-04-11 00:34:00
W07189,P0429,C0257,99,61,Tablet,2024-02-20 03:18:00
W07190,P0206,C0350,39,45,TV,2024-02-14 01:16:00
W07191,P0357,C0161,17,31,Mobile,2024-04-22 13:52:00
W07192,P0009,C0132,120,10,TV,2024-01-14 05:48:00
W07193,P0346,C0374,42,30,TV,2024-05-10 03:57:00
W07194,P0304,C0121,82,57,Laptop,2024-01-24 02:17:00
W07195,P0115,C0112,138,92,TV,2024-01-13 20:24:00
W07196,P0152,C0344,67,81,TV,2024-05-21 10:11:00
W07197,P0087,C0203,13,14,Mobile,2024-05-17 11:19:00
W07198,P0095,C0376,27,49,TV,2024-04-08 13:58:00
W07199,P0231,C0107,83,91,Tablet,2024-04-08 09:37:00
W07200,P0428,C0230,122,88,TV,2024-03-19 22:32:00
W07201,P0186,C0399,63,54,Tablet,2024-02-16 14:08:00
W07202,P0450,C0197,118,40,Laptop,2024-05-05 20:54:00
W07203,P0114,C0377,139,24,Tablet,2024-02-21 19:29:00
W07204,P0274,C0385,51,67,Tablet,2024-01-23 02:19:00
W07205,P0464,C0388,93,62,Laptop,2024-01-21 21:17:00
W07206,P0029,C0273,91,54,Laptop,2024-03-04 20:41:00
W07207,P0203,C0305,79,76,Mobile,2024-03-12 16:29:00
W07208,P0002,C0203,140,51,Tablet,2024-05-09 09:40:00
W07209,P0078,C0213,40,33,Laptop,2024-03-08 16:22:00
W07210,P0324,C0231,43,47,TV,2024-05-26 23:27:00
W07211,P0231,C0139,69,60,Mobile,2024-04-16 10:20:00
W07212,P0098,C0108,48,33,TV,2024-03-12 18:46:00
W07213,P0117,C0146,81,86,TV,2024-05-20 09:36:00
W07214,P0110,C0294,84,100,Laptop,2024-05-13 03:18:00
W07215,P0167,C0106,145,42,Mobile,2024-04-21 08:29:00
W07216,P0457,C0158,41,28,Mobile,2024-03-19 14:53:00
W07217,P0488,C0269,18,34,Laptop,2024-04-30 17:03:00
W07218,P0297,C0222,126,79,Tablet,2024-03-27 12:32:00
W07219,P0455,C0349,145,98,Mobile,2024-03-28 16:14:00
W07220,P0371,C0307,144,96,TV,2024-03-08 02:51:00
W07221,P0337,C0215,59,58,Tablet,2024-04-10 00:16:00
W07222,P0378,C0339,26,26,Mobile,2024-02-07 06:33:00
W07223,P0087,C0154,88,30,TV,2024-02-23 20:42:00
W07224,P0493,C0176,94,52,Mobile,2024-05-13 04:07:00
W07225,P0459,C0269,19,93,Mobile,2024-05-13 00:51:00
W07226,P0022,C0148,34,85,Laptop,2024-01-15 22:27:00
W07227,P0210,C0324,33,86,Laptop,2024-04-21 11:35:00
W07228,P0305,C0170,121,91,Tablet,2024-04-13 00:06:00
W07229,P0412,C0255,112,31,Mobile,2024-02-20 13:45:00
W07230,P0272,C0147,119,72,Tablet,2024-04-18 23:10:00
W07231,P0490,C0379,20,33,TV,2024-01-31 18:49:00
W07232,P0324,C0302,86,42,Laptop,2024-01-13 19:29:00
W07233,P0446,C0242,32,76,Laptop,2024-04-28 11:54:00
W07234,P0420,C0226,66,90,Tablet,2024-05-20 01:54:00
W07235,P0278,C0253,60,26,Tablet,2024-02-26 06:21:00
W07236,P0139,C0165,79,57,Laptop,2024-02-23 19:16:00
W07237,P0341,C0196,21,53,Tablet,2024-01-19 18:20:00
W07238,P0377,C0281,25,34,Mobile,2024-03-09 00:43:00
W07239,P0232,C0278,119,81,TV,2024-02-07 05:17:00
W07240,P0233,C0229,33,69,Tablet,2024-01-22 19:37:00
W07241,P0080,C0139,72,38,TV,2024-05-04 08:36:00
W07242,P0426,C0400,15,21,Mobile,2024-02-23 20:00:00
W07243,P0055,C0233,86,18,TV,2024-01-03 20:43:00
W07244,P0457,C0209,132,99,Laptop,2024-02-07 10:53:00
W07245,P0291,C0172,121,95,TV,2024-05-21 12:26:00
W07246,P0441,C0308,100,62,Tablet,2024-03-13 07:27:00
W07247,P0034,C0165,78,70,Tablet,2024-05-04 18:08:00
W07248,P0329,C0341,112,40,Laptop,2024-01-25 13:03:00
W07249,P0333,C0179,142,57,Laptop,2024-01-15 03:45:00
W07250,P0454,C0188,64,88,Mobile,2024-05-10 04:52:00
W07251,P0388,C0278,30,56,Laptop,2024-05-04 12:35:00
W07252,P0252,C0362,110,42,TV,2024-01-01 20:41:00
W07253,P0430,C0166,29,76,TV,2024-04-12 21:38:00
W07254,P0476,C0205,6,73,TV,2024-02-21 23:17:00
W07255,P0125,C0198,94,26,TV,2024-04-16 09:26:00
W07256,P0011,C0196,88,53,TV,2024-01-14 22:43:00
W07257,P0482,C0146,7,14,Laptop,2024-03-30 18:32:00
W07258,P0317,C0131,36,71,Mobile,2024-05-16 00:40:00
W07259,P0122,C0304,5,72,Mobile,2024-02-17 21:31:00
W07260,P0035,C0248,28,88,Tablet,2024-05-17 17:09:00
W07261,P0069,C0232,54,48,TV,2024-02-10 16:18:00
W07262,P0313,C0286,48,81,Laptop,2024-01-06 14:57:00
W07263,P0487,C0289,37,51,Tablet,2024-01-15 23:44:00
W07264,P0139,C0227,42,30,Mobile,2024-01-16 19:39:00
W07265,P0012,C0397,116,56,TV,2024-03-25 17:13:00
W07266,P0125,C0187,56,83,Laptop,2024-05-17 12:33:00
W07267,P0299,C0221,39,37,Mobile,2024-05-17 11:52:00
W07268,P0147,C0235,21,30,Laptop,2024-01-19 20:48:00
W07269,P0077,C0299,62,37,TV,2024-03-08 20:07:00
W07270,P0068,C0271,52,95,Laptop,2024-02-11 06:35:00
W07271,P0206,C0360,47,28,Mobile,2024-05-25 19:17:00
W07272,P0236,C0224,52,72,Mobile,2024-02-22 13:29:00
W07273,P0059,C0342,48,61,Tablet,2024-01-30 17:12:00
W07274,P0258,C0171,37,47,Laptop,2024-02-03 19:51:00
W07275,P0254,C0159,91,55,Tablet,2024-03-28 19:28:00
W07276,P0392,C0209,87,33,Mobile,2024-02-19 09:47:00
W07277,P0406,C0141,134,54,Tablet,2024-02-15 00:45:00
W07278,P0243,C0386,142,86,Tablet,2024-05-05 17:20:00
W07279,P0461,C0246,87,18,Laptop,2024-03-06 23:03:00
W07280,P0277,C0386,140,18,Laptop,2024-01-05 19:06:00
W07281,P0469,C0152,111,30,Tablet,2024-05-04 01:51:00
W07282,P0220,C0276,113,33,TV,2024-01-16 09:52:00
W07283,P0225,C0379,96,73,TV,2024-03-31 06:30:00
W07284,P0413,C0265,67,49,Laptop,2024-05-15 05:27:00
W07285,P0101,C0352,81,83,Mobile,2024-04-05 12:26:00
W07286,P0342,C0203,41,61,TV,2024-04-20 01:21:00
W07287,P0122,C0153,16,13,Mobile,2024-02-07 13:41:00
W07288,P0218,C0355,78,12,Laptop,2024-03-16 15:51:00
W07289,P0075,C0273,119,22,Mobile,2024-04-25 21:28:00
W07290,P0331,C0351,85,30,Tablet,2024-01-08 01:49:00
W07291,P0237,C0277,19,17,Mobile,2024-05-26 05:06:00
W07292,P0482,C0149,84,82,Laptop,2024-01-31 10:13:00
W07293,P0339,C0211,88,10,TV,2024-01-03 01:38:00
W07294,P0240,C0310,123,23,Tablet,2024-03-23 13:30:00
W07295,P0165,C0348,14,85,TV,2024-01-29 21:29:00
W07296,P0334,C0275,46,45,Mobile,2024-05-19 13:33:00
W07297,P0157,C0207,53,31,Laptop,2024-01-30 22:53:00
W07298,P0211,C0253,21,45,Laptop,2024-02-01 01:27:00
W07299,P0421,C0255,109,54,TV,2024-03-03 15:21:00
W07300,P0277,C0240,61,25,Tablet,2024-05-10 09:45:00
W07301,P0216,C0251,90,20,Laptop,2024-02-19 15:31:00
W07302,P0218,C0373,136,76,Laptop,2024-05-03 21:32:00
W07303,P0233,C0144,73,34,Mobile,2024-05-05 13:16:00
W07304,P0376,C0171,99,99,Tablet,2024-04-30 05:45:00
W07305,P0012,C0225,87,76,Tablet,2024-05-12 18:21:00
W07306,P0432,C0252,54,93,Mobile,2024-04-18 17:17:00
W07307,P0083,C0320,130,40,TV,2024-05-15 22:07:00
W07308,P0431,C0315,71,74,TV,2024-05-20 13:11:00
W07309,P0113,C0244,92,99,Mobile,2024-03-19 11:44:00
W07310,P0478,C0207,132,98,Laptop,2024-02-20 12:23:00
W07311,P0271,C0381,117,20,Laptop,2024-01-03 06:23:00
W07312,P0195,C0164,109,89,Mobile,2024-04-28 03:25:00
W07313,P0369,C0384,119,93,Mobile,2024-02-27 08:08:00
W07314,P0141,C0365,67,47,Mobile,2024-05-04 14:40:00
W07315,P0443,C0106,30,11,Mobile,2024-02-24 23:18:00
W07316,P0457,C0268,132,63,Laptop,2024-04-29 09:51:00
W07317,P0124,C0273,5,16,Tablet,2024-02-11 08:52:00
W07318,P0141,C0219,98,58,Laptop,2024-01-10 13:44:00
W07319,P0208,C0326,119,49,TV,2024-02-25 21:57:00
W07320,P0115,C0274,16,54,Mobile,2024-03-26 01:52:00
W07321,P0206,C0229,46,63,TV,2024-04-21 19:58:00
W07322,P0456,C0287,20,98,Laptop,2024-02-23 22:05:00
W07323,P0403,C0163,71,70,TV,2024-01-04 12:13:00
W07324,P0441,C0374,103,13,Laptop,2024-03-02 16:35:00
W07325,P0288,C0186,63,43,Laptop,2024-05-03 20:36:00
W07326,P0355,C0310,42,98,TV,2024-04-21 18:28:00
W07327,P0343,C0293,148,17,TV,2024-01-04 18:08:00
W07328,P0149,C0338,143,41,Tablet,2024-03-02 22:49:00
W07329,P0210,C0120,32,27,Mobile,2024-04-29 21:06:00
W07330,P0112,C0282,95,49,Tablet,2024-05-09 19:20:00
W07331,P0142,C0148,115,84,Tablet,2024-02-14 10:57:00
W07332,P0464,C0328,98,65,Laptop,2024-04-21 16:56:00
W07333,P0024,C0154,81,46,Mobile,2024-02-11 13:28:00
W07334,P0049,C0202,84,64,Mobile,2024-03-29 12:09:00
W07335,P0500,C0189,134,45,Laptop,2024-02-11 21:54:00
W07336,P0288,C0244,76,19,TV,2024-03-07 21:14:00
W07337,P0331,C0248,42,79,Mobile,2024-02-10 01:38:00
W07338,P0365,C0330,35,89,Mobile,2024-02-19 14:31:00
W07339,P0011,C0350,84,98,Tablet,2024-03-26 05:00:00
W07340,P0188,C0325,100,72,Laptop,2024-05-26 08:07:00
W07341,P0068,C0261,21,43,Tablet,2024-04-15 23:44:00
W07342,P0445,C0268,111,81,TV,2024-05-01 18:20:00
W07343,P0090,C0210,28,26,Tablet,2024-02-25 18:55:00
W07344,P0110,C0361,122,70,TV,2024-04-02 13:28:00
W07345,P0389,C0273,140,87,Mobile,2024-01-06 20:20:00
W07346,P0164,C0397,91,27,Laptop,2024-04-07 07:38:00
W07347,P0481,C0343,23,70,Tablet,2024-03-13 03:49:00
W07348,P0448,C0309,54,45,Tablet,2024-02-10 00:07:00
W07349,P0206,C0343,75,94,Mobile,2024-04-13 03:14:00
W07350,P0032,C0354,116,62,TV,2024-01-13 17:22:00
W07351,P0327,C0182,28,42,Mobile,2024-04-07 17:52:00
W07352,P0074,C0131,50,32,Laptop,2024-04-09 14:09:00
W07353,P0251,C0104,140,73,Tablet,2024-03-06 14:18:00
W07354,P0450,C0294,81,47,Mobile,2024-02-28 05:07:00
W07355,P0394,C0156,7,78,TV,2024-03-21 13:02:00
W07356,P0355,C0361,81,88,Tablet,2024-04-30 12:45:00
W07357,P0021,C0181,122,39,Laptop,2024-05-27 12:52:00
W07358,P0296,C0154,62,25,Tablet,2024-05-14 01:35:00
W07359,P0298,C0196,25,63,Laptop,2024-04-23 16:26:00
W07360,P0328,C0357,69,68,Laptop,2024-04-10 08:59:00
W07361,P0302,C0304,70,15,Laptop,2024-02-19 00:01:00
W07362,P0338,C0311,46,14,Tablet,2024-03-08 05:32:00
W07363,P0073,C0226,47,98,Laptop,2024-01-24 23:11:00
W07364,P0374,C0107,30,10,Tablet,2024-04-28 12:12:00
W07365,P0041,C0225,140,23,Mobile,2024-02-05 08:33:00
W07366,P0094,C0371,86,92,Laptop,2024-05-06 06:00:00
W07367,P0132,C0208,108,40,TV,2024-01-18 02:56:00
W07368,P0099,C0360,134,60,Tablet,2024-01-08 20:09:00
W07369,P0398,C0170,88,88,Laptop,2024-01-15 15:12:00
W07370,P0398,C0138,124,28,TV,2024-01-23 11:45:00
W07371,P0053,C0275,7,41,Tablet,2024-04-02 22:08:00
W07372,P0496,C0288,108,66,TV,2024-03-04 04:49:00
W07373,P0229,C0327,112,40,TV,2024-01-18 01:03:00
W07374,P0128,C0358,38,67,TV,2024-04-15 05:29:00
W07375,P0212,C0297,130,35,TV,2024-04-11 12:42:00
W07376,P0285,C0108,117,57,Mobile,2024-01-17 07:22:00
W07377,P0279,C0151,114,50,TV,2024-05-20 22:11:00
W07378,P0495,C0322,74,34,TV,2024-03-04 21:08:00
W07379,P0341,C0119,142,56,TV,2024-02-03 05:50:00
W07380,P0159,C0347,92,63,Mobile,2024-03-27 11:50:00
W07381,P0352,C0131,22,66,Tablet,2024-04-11 19:44:00
W07382,P0233,C0180,139,81,Laptop,2024-05-19 06:32:00
W07383,P0071,C0122,49,70,TV,2024-03-14 06:40:00
W07384,P0205,C0389,116,13,Mobile,2024-02-19 12:23:00
W07385,P0189,C0342,87,40,Mobile,2024-02-08 15:05:00
W07386,P0151,C0314,43,76,Mobile,2024-01-12 22:38:00
W07387,P0008,C0300,149,50,Laptop,2024-01-15 00:27:00
W07388,P0332,C0265,65,35,Mobile,2024-05-11 21:55:00
W07389,P0100,C0240,55,77,TV,2024-04-28 13:52:00
W07390,P0016,C0385,41,75,TV,2024-04-07 22:40:00
W07391,P0154,C0113,71,28,TV,2024-02-08 17:41:00
W07392,P0157,C0126,28,96,Laptop,2024-02-13 02:58:00
W07393,P0093,C0122,126,34,Mobile,2024-04-06 14:51:00
W07394,P0262,C0176,53,56,TV,2024-01-26 12:29:00
W07395,P0037,C0192,149,80,TV,2024-04-06 05:08:00
W07396,P0161,C0366,113,17,Tablet,2024-01-06 04:52:00
W07397,P0351,C0148,106,12,Tablet,2024-01-02 04:08:00
W07398,P0174,C0270,72,96,Tablet,2024-05-02 05:24:00
W07399,P0317,C0345,48,42,TV,2024-01-13 18:09:00
W07400,P0425,C0328,128,37,Laptop,2024-02-28 13:55:00
W07401,P0018,C0287,32,31,TV,2024-02-28 12:10:00
W07402,P0486,C0268,40,39,Mobile,2024-04-26 04:25:00
W07403,P0367,C0303,131,56,Tablet,2024-05-20 03:55:00
W07404,P0351,C0106,48,45,Mobile,2024-05-09 03:37:00
W07405,P0016,C0232,54,68,Tablet,2024-01-15 23:49:00
W07406,P0360,C0345,117,23,Laptop,2024-03-29 16:14:00
W07407,P0435,C0191,92,82,Laptop,2024-03-17 15:16:00
W07408,P0421,C0226,142,95,Laptop,2024-05-29 18:53:00
W07409,P0270,C0342,42,23,Mobile,2024-04-06 01:30:00
W07410,P0359,C0349,53,88,Laptop,2024-04-23 23:57:00
W07411,P0068,C0107,76,65,Laptop,2024-03-13 11:24:00
W07412,P0030,C0188,6,33,Tablet,2024-02-04 12:01:00
W07413,P0316,C0186,48,58,Mobile,2024-02-11 21:46:00
W07414,P0309,C0245,39,52,TV,2024-02-01 10:47:00
W07415,P0225,C0298,120,12,Laptop,2024-04-12 22:44:00
W07416,P0164,C0264,61,32,TV,2024-05-25 22:37:00
W07417,P0414,C0245,95,29,TV,2024-05-22 23:53:00
W07418,P0320,C0101,27,24,TV,2024-02-13 00:31:00
W07419,P0014,C0220,36,52,TV,2024-01-28 16:59:00
W07420,P0279,C0167,75,89,Laptop,2024-03-17 20:30:00
W07421,P0432,C0149,21,80,Laptop,2024-01-18 18:46:00
W07422,P0156,C0387,131,42,Laptop,2024-03-10 11:11:00
W07423,P0122,C0124,21,64,Mobile,2024-05-27 07:03:00
W07424,P0263,C0311,52,92,Mobile,2024-05-15 12:34:00
W07425,P0170,C0393,61,91,TV,2024-02-04 13:56:00
W07426,P0010,C0163,107,50,Tablet,2024-05-05 03:58:00
W07427,P0452,C0156,48,27,Mobile,2024-03-18 02:28:00
W07428,P0172,C0118,126,12,TV,2024-04-20 23:51:00
W07429,P0358,C0177,57,12,TV,2024-01-17 15:13:00
W07430,P0013,C0360,37,25,Laptop,2024-05-19 04:19:00
W07431,P0213,C0221,60,52,Laptop,2024-04-01 02:53:00
W07432,P0161,C0284,32,32,Mobile,2024-03-15 03:24:00
W07433,P0232,C0148,67,96,Laptop,2024-04-12 13:11:00
W07434,P0476,C0247,11,24,Mobile,2024-03-05 19:00:00
W07435,P0471,C0382,115,82,Laptop,2024-03-22 08:37:00
W07436,P0160,C0394,134,67,Tablet,2024-03-06 18:10:00
W07437,P0127,C0180,136,49,Laptop,2024-03-12 16:18:00
W07438,P0048,C0336,12,47,Mobile,2024-03-10 09:49:00
W07439,P0261,C0329,130,91,TV,2024-03-07 19:59:00
W07440,P0061,C0384,53,15,Mobile,2024-03-05 11:23:00
W07441,P0122,C0161,33,55,Laptop,2024-03-03 13:33:00
W07442,P0090,C0320,86,15,TV,2024-05-26 03:11:00
W07443,P0359,C0189,59,94,Laptop,2024-03-13 01:10:00
W07444,P0255,C0364,99,29,Laptop,2024-04-19 12:20:00
W07445,P0090,C0328,10,28,Laptop,2024-03-03 22:00:00
W07446,P0003,C0203,116,23,TV,2024-01-07 06:32:00
W07447,P0280,C0188,109,74,Laptop,2024-01-04 20:00:00
W07448,P0117,C0123,44,100,Tablet,2024-05-13 15:10:00
W07449,P0098,C0393,16,38,Mobile,2024-05-07 20:18:00
W07450,P0162,C0367,68,40,Tablet,2024-04-14 05:23:00
W07451,P0340,C0117,50,34,Tablet,2024-04-19 15:24:00
W07452,P0375,C0385,18,80,Mobile,2024-03-06 15:29:00
W07453,P0478,C0262,120,55,Mobile,2024-01-27 18:03:00
W07454,P0298,C0178,41,61,TV,2024-04-27 07:02:00
W07455,P0404,C0222,114,25,Tablet,2024-02-13 00:35:00
W07456,P0297,C0212,66,20,Tablet,2024-01-19 01:30:00
W07457,P0082,C0339,71,27,Mobile,2024-02-14 20:40:00
W07458,P0358,C0310,84,65,Laptop,2024-04-07 08:50:00
W07459,P0148,C0102,80,65,Tablet,2024-02-10 08:57:00
W07460,P0006,C0303,18,66,TV,2024-01-28 22:27:00
W07461,P0378,C0387,102,78,Laptop,2024-03-20 09:22:00
W07462,P0185,C0217,137,75,Tablet,2024-04-11 02:55:00
W07463,P0426,C0400,80,83,Laptop,2024-01-10 07:02:00
W07464,P0252,C0214,30,99,Tablet,2024-04-09 23:46:00
W07465,P0025,C0174,85,97,Laptop,2024-03-04 23:23:00
W07466,P0041,C0341,112,99,Tablet,2024-01-19 05:31:00
W07467,P0169,C0154,57,25,Mobile,2024-03-02 10:52:00
W07468,P0003,C0259,67,98,Mobile,2024-01-25 12:19:00
W07469,P0364,C0209,15,15,TV,2024-03-29 08:30:00
W07470,P0171,C0380,37,61,Tablet,2024-02-11 14:44:00
W07471,P0430,C0253,45,64,TV,2024-02-08 23:32:00
W07472,P0057,C0263,44,85,Mobile,2024-03-21 06:41:00
W07473,P0083,C0157,8,82,Tablet,2024-04-16 18:54:00
W07474,P0330,C0314,15,58,Mobile,2024-01-21 20:37:00
W07475,P0179,C0128,12,81,Laptop,2024-02-19 08:25:00
W07476,P0133,C0304,131,65,Mobile,2024-04-30 19:17:00
W07477,P0086,C0133,131,50,Laptop,2024-02-19 11:59:00
W07478,P0457,C0222,9,80,Mobile,2024-04-24 04:16:00
W07479,P0353,C0116,36,65,Laptop,2024-01-30 15:53:00
W07480,P0271,C0254,93,98,Mobile,2024-04-16 20:03:00
W07481,P0344,C0318,62,72,Mobile,2024-02-17 14:56:00
W07482,P0094,C0205,76,37,Tablet,2024-01-19 17:49:00
W07483,P0382,C0177,30,84,Tablet,2024-05-09 17:59:00
W07484,P0356,C0187,33,40,Tablet,2024-05-24 18:35:00
W07485,P0250,C0131,86,64,TV,2024-03-22 12:16:00
W07486,P0295,C0200,11,61,TV,2024-03-19 04:42:00
W07487,P0198,C0255,110,83,Laptop,2024-02-24 16:36:00
W07488,P0079,C0392,25,75,TV,2024-02-29 19:39:00
W07489,P0166,C0206,100,55,TV,2024-04-29 07:47:00
W07490,P0039,C0330,14,13,Mobile,2024-03-25 07:41:00
W07491,P0308,C0103,66,31,Laptop,2024-03-26 01:56:00
W07492,P0214,C0322,140,54,TV,2024-04-17 07:45:00
W07493,P0131,C0221,118,37,Tablet,2024-01-07 03:03:00
W07494,P0157,C0260,8,19,Tablet,2024-05-27 19:49:00
W07495,P0477,C0371,144,75,TV,2024-03-15 13:45:00
W07496,P0382,C0294,104,58,Mobile,2024-01-16 08:22:00
W07497,P0159,C0318,23,96,Tablet,2024-01-27 09:46:00
W07498,P0493,C0291,115,89,Tablet,2024-05-23 22:46:00
W07499,P0322,C0352,35,82,Mobile,2024-05-02 14:03:00
W07500,P0227,C0326,112,60,Tablet,2024-02-09 13:54:00
W07501,P0045,C0101,30,52,Mobile,2024-05-09 12:43:00
W07502,P0201,C0233,113,15,Laptop,2024-04-11 11:31:00
W07503,P0022,C0190,138,34,Mobile,2024-04-02 10:21:00
W07504,P0339,C0106,33,13,Laptop,2024-03-22 18:21:00
W07505,P0242,C0344,21,85,Mobile,2024-01-02 22:24:00
W07506,P0229,C0233,114,33,TV,2024-01-20 04:49:00
W07507,P0394,C0216,78,65,Tablet,2024-02-10 12:31:00
W07508,P0238,C0173,100,100,Laptop,2024-01-23 13:25:00
W07509,P0149,C0256,6,64,Tablet,2024-03-07 05:17:00
W07510,P0273,C0311,41,63,Mobile,2024-05-19 13:17:00
W07511,P0067,C0169,95,12,Mobile,2024-03-27 20:16:00
W07512,P0007,C0400,45,85,Tablet,2024-05-27 19:01:00
W07513,P0233,C0244,148,56,TV,2024-01-06 14:02:00
W07514,P0357,C0299,119,39,TV,2024-05-11 18:36:00
W07515,P0292,C0306,68,85,Tablet,2024-01-10 14:20:00
W07516,P0256,C0301,9,50,TV,2024-02-07 10:40:00
W07517,P0067,C0339,76,64,Mobile,2024-05-15 04:08:00
W07518,P0250,C0168,145,68,Tablet,2024-04-11 11:42:00
W07519,P0077,C0271,109,49,Tablet,2024-05-22 21:00:00
W07520,P0489,C0397,78,54,Tablet,2024-01-31 04:36:00
W07521,P0414,C0170,40,31,Tablet,2024-05-10 23:25:00
W07522,P0087,C0387,97,24,TV,2024-02-04 19:52:00
W07523,P0252,C0117,113,26,TV,2024-05-23 20:07:00
W07524,P0455,C0237,27,68,Laptop,2024-02-14 13:46:00
W07525,P0222,C0319,117,34,Laptop,2024-01-12 07:55:00
W07526,P0413,C0106,15,52,Laptop,2024-05-19 04:48:00
W07527,P0072,C0298,137,73,Mobile,2024-01-21 05:15:00
W07528,P0202,C0232,99,60,Laptop,2024-02-21 20:56:00
W07529,P0417,C0284,17,70,Tablet,2024-05-02 14:33:00
W07530,P0059,C0118,90,54,Mobile,2024-04-09 03:33:00
W07531,P0276,C0313,39,12,TV,2024-03-11 10:46:00
W07532,P0221,C0148,87,45,Mobile,2024-03-02 12:09:00
W07533,P0157,C0129,33,88,Mobile,2024-03-28 13:11:00
W07534,P0181,C0253,87,73,Tablet,2024-02-09 12:31:00
W07535,P0213,C0338,84,37,TV,2024-03-16 15:42:00
W07536,P0129,C0365,99,54,Laptop,2024-05-15 03:01:00
W07537,P0243,C0299,148,93,Laptop,2024-01-09 12:50:00
W07538,P0418,C0114,7,30,Laptop,2024-01-21 14:22:00
W07539,P0172,C0376,126,36,TV,2024-01-16 20:25:00
W07540,P0480,C0110,128,92,Mobile,2024-04-16 19:16:00
W07541,P0365,C0239,27,85,Tablet,2024-05-18 11:08:00
W07542,P0270,C0267,141,44,TV,2024-03-19 01:09:00
W07543,P0421,C0247,37,57,Tablet,2024-02-17 17:18:00
W07544,P0163,C0345,96,32,TV,2024-02-03 18:03:00
W07545,P0443,C0170,28,73,TV,2024-01-02 22:39:00
W07546,P0024,C0204,111,22,TV,2024-01-19 09:20:00
W07547,P0497,C0329,54,39,Mobile,2024-03-18 07:51:00
W07548,P0193,C0238,56,83,Tablet,2024-01-28 09:19:00
W07549,P0366,C0136,42,29,Laptop,2024-04-05 19:48:00
W07550,P0390,C0218,48,15,Tablet,2024-04-18 19:59:00
W07551,P0497,C0355,93,28,Laptop,2024-03-13 16:23:00
W07552,P0452,C0120,130,76,Tablet,2024-04-09 16:55:00
W07553,P0294,C0398,60,83,TV,2024-01-29 11:08:00
W07554,P0129,C0121,49,19,Mobile,2024-02-27 13:35:00
W07555,P0041,C0356,133,65,TV,2024-01-23 04:42:00
W07556,P0031,C0348,91,30,Mobile,2024-01-07 05:04:00
W07557,P0036,C0266,120,65,TV,2024-04-18 05:23:00
W07558,P0457,C0355,68,66,Laptop,2024-03-13 08:39:00
W07559,P0361,C0178,140,11,Laptop,2024-02-22 23:41:00
W07560,P0253,C0380,140,48,TV,2024-05-14 12:50:00
W07561,P0438,C0382,33,70,Tablet,2024-03-18 15:12:00
W07562,P0365,C0134,17,54,Laptop,2024-03-26 09:17:00
W07563,P0215,C0199,133,37,TV,2024-03-30 20:09:00
W07564,P0287,C0243,33,27,Mobile,2024-05-21 11:05:00
W07565,P0256,C0155,41,23,Mobile,2024-05-09 14:02:00
W07566,P0413,C0103,5,64,Mobile,2024-03-21 23:27:00
W07567,P0369,C0319,112,68,Mobile,2024-02-03 04:54:00
W07568,P0469,C0311,73,28,Tablet,2024-01-13 10:44:00
W07569,P0387,C0249,121,50,Tablet,2024-02-19 08:54:00
W07570,P0186,C0332,115,21,Tablet,2024-05-01 23:19:00
W07571,P0474,C0188,67,29,TV,2024-03-28 15:24:00
W07572,P0061,C0311,26,43,Laptop,2024-04-21 01:50:00
W07573,P0262,C0323,98,45,Mobile,2024-03-12 19:37:00
W07574,P0276,C0396,15,30,Laptop,2024-02-26 12:48:00
W07575,P0111,C0248,33,65,TV,2024-04-22 22:21:00
W07576,P0317,C0307,110,92,Laptop,2024-02-16 03:57:00
W07577,P0430,C0327,7,50,Laptop,2024-03-18 01:45:00
W07578,P0141,C0284,7,50,Laptop,2024-05-05 11:28:00
W07579,P0233,C0141,78,52,Tablet,2024-01-05 21:56:00
W07580,P0023,C0282,18,81,TV,2024-03-19 10:54:00
W07581,P0079,C0144,85,95,TV,2024-02-21 11:48:00
W07582,P0494,C0310,69,47,TV,2024-05-18 09:14:00
W07583,P0031,C0350,147,27,Laptop,2024-02-09 09:34:00
W07584,P0004,C0184,121,17,Tablet,2024-05-09 07:42:00
W07585,P0459,C0239,134,75,Mobile,2024-03-27 20:37:00
W07586,P0118,C0331,86,29,Tablet,2024-03-13 15:42:00
W07587,P0066,C0112,32,78,Mobile,2024-04-13 02:37:00
W07588,P0400,C0373,98,66,Laptop,2024-01-16 21:01:00
W07589,P0371,C0190,71,27,Tablet,2024-02-16 11:09:00
W07590,P0287,C0125,7,69,Tablet,2024-04-18 08:40:00
W07591,P0176,C0126,8,96,Mobile,2024-03-05 00:58:00
W07592,P0123,C0253,148,11,Mobile,2024-04-11 11:43:00
W07593,P0231,C0160,96,51,Laptop,2024-05-15 21:14:00
W07594,P0043,C0160,76,73,Tablet,2024-05-02 07:15:00
W07595,P0492,C0383,108,53,Tablet,2024-05-25 14:18:00
W07596,P0004,C0271,20,60,Tablet,2024-04-05 04:04:00
W07597,P0190,C0176,35,74,TV,2024-02-17 05:00:00
W07598,P0304,C0376,91,74,Mobile,2024-04-09 01:39:00
W07599,P0412,C0308,134,63,Tablet,2024-02-15 07:59:00
W07600,P0250,C0255,77,48,TV,2024-05-23 22:05:00
W07601,P0144,C0280,95,17,Tablet,2024-04-30 01:27:00
W07602,P0487,C0182,58,76,Mobile,2024-03-01 13:33:00
W07603,P0345,C0110,77,85,Tablet,2024-03-21 16:45:00
W07604,P0382,C0343,132,58,Tablet,2024-02-14 06:13:00
W07605,P0333,C0278,103,98,Laptop,2024-02-16 07:42:00
W07606,P0453,C0386,80,45,Laptop,2024-01-23 05:16:00
W07607,P0158,C0357,90,16,Tablet,2024-01-13 04:22:00
W07608,P0065,C0104,43,24,TV,2024-05-20 20:39:00
W07609,P0325,C0315,145,94,TV,2024-01-28 01:46:00
W07610,P0270,C0130,49,34,TV,2024-04-07 20:53:00
W07611,P0075,C0165,91,66,Tablet,2024-01-01 00:42:00
W07612,P0418,C0224,123,47,TV,2024-02-11 01:34:00
W07613,P0440,C0385,21,46,Laptop,2024-05-08 13:38:00
W07614,P0029,C0253,88,25,Tablet,2024-05-23 19:50:00
W07615,P0466,C0140,139,10,Laptop,2024-01-15 19:08:00
W07616,P0335,C0126,136,56,Laptop,2024-03-27 08:08:00
W07617,P0238,C0373,35,61,TV,2024-05-24 05:44:00
W07618,P0153,C0259,98,46,Laptop,2024-04-15 08:37:00
W07619,P0094,C0289,99,54,Laptop,2024-01-31 04:55:00
W07620,P0237,C0364,136,23,Mobile,2024-03-09 02:14:00
W07621,P0322,C0169,86,66,Mobile,2024-01-13 16:48:00
W07622,P0115,C0101,88,43,Mobile,2024-01-04 02:57:00
W07623,P0296,C0179,44,75,TV,2024-01-03 10:51:00
W07624,P0219,C0328,108,40,TV,2024-03-05 23:06:00
W07625,P0246,C0146,116,92,Laptop,2024-02-19 17:20:00
W07626,P0497,C0208,51,92,Laptop,2024-02-01 20:35:00
W07627,P0399,C0224,54,53,TV,2024-01-17 04:49:00
W07628,P0032,C0248,55,32,Tablet,2024-02-04 08:02:00
W07629,P0020,C0352,42,90,Tablet,2024-05-25 09:21:00
W07630,P0053,C0102,141,75,Tablet,2024-04-12 08:16:00
W07631,P0206,C0322,13,20,Mobile,2024-03-29 16:36:00
W07632,P0219,C0289,120,58,Laptop,2024-05-08 13:46:00
W07633,P0195,C0171,29,87,Tablet,2024-01-10 03:42:00
W07634,P0305,C0197,117,67,Mobile,2024-02-26 22:25:00
W07635,P0195,C0332,40,38,Laptop,2024-04-28 18:55:00
W07636,P0461,C0130,115,92,Tablet,2024-01-15 06:51:00
W07637,P0345,C0130,82,60,Tablet,2024-01-13 10:25:00
W07638,P0082,C0315,85,10,Mobile,2024-04-27 07:29:00
W07639,P0001,C0273,32,14,Tablet,2024-02-03 23:11:00
W07640,P0167,C0380,49,43,Laptop,2024-02-23 04:14:00
W07641,P0317,C0311,109,87,Tablet,2024-01-12 02:05:00
W07642,P0183,C0225,52,28,Mobile,2024-05-16 12:41:00
W07643,P0453,C0180,140,97,Tablet,2024-01-31 22:37:00
W07644,P0386,C0284,146,49,Mobile,2024-02-22 23:11:00
W07645,P0350,C0115,19,90,TV,2024-02-12 07:35:00
W07646,P0273,C0111,132,75,Tablet,2024-03-07 18:09:00
W07647,P0157,C0189,67,90,Laptop,2024-05-23 14:21:00
W07648,P0373,C0103,63,73,Tablet,2024-04-14 06:39:00
W07649,P0362,C0124,7,81,Mobile,2024-01-31 03:05:00
W07650,P0388,C0189,43,26,TV,2024-01-28 10:49:00
W07651,P0201,C0109,26,47,Laptop,2024-01-18 13:34:00
W07652,P0192,C0146,105,99,Tablet,2024-01-09 06:59:00
W07653,P0341,C0194,131,52,TV,2024-01-29 05:47:00
W07654,P0299,C0171,24,49,Mobile,2024-05-28 09:35:00
W07655,P0076,C0288,145,54,Laptop,2024-04-20 07:29:00
W07656,P0140,C0239,95,49,Mobile,2024-05-03 11:38:00
W07657,P0306,C0110,23,80,Tablet,2024-04-19 20:50:00
W07658,P0196,C0103,70,97,Mobile,2024-04-27 06:51:00
W07659,P0061,C0119,135,99,TV,2024-04-09 04:13:00
W07660,P0476,C0230,42,39,Mobile,2024-01-31 12:06:00
W07661,P0457,C0321,134,44,Laptop,2024-03-21 17:49:00
W07662,P0360,C0230,41,75,TV,2024-02-18 13:29:00
W07663,P0307,C0213,136,53,Tablet,2024-04-21 21:46:00
W07664,P0480,C0238,82,13,Mobile,2024-03-28 19:04:00
W07665,P0333,C0143,49,73,Mobile,2024-01-03 22:19:00
W07666,P0354,C0318,85,14,Tablet,2024-03-19 12:54:00
W07667,P0083,C0158,88,57,Tablet,2024-03-11 14:55:00
W07668,P0334,C0213,128,75,Mobile,2024-02-27 10:23:00
W07669,P0005,C0288,97,36,Tablet,2024-02-17 20:08:00
W07670,P0219,C0222,110,33,TV,2024-04-20 13:58:00
W07671,P0412,C0185,106,65,Laptop,2024-03-15 05:29:00
W07672,P0254,C0206,96,54,TV,2024-04-30 03:32:00
W07673,P0474,C0199,141,77,Mobile,2024-02-24 08:26:00
W07674,P0394,C0109,100,37,TV,2024-02-10 15:15:00
W07675,P0088,C0106,84,14,Mobile,2024-02-02 02:47:00
W07676,P0209,C0208,52,100,TV,2024-02-03 13:49:00
W07677,P0180,C0252,35,56,Mobile,2024-01-19 07:06:00
W07678,P0208,C0337,5,14,Tablet,2024-01-10 19:03:00
W07679,P0273,C0127,130,14,TV,2024-05-02 21:10:00
W07680,P0065,C0219,143,57,Mobile,2024-04-13 20:44:00
W07681,P0380,C0311,134,82,Tablet,2024-01-05 18:01:00
W07682,P0021,C0200,50,56,Mobile,2024-02-28 19:11:00
W07683,P0438,C0103,5,71,TV,2024-03-26 01:43:00
W07684,P0367,C0394,74,36,TV,2024-05-22 03:24:00
W07685,P0177,C0117,70,13,Mobile,2024-05-08 17:41:00
W07686,P0363,C0206,6,58,Tablet,2024-04-16 22:12:00
W07687,P0022,C0330,73,97,Laptop,2024-02-21 00:00:00
W07688,P0325,C0277,17,100,Mobile,2024-01-11 12:26:00
W07689,P0448,C0184,87,74,Mobile,2024-05-07 20:37:00
W07690,P0036,C0363,51,89,Laptop,2024-02-13 08:37:00
W07691,P0250,C0296,133,96,Mobile,2024-01-08 00:04:00
W07692,P0149,C0349,117,70,TV,2024-04-15 11:33:00
W07693,P0440,C0249,36,29,TV,2024-04-21 16:43:00
W07694,P0073,C0306,100,90,Tablet,2024-01-17 07:01:00
W07695,P0091,C0181,15,17,Laptop,2024-01-09 03:31:00
W07696,P0176,C0289,12,91,Mobile,2024-03-18 13:01:00
W07697,P0126,C0306,106,22,TV,2024-04-22 15:57:00
W07698,P0204,C0369,10,82,Mobile,2024-03-31 00:24:00
W07699,P0402,C0390,6,46,Laptop,2024-04-07 06:56:00
W07700,P0246,C0400,77,52,TV,2024-01-03 03:34:00
W07701,P0099,C0355,7,65,Laptop,2024-05-18 18:55:00
W07702,P0271,C0108,70,59,Mobile,2024-05-25 07:07:00
W07703,P0498,C0214,30,91,Tablet,2024-02-19 03:35:00
W07704,P0044,C0105,98,29,Mobile,2024-05-03 03:51:00
W07705,P0222,C0173,106,57,Mobile,2024-03-07 04:17:00
W07706,P0429,C0221,140,28,Laptop,2024-05-26 07:03:00
W07707,P0097,C0334,79,78,TV,2024-01-02 01:04:00
W07708,P0036,C0166,93,26,Laptop,2024-03-31 15:49:00
W07709,P0168,C0330,120,37,TV,2024-04-25 09:20:00
W07710,P0435,C0131,34,45,Mobile,2024-03-09 23:31:00
W07711,P0030,C0397,47,47,Mobile,2024-05-24 10:37:00
W07712,P0282,C0151,137,91,Tablet,2024-02-22 10:23:00
W07713,P0085,C0247,24,79,Tablet,2024-05-29 02:18:00
W07714,P0357,C0195,56,35,Laptop,2024-04-22 02:22:00
W07715,P0491,C0138,25,88,TV,2024-04-23 08:28:00
W07716,P0121,C0298,135,10,Tablet,2024-05-17 08:05:00
W07717,P0287,C0341,45,90,Tablet,2024-02-17 09:02:00
W07718,P0248,C0273,128,11,Mobile,2024-02-06 21:47:00
W07719,P0184,C0356,112,45,Mobile,2024-03-10 17:17:00
W07720,P0253,C0141,56,65,Laptop,2024-05-01 04:31:00
W07721,P0445,C0229,6,44,Laptop,2024-01-25 05:21:00
W07722,P0273,C0154,48,36,TV,2024-02-07 18:46:00
W07723,P0209,C0186,45,76,Tablet,2024-04-07 14:42:00
W07724,P0354,C0312,74,65,Mobile,2024-02-09 03:54:00
W07725,P0382,C0369,11,55,TV,2024-03-04 18:32:00
W07726,P0024,C0396,42,29,Tablet,2024-04-09 02:23:00
W07727,P0122,C0121,13,17,TV,2024-03-22 09:48:00
W07728,P0225,C0315,57,81,TV,2024-02-28 03:48:00
W07729,P0388,C0289,32,100,Laptop,2024-03-31 23:38:00
W07730,P0393,C0261,132,35,Tablet,2024-01-01 20:20:00
W07731,P0386,C0301,23,83,TV,2024-01-18 09:49:00
W07732,P0419,C0129,136,71,TV,2024-05-20 09:42:00
W07733,P0123,C0344,17,42,TV,2024-02-19 06:11:00
W07734,P0294,C0283,15,70,Laptop,2024-04-22 18:23:00
W07735,P0173,C0132,6,29,Laptop,2024-01-31 13:38:00
W07736,P0143,C0367,144,77,Mobile,2024-02-29 09:04:00
W07737,P0491,C0136,130,96,Laptop,2024-05-06 12:12:00
W07738,P0426,C0193,60,38,Laptop,2024-05-05 00:40:00
W07739,P0387,C0259,92,55,Tablet,2024-01-19 04:56:00
W07740,P0415,C0280,56,46,Tablet,2024-03-25 00:41:00
W07741,P0436,C0318,129,99,TV,2024-04-29 21:42:00
W07742,P0169,C0327,136,62,Mobile,2024-02-02 21:39:00
W07743,P0057,C0312,109,14,Laptop,2024-03-30 10:15:00
W07744,P0042,C0263,136,97,Tablet,2024-01-12 02:39:00
W07745,P0309,C0258,56,75,Mobile,2024-05-22 18:34:00
W07746,P0119,C0210,38,24,Tablet,2024-03-09 03:39:00
W07747,P0121,C0155,26,55,TV,2024-05-02 15:29:00
W07748,P0312,C0314,145,66,Laptop,2024-05-25 03:52:00
W07749,P0251,C0115,67,17,TV,2024-04-24 15:21:00
W07750,P0343,C0253,19,46,TV,2024-04-20 08:00:00
W07751,P0332,C0120,42,66,Tablet,2024-03-01 23:06:00
W07752,P0456,C0152,109,23,Mobile,2024-03-18 18:38:00
W07753,P0437,C0184,59,14,Laptop,2024-03-14 03:35:00
W07754,P0341,C0324,121,82,Mobile,2024-02-17 11:51:00
W07755,P0341,C0229,124,95,TV,2024-04-05 16:24:00
W07756,P0416,C0116,70,52,Laptop,2024-05-14 18:26:00
W07757,P0337,C0374,70,58,TV,2024-05-14 17:50:00
W07758,P0182,C0177,76,53,Tablet,2024-05-15 11:57:00
W07759,P0165,C0400,79,65,Mobile,2024-05-08 06:20:00
W07760,P0472,C0192,138,57,Mobile,2024-03-17 21:22:00
W07761,P0264,C0370,13,39,TV,2024-04-01 15:33:00
W07762,P0210,C0152,93,42,Mobile,2024-05-22 01:39:00
W07763,P0011,C0221,35,46,Mobile,2024-05-06 11:46:00
W07764,P0182,C0150,25,59,TV,2024-03-08 22:48:00
W07765,P0444,C0373,42,16,Laptop,2024-01-10 04:23:00
W07766,P0251,C0220,56,76,Tablet,2024-01-12 13:51:00
W07767,P0138,C0195,142,52,Laptop,2024-04-27 12:41:00
W07768,P0218,C0249,80,49,Laptop,2024-02-28 03:14:00
W07769,P0239,C0389,87,41,Tablet,2024-02-19 23:50:00
W07770,P0454,C0357,83,64,TV,2024-02-09 01:36:00
W07771,P0371,C0284,42,92,TV,2024-05-06 12:37:00
W07772,P0337,C0360,66,98,Tablet,2024-03-27 16:30:00
W07773,P0087,C0250,76,86,Mobile,2024-03-17 19:29:00
W07774,P0298,C0305,106,85,Laptop,2024-05-28 18:54:00
W07775,P0293,C0272,132,18,Mobile,2024-05-08 12:44:00
W07776,P0092,C0322,77,18,TV,2024-02-10 13:10:00
W07777,P0208,C0268,67,73,Laptop,2024-03-18 09:42:00
W07778,P0204,C0344,117,54,TV,2024-01-26 19:45:00
W07779,P0186,C0318,87,100,Tablet,2024-04-11 18:12:00
W07780,P0085,C0156,26,70,Tablet,2024-05-12 03:08:00
W07781,P0315,C0163,30,79,Mobile,2024-03-01 04:38:00
W07782,P0152,C0203,91,47,Mobile,2024-04-22 09:01:00
W07783,P0156,C0267,134,84,TV,2024-03-07 19:44:00
W07784,P0293,C0107,101,55,TV,2024-05-10 07:32:00
W07785,P0021,C0242,144,79,Tablet,2024-04-30 14:10:00
W07786,P0161,C0225,77,73,Laptop,2024-03-02 11:37:00
W07787,P0386,C0190,47,44,Tablet,2024-02-26 21:03:00
W07788,P0485,C0316,92,21,TV,2024-01-01 05:57:00
W07789,P0339,C0223,101,57,Tablet,2024-03-09 13:46:00
W07790,P0156,C0286,44,72,Mobile,2024-02-15 18:49:00
W07791,P0143,C0253,23,54,Mobile,2024-02-03 01:40:00
W07792,P0257,C0349,24,15,TV,2024-04-06 15:37:00
W07793,P0107,C0214,123,54,Tablet,2024-01-29 11:04:00
W07794,P0284,C0196,77,99,TV,2024-05-02 01:12:00
W07795,P0050,C0298,86,41,Laptop,2024-05-22 08:35:00
W07796,P0035,C0103,109,77,Mobile,2024-02-07 17:23:00
W07797,P0224,C0249,58,12,Tablet,2024-04-22 08:54:00
W07798,P0156,C0211,86,11,Mobile,2024-04-20 02:15:00
W07799,P0393,C0120,44,29,Tablet,2024-02-14 00:32:00
W07800,P0408,C0303,104,92,Mobile,2024-05-14 04:37:00
W07801,P0191,C0282,31,48,TV,2024-05-12 12:29:00
W07802,P0388,C0327,145,21,Mobile,2024-01-15 02:05:00
W07803,P0184,C0392,51,70,Tablet,2024-03-29 00:16:00
W07804,P0237,C0176,116,45,TV,2024-02-25 09:21:00
W07805,P0297,C0323,123,18,Tablet,2024-05-14 10:29:00
W07806,P0323,C0136,63,53,Laptop,2024-05-01 13:37:00
W07807,P0304,C0400,81,84,Tablet,2024-02-29 07:46:00
W07808,P0342,C0190,130,62,Tablet,2024-04-25 06:30:00
W07809,P0488,C0129,11,39,TV,2024-03-28 23:04:00
W07810,P0058,C0276,54,75,Tablet,2024-02-24 07:28:00
W07811,P0039,C0320,108,47,Laptop,2024-04-05 11:19:00
W07812,P0241,C0236,70,47,Laptop,2024-02-13 02:09:00
W07813,P0025,C0275,135,42,TV,2024-05-28 13:37:00
W07814,P0316,C0226,110,80,Laptop,2024-04-20 15:47:00
W07815,P0496,C0271,11,94,TV,2024-05-16 22:58:00
W07816,P0117,C0366,12,64,Mobile,2024-05-27 20:34:00
W07817,P0342,C0234,36,85,Tablet,2024-05-25 17:33:00
W07818,P0370,C0372,23,94,Tablet,2024-03-05 17:27:00
W07819,P0240,C0126,122,32,Tablet,2024-03-30 11:23:00
W07820,P0175,C0377,144,79,Tablet,2024-03-17 09:39:00
W07821,P0482,C0200,61,23,TV,2024-04-18 06:40:00
W07822,P0445,C0130,142,58,Tablet,2024-04-06 15:00:00
W07823,P0340,C0233,95,54,Laptop,2024-04-01 08:31:00
W07824,P0228,C0239,25,86,Laptop,2024-03-28 00:49:00
W07825,P0485,C0291,125,36,Mobile,2024-04-12 06:07:00
W07826,P0487,C0287,136,84,TV,2024-02-15 21:31:00
W07827,P0253,C0240,33,76,Mobile,2024-05-20 22:23:00
W07828,P0411,C0337,75,58,Tablet,2024-01-08 14:57:00
W07829,P0380,C0397,68,11,Laptop,2024-03-18 15:08:00
W07830,P0111,C0300,143,69,TV,2024-01-02 06:29:00
W07831,P0241,C0384,37,75,Laptop,2024-03-27 12:52:00
W07832,P0224,C0180,29,68,TV,2024-05-10 06:33:00
W07833,P0298,C0359,30,69,Mobile,2024-05-26 04:29:00
W07834,P0052,C0201,40,31,Tablet,2024-05-28 23:23:00
W07835,P0221,C0132,15,98,Mobile,2024-02-12 00:27:00
W07836,P0489,C0377,34,55,Tablet,2024-05-28 04:39:00
W07837,P0304,C0221,61,62,Laptop,2024-01-17 19:33:00
W07838,P0288,C0155,101,28,Mobile,2024-03-23 17:48:00
W07839,P0152,C0118,142,58,Mobile,2024-03-14 03:08:00
W07840,P0387,C0221,29,89,Laptop,2024-05-18 18:04:00
W07841,P0118,C0210,100,26,Laptop,2024-02-07 17:36:00
W07842,P0411,C0161,61,36,Laptop,2024-02-12 06:54:00
W07843,P0457,C0364,127,28,TV,2024-04-21 13:22:00
W07844,P0424,C0368,38,39,Laptop,2024-02-06 07:10:00
W07845,P0279,C0397,90,87,TV,2024-04-09 17:26:00
W07846,P0135,C0227,58,55,Laptop,2024-03-29 20:32:00
W07847,P0209,C0237,55,73,TV,2024-01-15 14:59:00
W07848,P0127,C0178,10,41,Laptop,2024-05-29 04:37:00
W07849,P0293,C0307,58,62,TV,2024-03-18 15:12:00
W07850,P0007,C0284,21,32,Tablet,2024-03-12 14:17:00
W07851,P0222,C0189,92,45,Tablet,2024-04-18 14:21:00
W07852,P0077,C0329,141,19,Mobile,2024-03-20 10:05:00
W07853,P0338,C0164,6,68,Laptop,2024-03-20 17:41:00
W07854,P0351,C0155,24,38,Laptop,2024-05-13 11:47:00
W07855,P0278,C0393,95,20,TV,2024-05-13 07:04:00
W07856,P0334,C0381,10,47,Mobile,2024-03-15 13:25:00
W07857,P0338,C0379,123,88,Tablet,2024-03-23 15:48:00
W07858,P0227,C0288,83,41,Mobile,2024-05-22 07:53:00
W07859,P0401,C0291,59,100,TV,2024-02-25 23:04:00
W07860,P0275,C0373,52,61,Laptop,2024-01-31 03:30:00
W07861,P0351,C0195,62,10,Mobile,2024-02-27 18:16:00
W07862,P0295,C0190,10,23,Laptop,2024-05-11 18:16:00
W07863,P0117,C0347,34,12,Tablet,2024-01-15 05:53:00
W07864,P0292,C0175,40,39,TV,2024-03-03 17:22:00
W07865,P0271,C0162,114,40,Laptop,2024-04-22 06:11:00
W07866,P0447,C0322,125,10,Mobile,2024-01-21 11:13:00
W07867,P0157,C0367,7,55,TV,2024-05-24 18:24:00
W07868,P0060,C0221,94,23,Tablet,2024-03-06 07:14:00
W07869,P0184,C0128,34,45,Mobile,2024-03-05 17:46:00
W07870,P0424,C0374,119,55,Laptop,2024-02-26 04:52:00
W07871,P0144,C0123,122,64,Laptop,2024-04-29 01:08:00
W07872,P0161,C0199,92,45,TV,2024-02-25 10:30:00
W07873,P0089,C0385,8,52,Tablet,2024-02-24 09:09:00
W07874,P0016,C0210,55,52,Mobile,2024-01-15 01:16:00
W07875,P0414,C0303,28,24,Tablet,2024-02-22 07:19:00
W07876,P0249,C0206,50,47,Mobile,2024-01-07 20:08:00
W07877,P0098,C0146,120,98,Mobile,2024-02-24 22:11:00
W07878,P0450,C0357,31,53,TV,2024-01-04 22:02:00
W07879,P0104,C0244,99,64,Laptop,2024-02-09 20:53:00
W07880,P0300,C0125,115,64,Laptop,2024-04-30 21:49:00
W07881,P0235,C0162,103,87,Laptop,2024-05-17 10:14:00
W07882,P0422,C0330,120,97,Tablet,2024-01-07 11:15:00
W07883,P0307,C0182,24,67,Mobile,2024-04-18 04:35:00
W07884,P0444,C0311,84,66,TV,2024-02-18 10:07:00
W07885,P0274,C0297,99,65,Tablet,2024-02-28 01:29:00
W07886,P0261,C0298,140,11,Mobile,2024-01-26 19:54:00
W07887,P0239,C0262,18,43,TV,2024-05-05 13:30:00
W07888,P0424,C0308,69,58,Mobile,2024-04-08 20:27:00
W07889,P0262,C0144,24,73,TV,2024-02-02 14:27:00
W07890,P0332,C0388,74,96,Tablet,2024-04-06 12:29:00
W07891,P0115,C0379,49,17,Mobile,2024-02-14 09:59:00
W07892,P0268,C0375,5,78,Mobile,2024-05-22 08:48:00
W07893,P0012,C0321,43,67,Tablet,2024-05-19 04:37:00
W07894,P0073,C0385,123,52,TV,2024-03-30 19:23:00
W07895,P0362,C0246,60,71,Laptop,2024-04-23 09:39:00
W07896,P0406,C0169,148,61,Laptop,2024-04-19 11:30:00
W07897,P0305,C0240,11,42,TV,2024-05-04 23:40:00
W07898,P0178,C0110,24,29,TV,2024-02-26 13:42:00
W07899,P0464,C0211,88,89,Laptop,2024-03-22 14:34:00
W07900,P0260,C0137,83,68,Mobile,2024-04-11 15:39:00
W07901,P0434,C0181,114,69,Tablet,2024-05-26 15:41:00
W07902,P0259,C0196,5,72,Laptop,2024-04-20 05:57:00
W07903,P0400,C0155,149,65,TV,2024-01-03 06:43:00
W07904,P0270,C0232,84,46,Mobile,2024-01-25 08:28:00
W07905,P0320,C0323,31,69,TV,2024-03-01 02:02:00
W07906,P0120,C0163,123,97,Laptop,2024-02-24 19:46:00
W07907,P0169,C0112,127,60,Tablet,2024-02-08 18:26:00
W07908,P0486,C0246,28,38,Tablet,2024-02-03 01:52:00
W07909,P0068,C0364,56,18,Mobile,2024-05-29 03:49:00
W07910,P0059,C0132,55,95,Tablet,2024-01-27 15:16:00
W07911,P0130,C0149,61,93,Laptop,2024-01-31 02:34:00
W07912,P0375,C0287,59,49,Laptop,2024-05-16 22:42:00
W07913,P0266,C0199,57,77,Laptop,2024-01-10 03:06:00
W07914,P0075,C0267,93,52,Mobile,2024-02-09 06:30:00
W07915,P0487,C0313,23,85,Laptop,2024-01-04 10:54:00
W07916,P0090,C0299,113,32,Tablet,2024-01-06 12:43:00
W07917,P0357,C0346,145,17,Mobile,2024-03-13 15:30:00
W07918,P0154,C0254,33,83,Laptop,2024-02-27 09:48:00
W07919,P0388,C0196,138,73,Laptop,2024-01-19 18:05:00
W07920,P0218,C0163,124,32,TV,2024-03-11 04:40:00
W07921,P0486,C0294,133,65,Laptop,2024-05-06 18:01:00
W07922,P0028,C0372,78,23,Mobile,2024-04-29 11:55:00
W07923,P0130,C0190,103,89,TV,2024-04-20 15:35:00
W07924,P0066,C0372,10,26,Mobile,2024-03-16 13:57:00
W07925,P0144,C0185,80,29,Laptop,2024-05-17 22:25:00
W07926,P0380,C0395,71,21,Tablet,2024-04-29 23:52:00
W07927,P0313,C0136,22,82,TV,2024-03-27 03:59:00
W07928,P0407,C0118,25,81,TV,2024-05-18 19:05:00
W07929,P0407,C0177,23,50,TV,2024-02-18 05:03:00
W07930,P0461,C0149,60,94,Mobile,2024-04-24 05:42:00
W07931,P0277,C0336,22,41,TV,2024-01-07 12:10:00
W07932,P0103,C0144,110,46,Tablet,2024-03-17 02:58:00
W07933,P0409,C0209,57,27,Tablet,2024-05-24 06:55:00
W07934,P0314,C0229,90,38,TV,2024-04-30 19:07:00
W07935,P0037,C0107,54,16,Mobile,2024-05-29 06:36:00
W07936,P0249,C0212,131,49,Mobile,2024-05-04 13:58:00
W07937,P0433,C0313,8,15,Mobile,2024-01-01 04:03:00
W07938,P0461,C0166,67,29,Laptop,2024-04-28 23:41:00
W07939,P0399,C0131,117,64,Mobile,2024-04-20 22:02:00
W07940,P0156,C0395,60,65,Mobile,2024-02-10 16:16:00
W07941,P0451,C0365,144,82,TV,2024-04-24 00:00:00
W07942,P0471,C0397,17,62,Laptop,2024-02-10 08:01:00
W07943,P0132,C0114,109,82,TV,2024-04-07 09:59:00
W07944,P0047,C0158,37,81,Mobile,2024-03-19 07:44:00
W07945,P0434,C0342,68,90,Mobile,2024-05-20 09:42:00
W07946,P0444,C0348,87,97,TV,2024-05-16 16:43:00
W07947,P0446,C0198,109,96,Laptop,2024-04-08 15:49:00
W07948,P0195,C0262,149,42,Laptop,2024-03-27 23:53:00
W07949,P0103,C0347,38,31,TV,2024-01-01 15:09:00
W07950,P0328,C0104,72,59,Mobile,2024-04-21 14:01:00
W07951,P0171,C0361,43,95,Laptop,2024-03-05 18:10:00
W07952,P0089,C0145,133,36,Laptop,2024-02-19 22:17:00
W07953,P0246,C0311,137,57,Tablet,2024-02-22 01:54:00
W07954,P0058,C0344,44,75,TV,2024-04-27 09:28:00
W07955,P0105,C0303,67,22,Laptop,2024-03-26 10:41:00
W07956,P0180,C0303,133,11,Tablet,2024-01-13 15:40:00
W07957,P0460,C0127,149,55,Tablet,2024-03-20 22:02:00
W07958,P0069,C0218,98,80,Tablet,2024-02-23 03:21:00
W07959,P0481,C0326,103,20,Mobile,2024-05-16 09:19:00
W07960,P0302,C0305,64,35,TV,2024-01-18 07:57:00
W07961,P0153,C0347,133,72,Laptop,2024-01-11 05:39:00
W07962,P0025,C0149,136,58,Tablet,2024-01-19 10:11:00
W07963,P0377,C0353,141,72,Mobile,2024-04-25 01:13:00
W07964,P0035,C0178,49,30,Mobile,2024-01-24 21:32:00
W07965,P0445,C0357,73,58,TV,2024-05-04 01:55:00
W07966,P0015,C0220,18,88,TV,2024-03-11 20:45:00
W07967,P0106,C0135,93,89,Mobile,2024-05-05 10:56:00
W07968,P0218,C0243,40,18,Mobile,2024-04-28 16:30:00
W07969,P0384,C0297,36,30,Tablet,2024-03-31 01:24:00
W07970,P0074,C0360,77,62,Tablet,2024-04-17 23:26:00
W07971,P0344,C0184,54,64,Laptop,2024-04-30 07:30:00
W07972,P0419,C0292,61,50,Tablet,2024-01-06 14:05:00
W07973,P0285,C0122,121,15,Tablet,2024-02-07 15:28:00
W07974,P0038,C0124,115,10,Tablet,2024-04-25 17:11:00
W07975,P0197,C0175,93,73,Laptop,2024-03-18 06:43:00
W07976,P0280,C0234,108,14,Laptop,2024-02-24 05:03:00
W07977,P0275,C0267,58,35,Laptop,2024-03-28 17:13:00
W07978,P0174,C0210,57,10,Laptop,2024-02-21 07:13:00
W07979,P0305,C0190,73,10,Tablet,2024-02-03 02:43:00
W07980,P0044,C0137,18,95,TV,2024-03-01 16:35:00
W07981,P0457,C0151,9,47,Laptop,2024-05-23 22:38:00
W07982,P0154,C0160,122,50,Laptop,2024-01-18 18:14:00
W07983,P0153,C0172,147,92,Laptop,2024-03-26 13:30:00
W07984,P0291,C0228,71,37,Tablet,2024-03-23 04:07:00
W07985,P0498,C0162,5,14,Mobile,2024-03-09 05:05:00
W07986,P0420,C0279,113,30,Tablet,2024-01-12 03:23:00
W07987,P0142,C0128,66,72,Laptop,2024-03-25 19:06:00
W07988,P0256,C0340,82,95,Tablet,2024-02-27 07:26:00
W07989,P0312,C0332,61,93,TV,2024-04-21 19:11:00
W07990,P0134,C0253,24,21,Tablet,2024-02-05 13:41:00
W07991,P0032,C0107,18,15,Mobile,2024-02-16 08:24:00
W07992,P0026,C0165,39,38,Mobile,2024-04-24 23:59:00
W07993,P0399,C0223,88,70,Laptop,2024-05-03 11:11:00
W07994,P0255,C0136,46,44,Mobile,2024-04-05 01:46:00
W07995,P0433,C0338,102,84,Laptop,2024-04-29 11:37:00
W07996,P0223,C0173,5,61,Tablet,2024-02-01 01:05:00
W07997,P0056,C0130,72,42,Tablet,2024-01-11 15:15:00
W07998,P0293,C0327,108,34,Laptop,2024-02-06 03:20:00
W07999,P0125,C0385,82,23,Laptop,2024-04-11 00:48:00
W08000,P0230,C0105,55,62,Tablet,2024-01-19 15:50:00
W08001,P0053,C0165,36,70,TV,2024-01-07 19:16:00
W08002,P0442,C0335,104,22,Mobile,2024-02-11 05:43:00
W08003,P0101,C0215,43,24,Mobile,2024-05-14 00:10:00
W08004,P0467,C0346,146,64,Mobile,2024-02-10 00:02:00
W08005,P0334,C0117,46,62,Mobile,2024-02-09 22:10:00
W08006,P0292,C0137,18,81,Tablet,2024-02-01 09:19:00
W08007,P0357,C0319,120,56,Mobile,2024-03-11 03:18:00
W08008,P0267,C0237,143,54,Tablet,2024-05-27 01:48:00
W08009,P0283,C0346,79,84,Laptop,2024-02-04 01:47:00
W08010,P0002,C0138,51,73,Tablet,2024-02-09 16:12:00
W08011,P0022,C0351,108,24,Laptop,2024-02-21 01:51:00
W08012,P0066,C0153,28,30,Laptop,2024-02-08 20:12:00
W08013,P0212,C0303,59,45,TV,2024-03-16 01:04:00
W08014,P0236,C0149,74,79,TV,2024-03-02 07:44:00
W08015,P0368,C0222,82,34,TV,2024-01-02 16:43:00
W08016,P0017,C0116,77,53,TV,2024-05-01 22:34:00
W08017,P0388,C0369,48,10,Mobile,2024-02-09 01:28:00
W08018,P0014,C0336,93,51,TV,2024-01-28 03:57:00
W08019,P0007,C0221,19,68,Mobile,2024-03-20 01:02:00
W08020,P0335,C0239,49,42,Mobile,2024-05-19 08:19:00
W08021,P0222,C0187,126,41,Mobile,2024-01-29 13:10:00
W08022,P0400,C0230,66,75,Laptop,2024-03-20 17:54:00
W08023,P0104,C0352,96,34,Laptop,2024-04-21 05:00:00
W08024,P0450,C0375,17,49,Mobile,2024-03-30 03:48:00
W08025,P0403,C0147,109,67,TV,2024-05-29 19:21:00
W08026,P0001,C0179,9,84,Mobile,2024-05-14 08:46:00
W08027,P0287,C0398,87,73,Laptop,2024-03-17 23:05:00
W08028,P0384,C0319,140,28,TV,2024-03-30 20:36:00
W08029,P0247,C0211,145,98,Laptop,2024-03-27 01:00:00
W08030,P0388,C0327,21,37,TV,2024-04-17 18:04:00
W08031,P0091,C0375,36,83,Laptop,2024-02-20 08:43:00
W08032,P0314,C0356,9,89,Mobile,2024-03-17 10:23:00
W08033,P0312,C0139,130,51,Tablet,2024-03-06 11:33:00
W08034,P0437,C0235,141,91,Tablet,2024-04-24 20:29:00
W08035,P0473,C0395,111,95,Laptop,2024-01-30 18:48:00
W08036,P0214,C0198,5,59,TV,2024-01-31 12:26:00
W08037,P0043,C0134,130,85,Laptop,2024-01-13 08:03:00
W08038,P0074,C0168,36,57,Tablet,2024-05-07 02:49:00
W08039,P0242,C0291,130,66,TV,2024-04-10 05:22:00
W08040,P0481,C0299,103,18,Laptop,2024-03-20 20:55:00
W08041,P0049,C0148,117,39,Tablet,2024-04-12 21:38:00
W08042,P0368,C0359,15,27,Laptop,2024-05-22 00:31:00
W08043,P0364,C0313,27,54,Mobile,2024-05-28 01:04:00
W08044,P0316,C0262,123,97,TV,2024-01-27 04:27:00
W08045,P0222,C0213,30,92,TV,2024-03-25 16:51:00
W08046,P0350,C0237,67,87,Mobile,2024-03-06 02:12:00
W08047,P0144,C0112,73,75,Tablet,2024-05-16 15:15:00
W08048,P0329,C0338,94,20,Laptop,2024-04-19 01:21:00
W08049,P0209,C0384,138,99,Tablet,2024-05-04 16:21:00
W08050,P0099,C0276,55,81,TV,2024-03-12 18:41:00
W08051,P0188,C0325,47,76,Tablet,2024-03-13 05:26:00
W08052,P0114,C0175,145,24,TV,2024-01-30 19:08:00
W08053,P0175,C0235,29,49,TV,2024-01-16 02:12:00
W08054,P0271,C0182,134,22,Mobile,2024-02-16 14:34:00
W08055,P0063,C0183,18,89,Mobile,2024-05-05 17:25:00
W08056,P0496,C0242,149,95,TV,2024-03-23 07:51:00
W08057,P0284,C0309,109,42,Laptop,2024-02-29 12:50:00
W08058,P0404,C0315,108,11,Laptop,2024-02-14 05:05:00
W08059,P0225,C0355,43,43,Mobile,2024-01-02 04:30:00
W08060,P0447,C0288,52,25,Laptop,2024-05-22 11:39:00
W08061,P0161,C0347,119,23,Mobile,2024-04-05 15:59:00
W08062,P0036,C0355,53,55,TV,2024-04-20 11:31:00
W08063,P0381,C0262,31,59,TV,2024-01-23 14:26:00
W08064,P0141,C0267,49,14,TV,2024-02-06 01:46:00
W08065,P0318,C0178,35,52,Mobile,2024-02-10 18:40:00
W08066,P0196,C0275,67,27,Laptop,2024-01-25 18:53:00
W08067,P0151,C0120,116,57,TV,2024-02-06 09:11:00
W08068,P0456,C0196,112,73,Tablet,2024-03-25 03:07:00
W08069,P0269,C0280,69,35,Laptop,2024-04-11 22:57:00
W08070,P0344,C0195,15,83,Laptop,2024-01-19 14:18:00
W08071,P0040,C0171,147,79,Mobile,2024-05-16 21:24:00
W08072,P0238,C0290,101,23,Mobile,2024-05-26 08:03:00
W08073,P0414,C0232,116,75,Laptop,2024-02-17 10:23:00
W08074,P0380,C0239,37,70,Laptop,2024-05-23 12:47:00
W08075,P0222,C0375,33,100,TV,2024-01-18 03:03:00
W08076,P0281,C0202,15,82,TV,2024-05-28 13:18:00
W08077,P0225,C0383,145,86,Tablet,2024-05-08 19:14:00
W08078,P0457,C0129,73,30,TV,2024-01-25 00:07:00
W08079,P0154,C0118,25,64,Laptop,2024-03-02 23:34:00
W08080,P0280,C0344,7,11,Mobile,2024-01-07 19:19:00
W08081,P0353,C0275,98,12,Tablet,2024-01-19 15:12:00
W08082,P0039,C0189,26,22,Laptop,2024-05-18 23:10:00
W08083,P0217,C0120,66,30,Tablet,2024-01-11 09:12:00
W08084,P0244,C0118,9,42,Tablet,2024-04-23 11:45:00
W08085,P0109,C0138,13,29,Tablet,2024-04-01 22:26:00
W08086,P0463,C0189,62,27,TV,2024-01-05 10:27:00
W08087,P0061,C0250,28,98,TV,2024-05-29 10:29:00
W08088,P0489,C0304,65,47,Mobile,2024-01-11 00:43:00
W08089,P0496,C0333,131,34,Laptop,2024-03-17 06:13:00
W08090,P0433,C0204,52,47,Tablet,2024-04-25 15:56:00
W08091,P0425,C0211,66,24,TV,2024-03-07 18:35:00
W08092,P0198,C0325,42,90,Mobile,2024-01-11 10:50:00
W08093,P0276,C0321,122,38,TV,2024-03-25 21:07:00
W08094,P0172,C0126,63,73,Mobile,2024-03-25 15:02:00
W08095,P0272,C0164,101,41,Laptop,2024-01-17 22:07:00
W08096,P0405,C0354,21,81,Tablet,2024-05-21 11:42:00
W08097,P0271,C0349,73,52,Mobile,2024-04-06 22:34:00
W08098,P0423,C0324,27,22,Tablet,2024-05-16 01:16:00
W08099,P0042,C0231,107,90,Laptop,2024-05-07 09:08:00
W08100,P0189,C0130,98,94,Laptop,2024-01-30 13:34:00
W08101,P0260,C0375,50,87,TV,2024-05-14 10:53:00
W08102,P0152,C0110,33,34,Laptop,2024-02-17 21:18:00
W08103,P0131,C0189,38,58,Tablet,2024-05-13 11:59:00
W08104,P0114,C0247,14,97,TV,2024-04-10 08:03:00
W08105,P0385,C0227,24,17,Tablet,2024-02-15 10:47:00
W08106,P0222,C0286,38,37,TV,2024-01-24 09:38:00
W08107,P0397,C0224,105,92,Tablet,2024-01-04 00:00:00
W08108,P0054,C0207,145,20,Laptop,2024-02-03 01:48:00
W08109,P0338,C0106,91,64,Mobile,2024-01-09 07:39:00
W08110,P0296,C0151,142,19,Laptop,2024-01-10 19:21:00
W08111,P0383,C0236,49,68,Tablet,2024-02-13 14:45:00
W08112,P0395,C0102,132,74,Laptop,2024-01-06 12:07:00
W08113,P0042,C0118,93,14,Mobile,2024-04-30 02:31:00
W08114,P0093,C0349,86,89,Tablet,2024-04-04 10:22:00
W08115,P0260,C0285,123,93,Tablet,2024-04-14 05:19:00
W08116,P0281,C0322,96,29,TV,2024-05-19 15:30:00
W08117,P0356,C0328,140,14,TV,2024-03-11 08:08:00
W08118,P0420,C0294,9,76,Laptop,2024-04-13 10:00:00
W08119,P0192,C0310,24,39,Mobile,2024-01-06 14:37:00
W08120,P0125,C0399,125,96,Mobile,2024-04-21 07:31:00
W08121,P0428,C0172,62,43,Mobile,2024-05-29 02:06:00
W08122,P0296,C0217,93,10,Mobile,2024-05-15 07:59:00
W08123,P0348,C0364,104,36,Tablet,2024-05-20 15:22:00
W08124,P0429,C0105,119,72,Laptop,2024-05-25 04:33:00
W08125,P0392,C0369,78,43,Tablet,2024-03-17 02:18:00
W08126,P0341,C0107,20,41,Laptop,2024-04-12 21:05:00
W08127,P0035,C0121,8,80,TV,2024-04-26 20:37:00
W08128,P0428,C0137,14,55,Mobile,2024-01-17 03:43:00
W08129,P0402,C0273,52,77,Laptop,2024-01-14 19:17:00
W08130,P0047,C0162,24,92,Tablet,2024-04-23 10:43:00
W08131,P0153,C0306,36,66,Tablet,2024-05-18 23:08:00
W08132,P0238,C0201,64,31,Tablet,2024-04-28 10:10:00
W08133,P0425,C0219,15,38,Tablet,2024-01-08 15:16:00
W08134,P0005,C0279,24,54,Laptop,2024-03-05 01:32:00
W08135,P0448,C0232,27,54,Mobile,2024-04-13 01:38:00
W08136,P0446,C0175,131,76,Tablet,2024-03-24 07:20:00
W08137,P0125,C0390,81,30,Mobile,2024-03-13 23:44:00
W08138,P0367,C0145,39,30,TV,2024-02-28 01:03:00
W08139,P0328,C0244,149,69,Mobile,2024-02-17 21:42:00
W08140,P0087,C0237,14,90,TV,2024-02-24 21:11:00
W08141,P0003,C0308,42,38,TV,2024-04-21 12:23:00
W08142,P0492,C0331,87,42,Mobile,2024-04-15 16:45:00
W08143,P0165,C0372,36,48,Mobile,2024-04-07 21:31:00
W08144,P0223,C0195,58,71,Laptop,2024-02-29 08:19:00
W08145,P0349,C0361,61,99,Tablet,2024-02-21 16:46:00
W08146,P0297,C0227,111,80,Mobile,2024-05-19 22:31:00
W08147,P0404,C0267,29,54,Mobile,2024-05-04 02:42:00
W08148,P0451,C0118,146,67,TV,2024-02-29 17:34:00
W08149,P0343,C0248,49,82,Mobile,2024-03-17 01:15:00
W08150,P0424,C0347,122,91,Tablet,2024-03-01 03:09:00
W08151,P0341,C0230,42,10,Laptop,2024-04-30 22:18:00
W08152,P0461,C0396,129,20,Tablet,2024-02-09 08:20:00
W08153,P0392,C0366,40,95,Tablet,2024-02-01 13:25:00
W08154,P0389,C0142,92,41,Laptop,2024-04-01 03:34:00
W08155,P0025,C0303,128,83,Mobile,2024-03-28 10:52:00
W08156,P0039,C0281,17,58,Mobile,2024-03-25 22:35:00
W08157,P0421,C0281,128,100,TV,2024-05-07 21:32:00
W08158,P0381,C0396,19,85,Mobile,2024-02-08 23:09:00
W08159,P0105,C0244,62,39,TV,2024-04-16 05:47:00
W08160,P0005,C0161,116,69,Mobile,2024-05-21 19:28:00
W08161,P0136,C0309,63,19,TV,2024-01-24 04:04:00
W08162,P0492,C0266,56,85,Laptop,2024-02-03 18:55:00
W08163,P0004,C0400,73,30,Mobile,2024-05-17 03:19:00
W08164,P0169,C0243,107,100,Mobile,2024-05-28 07:00:00
W08165,P0316,C0161,9,15,Tablet,2024-01-07 09:51:00
W08166,P0310,C0363,47,47,TV,2024-01-30 11:10:00
W08167,P0406,C0224,12,67,TV,2024-05-12 06:55:00
W08168,P0078,C0338,82,17,Tablet,2024-01-16 16:46:00
W08169,P0019,C0130,97,79,Mobile,2024-05-29 16:54:00
W08170,P0205,C0355,67,72,TV,2024-02-09 16:44:00
W08171,P0355,C0190,36,43,Mobile,2024-02-06 05:33:00
W08172,P0324,C0239,101,58,Laptop,2024-01-16 17:46:00
W08173,P0033,C0307,122,49,TV,2024-03-03 08:46:00
W08174,P0150,C0193,28,95,Mobile,2024-05-16 05:20:00
W08175,P0193,C0234,54,38,Laptop,2024-02-13 07:33:00
W08176,P0139,C0304,122,18,Mobile,2024-04-21 15:28:00
W08177,P0272,C0210,132,30,Mobile,2024-03-20 14:27:00
W08178,P0196,C0138,116,41,Laptop,2024-01-06 01:22:00
W08179,P0127,C0122,42,81,TV,2024-01-31 05:21:00
W08180,P0349,C0325,86,64,Tablet,2024-01-18 20:57:00
W08181,P0231,C0268,74,52,Tablet,2024-01-28 04:11:00
W08182,P0044,C0235,73,19,Laptop,2024-03-08 07:28:00
W08183,P0230,C0210,17,58,Mobile,2024-04-23 07:43:00
W08184,P0216,C0324,123,96,Tablet,2024-02-27 19:58:00
W08185,P0244,C0268,106,93,Laptop,2024-05-08 04:54:00
W08186,P0009,C0207,25,22,Tablet,2024-04-15 12:48:00
W08187,P0250,C0124,81,95,Mobile,2024-03-15 05:43:00
W08188,P0200,C0397,86,50,Laptop,2024-05-21 11:57:00
W08189,P0334,C0311,81,88,TV,2024-05-29 03:47:00
W08190,P0079,C0271,103,40,Laptop,2024-05-09 11:30:00
W08191,P0245,C0169,47,41,Laptop,2024-04-19 13:06:00
W08192,P0190,C0322,126,54,Tablet,2024-03-02 22:30:00
W08193,P0086,C0253,128,22,Tablet,2024-04-20 19:16:00
W08194,P0485,C0381,24,34,TV,2024-03-12 20:12:00
W08195,P0271,C0301,59,94,Tablet,2024-04-09 01:10:00
W08196,P0262,C0319,78,77,Tablet,2024-01-07 05:05:00
W08197,P0001,C0204,76,24,Tablet,2024-02-15 20:47:00
W08198,P0020,C0399,50,73,Mobile,2024-03-12 12:41:00
W08199,P0489,C0330,83,94,Laptop,2024-03-16 01:13:00
W08200,P0420,C0154,19,69,Tablet,2024-05-21 01:41:00
W08201,P0130,C0289,103,17,Mobile,2024-04-03 18:08:00
W08202,P0326,C0322,70,83,Laptop,2024-03-02 21:04:00
W08203,P0258,C0175,145,94,TV,2024-02-13 20:18:00
W08204,P0131,C0272,113,26,Laptop,2024-03-02 10:18:00
W08205,P0007,C0142,61,14,Mobile,2024-05-04 05:00:00
W08206,P0340,C0257,141,22,Mobile,2024-01-11 16:28:00
W08207,P0241,C0181,125,30,TV,2024-03-28 05:01:00
W08208,P0192,C0308,103,53,Mobile,2024-04-21 05:36:00
W08209,P0425,C0186,70,85,TV,2024-02-01 18:41:00
W08210,P0310,C0332,148,98,TV,2024-01-05 20:14:00
W08211,P0297,C0277,114,62,Mobile,2024-01-29 17:51:00
W08212,P0115,C0207,134,37,Mobile,2024-01-16 11:04:00
W08213,P0389,C0239,148,75,Tablet,2024-03-12 13:16:00
W08214,P0473,C0202,76,30,Tablet,2024-02-15 11:04:00
W08215,P0102,C0130,5,95,TV,2024-01-23 15:29:00
W08216,P0338,C0294,109,66,Mobile,2024-04-03 23:13:00
W08217,P0319,C0344,137,64,Tablet,2024-02-03 19:43:00
W08218,P0001,C0285,25,11,Tablet,2024-04-26 04:44:00
W08219,P0025,C0393,39,74,Tablet,2024-01-09 11:36:00
W08220,P0209,C0347,108,86,Tablet,2024-02-08 10:46:00
W08221,P0430,C0218,58,12,TV,2024-04-19 02:15:00
W08222,P0143,C0173,128,68,Laptop,2024-04-05 19:02:00
W08223,P0197,C0169,112,93,Mobile,2024-04-27 04:33:00
W08224,P0145,C0342,48,72,Mobile,2024-04-11 14:37:00
W08225,P0149,C0252,89,14,Tablet,2024-03-22 20:00:00
W08226,P0181,C0194,8,75,TV,2024-04-14 13:03:00
W08227,P0055,C0371,127,99,Laptop,2024-01-21 19:21:00
W08228,P0471,C0329,46,27,Laptop,2024-04-15 02:11:00
W08229,P0363,C0130,28,18,Mobile,2024-02-13 19:06:00
W08230,P0138,C0213,137,31,TV,2024-05-15 23:10:00
W08231,P0209,C0248,71,37,TV,2024-04-26 19:09:00
W08232,P0185,C0157,15,69,Mobile,2024-01-19 13:27:00
W08233,P0065,C0277,100,21,Laptop,2024-02-20 19:20:00
W08234,P0037,C0156,26,46,TV,2024-02-25 12:23:00
W08235,P0112,C0365,143,91,Tablet,2024-05-22 05:25:00
W08236,P0263,C0337,90,51,TV,2024-05-07 13:48:00
W08237,P0076,C0378,136,63,Mobile,2024-03-20 07:53:00
W08238,P0296,C0177,142,51,Mobile,2024-04-30 15:18:00
W08239,P0178,C0224,23,76,Tablet,2024-03-17 19:58:00
W08240,P0254,C0128,86,65,Laptop,2024-05-24 07:20:00
W08241,P0001,C0242,99,55,Laptop,2024-05-05 03:38:00
W08242,P0148,C0258,21,14,Tablet,2024-01-22 09:54:00
W08243,P0364,C0267,28,65,TV,2024-05-20 14:05:00
W08244,P0159,C0285,133,32,Mobile,2024-04-04 14:36:00
W08245,P0324,C0112,9,71,Tablet,2024-04-19 17:55:00
W08246,P0474,C0269,57,22,Mobile,2024-04-12 10:12:00
W08247,P0268,C0206,85,68,Mobile,2024-05-21 11:52:00
W08248,P0150,C0354,90,97,Tablet,2024-03-03 20:22:00
W08249,P0129,C0198,107,37,Laptop,2024-01-28 12:08:00
W08250,P0126,C0219,84,90,Laptop,2024-02-15 08:24:00
W08251,P0001,C0326,9,15,Tablet,2024-01-28 17:20:00
W08252,P0387,C0252,22,70,Tablet,2024-02-28 23:31:00
W08253,P0117,C0303,136,70,TV,2024-03-17 16:17:00
W08254,P0460,C0263,113,100,Tablet,2024-05-10 23:14:00
W08255,P0149,C0397,95,54,Mobile,2024-04-06 17:27:00
W08256,P0269,C0222,74,21,Laptop,2024-02-04 14:13:00
W08257,P0189,C0116,143,44,Mobile,2024-05-17 11:48:00
W08258,P0141,C0206,85,71,Laptop,2024-04-30 04:24:00
W08259,P0105,C0362,35,14,Mobile,2024-03-17 03:07:00
W08260,P0466,C0120,17,75,Tablet,2024-03-03 13:39:00
W08261,P0252,C0344,27,84,Tablet,2024-01-23 19:54:00
W08262,P0417,C0344,69,77,TV,2024-01-21 04:58:00
W08263,P0390,C0312,34,95,Laptop,2024-05-14 04:31:00
W08264,P0281,C0324,51,74,Tablet,2024-01-23 18:30:00
W08265,P0407,C0362,148,89,Laptop,2024-01-31 19:04:00
W08266,P0344,C0320,135,75,Tablet,2024-03-09 14:42:00
W08267,P0101,C0108,16,50,TV,2024-02-28 15:23:00
W08268,P0282,C0114,143,36,Tablet,2024-05-25 16:23:00
W08269,P0388,C0230,20,85,Tablet,2024-03-17 08:00:00
W08270,P0358,C0122,121,14,TV,2024-05-17 21:26:00
W08271,P0163,C0325,113,14,Mobile,2024-02-06 01:25:00
W08272,P0497,C0335,62,95,Laptop,2024-01-16 12:07:00
W08273,P0203,C0299,9,22,Mobile,2024-04-25 01:57:00
W08274,P0100,C0234,145,89,Mobile,2024-01-14 23:38:00
W08275,P0281,C0278,85,99,Mobile,2024-03-27 02:41:00
W08276,P0404,C0144,144,18,Laptop,2024-04-13 02:46:00
W08277,P0257,C0108,5,57,TV,2024-02-13 00:27:00
W08278,P0094,C0380,12,41,Tablet,2024-01-16 09:21:00
W08279,P0324,C0127,148,92,Tablet,2024-04-24 02:35:00
W08280,P0279,C0151,147,45,Mobile,2024-03-08 22:51:00
W08281,P0227,C0169,23,24,Laptop,2024-04-30 10:51:00
W08282,P0362,C0381,35,18,Mobile,2024-01-16 13:40:00
W08283,P0150,C0144,134,25,TV,2024-02-18 19:47:00
W08284,P0351,C0275,125,15,Tablet,2024-03-02 22:43:00
W08285,P0062,C0219,63,81,Tablet,2024-02-25 06:15:00
W08286,P0129,C0369,35,42,Tablet,2024-03-30 02:29:00
W08287,P0187,C0281,144,51,Tablet,2024-04-29 09:44:00
W08288,P0068,C0153,149,68,TV,2024-03-09 16:16:00
W08289,P0403,C0393,33,45,Laptop,2024-04-07 08:33:00
W08290,P0030,C0291,108,43,Laptop,2024-02-22 01:58:00
W08291,P0385,C0294,67,11,TV,2024-01-07 12:46:00
W08292,P0304,C0140,19,22,Tablet,2024-05-27 07:57:00
W08293,P0275,C0178,34,52,Laptop,2024-03-15 05:50:00
W08294,P0127,C0289,15,83,TV,2024-01-03 11:35:00
W08295,P0436,C0195,17,66,Mobile,2024-03-19 04:32:00
W08296,P0213,C0125,59,16,TV,2024-04-21 00:51:00
W08297,P0406,C0203,67,68,Tablet,2024-01-07 23:11:00
W08298,P0306,C0259,134,68,Tablet,2024-05-12 16:33:00
W08299,P0450,C0308,11,60,Tablet,2024-02-23 00:15:00
W08300,P0134,C0194,32,12,Mobile,2024-02-16 17:51:00
W08301,P0448,C0139,29,36,Laptop,2024-04-30 13:51:00
W08302,P0405,C0264,84,87,Tablet,2024-02-19 00:40:00
W08303,P0481,C0155,28,63,Mobile,2024-01-22 06:10:00
W08304,P0403,C0172,85,73,TV,2024-01-05 10:56:00
W08305,P0219,C0142,129,43,Laptop,2024-04-10 09:49:00
W08306,P0421,C0232,74,32,Laptop,2024-02-10 22:51:00
W08307,P0319,C0121,82,57,TV,2024-01-22 00:52:00
W08308,P0157,C0101,94,64,Laptop,2024-04-02 17:13:00
W08309,P0188,C0266,128,26,TV,2024-05-25 12:27:00
W08310,P0476,C0160,96,88,Mobile,2024-02-18 09:42:00
W08311,P0162,C0176,115,71,Tablet,2024-01-19 00:54:00
W08312,P0129,C0191,132,70,Mobile,2024-01-21 21:45:00
W08313,P0304,C0307,48,70,Tablet,2024-01-28 16:58:00
W08314,P0089,C0188,61,53,Laptop,2024-02-09 12:02:00
W08315,P0383,C0182,25,80,TV,2024-01-29 08:30:00
W08316,P0405,C0117,59,12,TV,2024-03-14 17:01:00
W08317,P0162,C0310,113,82,Mobile,2024-05-19 01:59:00
W08318,P0410,C0153,147,76,Mobile,2024-04-06 01:59:00
W08319,P0036,C0228,108,17,Laptop,2024-01-25 19:36:00
W08320,P0227,C0246,135,35,TV,2024-01-04 06:32:00
W08321,P0151,C0348,133,24,Tablet,2024-05-22 13:13:00
W08322,P0081,C0101,28,14,Laptop,2024-03-19 03:39:00
W08323,P0047,C0141,31,22,Laptop,2024-03-11 02:39:00
W08324,P0490,C0173,141,88,Laptop,2024-03-16 10:10:00
W08325,P0204,C0260,92,21,TV,2024-05-06 17:35:00
W08326,P0428,C0312,149,72,Mobile,2024-01-09 05:33:00
W08327,P0148,C0396,96,17,TV,2024-01-13 14:51:00
W08328,P0231,C0239,43,83,Tablet,2024-04-05 22:42:00
W08329,P0027,C0143,59,43,TV,2024-05-23 06:35:00
W08330,P0490,C0279,129,81,Tablet,2024-01-18 18:36:00
W08331,P0189,C0289,49,31,Tablet,2024-01-24 05:57:00
W08332,P0165,C0346,105,59,Tablet,2024-05-19 13:47:00
W08333,P0212,C0398,33,21,TV,2024-02-29 07:56:00
W08334,P0308,C0254,73,31,Tablet,2024-04-09 00:00:00
W08335,P0075,C0204,15,100,Tablet,2024-02-12 05:10:00
W08336,P0092,C0111,134,67,Laptop,2024-02-03 17:37:00
W08337,P0062,C0125,142,91,Laptop,2024-04-19 22:43:00
W08338,P0066,C0396,107,28,TV,2024-03-30 22:38:00
W08339,P0408,C0125,112,14,Laptop,2024-03-11 05:26:00
W08340,P0080,C0184,123,25,Laptop,2024-04-23 13:16:00
W08341,P0140,C0206,91,50,Mobile,2024-05-22 10:08:00
W08342,P0400,C0341,116,83,TV,2024-02-22 06:40:00
W08343,P0420,C0219,78,28,TV,2024-03-04 03:31:00
W08344,P0130,C0208,6,74,Laptop,2024-03-01 03:04:00
W08345,P0473,C0280,21,31,TV,2024-04-17 20:39:00
W08346,P0254,C0231,99,26,TV,2024-02-06 23:34:00
W08347,P0446,C0395,84,44,TV,2024-01-08 04:36:00
W08348,P0320,C0191,28,48,TV,2024-04-03 07:57:00
W08349,P0029,C0341,61,82,Laptop,2024-03-15 11:08:00
W08350,P0476,C0347,75,64,Mobile,2024-05-21 05:21:00
W08351,P0202,C0268,87,14,Laptop,2024-05-25 00:53:00
W08352,P0237,C0323,148,82,Mobile,2024-04-09 04:36:00
W08353,P0087,C0378,101,20,TV,2024-02-22 06:39:00
W08354,P0096,C0290,40,87,Tablet,2024-01-04 22:14:00
W08355,P0287,C0119,49,49,TV,2024-01-15 09:35:00
W08356,P0339,C0114,14,97,TV,2024-04-21 03:58:00
W08357,P0399,C0343,67,93,Tablet,2024-05-23 23:17:00
W08358,P0439,C0209,47,13,TV,2024-01-20 21:52:00
W08359,P0289,C0290,55,89,TV,2024-03-21 03:16:00
W08360,P0252,C0318,111,98,Tablet,2024-05-05 02:43:00
W08361,P0465,C0399,7,67,TV,2024-04-03 21:12:00
W08362,P0180,C0336,73,74,TV,2024-03-08 14:14:00
W08363,P0100,C0268,83,97,Mobile,2024-01-21 13:50:00
W08364,P0404,C0368,40,73,Laptop,2024-03-25 23:33:00
W08365,P0073,C0293,53,76,TV,2024-01-24 01:50:00
W08366,P0422,C0342,5,43,TV,2024-04-04 09:54:00
W08367,P0131,C0262,77,98,TV,2024-04-11 17:01:00
W08368,P0182,C0379,120,67,Mobile,2024-03-18 07:13:00
W08369,P0194,C0235,18,76,TV,2024-05-03 14:47:00
W08370,P0018,C0293,126,16,Laptop,2024-01-15 22:42:00
W08371,P0471,C0189,97,44,Tablet,2024-01-06 12:06:00
W08372,P0126,C0142,58,38,Mobile,2024-03-07 03:48:00
W08373,P0211,C0193,53,34,Tablet,2024-05-01 02:28:00
W08374,P0007,C0315,34,37,Mobile,2024-03-24 11:44:00
W08375,P0419,C0101,135,97,TV,2024-04-20 20:44:00
W08376,P0380,C0264,16,78,Mobile,2024-05-15 01:03:00
W08377,P0114,C0206,115,36,TV,2024-05-05 22:57:00
W08378,P0340,C0332,120,83,Tablet,2024-05-20 00:12:00
W08379,P0084,C0146,116,85,Tablet,2024-03-26 17:24:00
W08380,P0339,C0305,108,91,Laptop,2024-03-03 19:41:00
W08381,P0361,C0121,15,17,Laptop,2024-04-20 01:15:00
W08382,P0464,C0277,95,47,Mobile,2024-03-13 23:59:00
W08383,P0102,C0267,77,18,Mobile,2024-01-07 01:11:00
W08384,P0469,C0394,20,52,TV,2024-05-08 05:59:00
W08385,P0093,C0365,18,34,Tablet,2024-01-28 13:30:00
W08386,P0492,C0376,114,75,Tablet,2024-04-06 17:49:00
W08387,P0316,C0108,145,26,Mobile,2024-01-01 11:17:00
W08388,P0102,C0370,123,16,Tablet,2024-04-11 04:50:00
W08389,P0493,C0312,130,31,Laptop,2024-02-23 08:01:00
W08390,P0251,C0263,13,19,Mobile,2024-01-24 08:30:00
W08391,P0024,C0145,53,99,Laptop,2024-01-22 16:44:00
W08392,P0485,C0333,46,22,TV,2024-01-16 05:55:00
W08393,P0477,C0153,118,51,Laptop,2024-04-09 13:49:00
W08394,P0479,C0333,81,37,Mobile,2024-03-27 18:21:00
W08395,P0365,C0271,96,68,Laptop,2024-03-07 14:18:00
W08396,P0500,C0106,124,20,Laptop,2024-02-02 18:58:00
W08397,P0167,C0144,88,18,Mobile,2024-01-19 08:18:00
W08398,P0140,C0191,107,89,TV,2024-05-03 19:26:00
W08399,P0094,C0296,75,90,Laptop,2024-04-29 17:27:00
W08400,P0181,C0104,52,64,Mobile,2024-01-27 15:44:00
W08401,P0064,C0221,83,14,Laptop,2024-03-15 12:32:00
W08402,P0004,C0163,81,78,Laptop,2024-01-23 11:12:00
W08403,P0094,C0192,47,47,Tablet,2024-02-10 09:27:00
W08404,P0389,C0347,12,75,Laptop,2024-04-07 10:57:00
W08405,P0272,C0319,67,100,TV,2024-01-06 07:15:00
W08406,P0283,C0331,124,92,Laptop,2024-02-09 11:44:00
W08407,P0132,C0394,67,73,Mobile,2024-02-11 12:13:00
W08408,P0072,C0288,10,34,Mobile,2024-02-01 00:09:00
W08409,P0304,C0268,78,61,Tablet,2024-03-09 21:28:00
W08410,P0392,C0364,56,47,Tablet,2024-03-09 02:18:00
W08411,P0081,C0205,25,86,Laptop,2024-04-08 12:10:00
W08412,P0174,C0324,146,28,Tablet,2024-03-14 20:48:00
W08413,P0300,C0215,120,34,TV,2024-05-02 18:45:00
W08414,P0451,C0335,62,57,Tablet,2024-01-08 15:44:00
W08415,P0475,C0372,60,82,Mobile,2024-01-19 12:49:00
W08416,P0052,C0374,87,70,Tablet,2024-02-24 03:46:00
W08417,P0290,C0330,13,44,TV,2024-01-17 15:37:00
W08418,P0446,C0317,137,60,TV,2024-03-01 18:29:00
W08419,P0237,C0134,85,24,Tablet,2024-02-04 12:08:00
W08420,P0277,C0297,98,95,Tablet,2024-04-12 23:47:00
W08421,P0491,C0314,139,86,Tablet,2024-04-28 09:26:00
W08422,P0280,C0146,138,58,Mobile,2024-04-09 12:34:00
W08423,P0044,C0340,56,39,Mobile,2024-01-21 05:06:00
W08424,P0370,C0354,110,30,TV,2024-04-09 04:23:00
W08425,P0254,C0328,59,98,Tablet,2024-03-08 18:50:00
W08426,P0425,C0321,18,98,Laptop,2024-05-23 20:22:00
W08427,P0413,C0266,133,95,TV,2024-01-02 12:48:00
W08428,P0359,C0173,53,50,Mobile,2024-01-01 05:57:00
W08429,P0134,C0325,144,12,TV,2024-04-24 15:02:00
W08430,P0056,C0186,137,82,Mobile,2024-03-28 20:20:00
W08431,P0014,C0181,74,33,Laptop,2024-04-01 04:33:00
W08432,P0178,C0315,120,26,Tablet,2024-03-28 16:57:00
W08433,P0462,C0264,123,97,Tablet,2024-02-02 09:44:00
W08434,P0101,C0340,143,17,Tablet,2024-01-28 09:58:00
W08435,P0180,C0169,83,15,Laptop,2024-02-22 09:15:00
W08436,P0472,C0237,54,18,Laptop,2024-03-20 07:18:00
W08437,P0461,C0252,129,24,Laptop,2024-05-17 05:58:00
W08438,P0257,C0197,59,73,Laptop,2024-02-05 17:37:00
W08439,P0268,C0258,96,97,Mobile,2024-03-28 10:57:00
W08440,P0371,C0286,7,59,TV,2024-01-16 12:24:00
W08441,P0362,C0268,124,20,Laptop,2024-02-10 12:46:00
W08442,P0408,C0344,148,55,Mobile,2024-01-25 19:09:00
W08443,P0037,C0219,85,54,TV,2024-01-08 14:39:00
W08444,P0468,C0296,23,86,TV,2024-04-03 14:11:00
W08445,P0454,C0388,136,68,Laptop,2024-05-25 19:59:00
W08446,P0204,C0165,63,34,Laptop,2024-03-07 15:13:00
W08447,P0469,C0262,93,21,TV,2024-04-20 00:17:00
W08448,P0259,C0185,144,94,TV,2024-02-25 15:18:00
W08449,P0155,C0159,67,97,Mobile,2024-02-04 15:01:00
W08450,P0238,C0382,31,35,Laptop,2024-04-27 13:13:00
W08451,P0309,C0250,129,85,TV,2024-03-01 05:46:00
W08452,P0100,C0221,26,46,TV,2024-02-01 15:07:00
W08453,P0273,C0369,74,94,Tablet,2024-05-12 09:35:00
W08454,P0113,C0355,23,32,Laptop,2024-03-26 20:54:00
W08455,P0110,C0324,105,74,Mobile,2024-02-14 16:56:00
W08456,P0143,C0155,143,54,Mobile,2024-02-04 00:25:00
W08457,P0167,C0236,124,83,Tablet,2024-01-23 23:30:00
W08458,P0260,C0290,92,44,Laptop,2024-01-29 07:29:00
W08459,P0145,C0353,41,57,Mobile,2024-03-04 02:35:00
W08460,P0230,C0184,8,37,Tablet,2024-04-22 10:50:00
W08461,P0395,C0277,86,10,Mobile,2024-04-27 15:29:00
W08462,P0268,C0194,19,81,Mobile,2024-03-07 14:35:00
W08463,P0495,C0135,144,50,Tablet,2024-03-26 21:48:00
W08464,P0032,C0312,72,32,TV,2024-02-29 00:53:00
W08465,P0411,C0226,72,93,TV,2024-04-02 05:24:00
W08466,P0428,C0330,109,41,Mobile,2024-04-26 04:24:00
W08467,P0299,C0268,63,96,Laptop,2024-05-05 20:36:00
W08468,P0219,C0114,62,16,Laptop,2024-03-17 17:13:00
W08469,P0177,C0174,124,84,Laptop,2024-04-11 03:22:00
W08470,P0104,C0152,133,64,Tablet,2024-02-27 20:46:00
W08471,P0236,C0307,60,81,Mobile,2024-04-22 09:06:00
W08472,P0093,C0396,8,52,Tablet,2024-04-12 01:42:00
W08473,P0201,C0143,33,23,Laptop,2024-04-06 19:19:00
W08474,P0299,C0103,21,23,Tablet,2024-05-21 06:31:00
W08475,P0387,C0195,55,50,TV,2024-04-15 17:57:00
W08476,P0231,C0338,28,100,Laptop,2024-01-21 01:50:00
W08477,P0413,C0267,48,93,Laptop,2024-03-15 08:25:00
W08478,P0255,C0119,120,98,TV,2024-01-14 12:49:00
W08479,P0085,C0307,61,23,TV,2024-04-17 03:58:00
W08480,P0035,C0330,36,37,Mobile,2024-05-24 14:05:00
W08481,P0117,C0314,148,39,Tablet,2024-02-17 18:34:00
W08482,P0176,C0156,112,88,Mobile,2024-05-15 20:07:00
W08483,P0458,C0232,46,63,Mobile,2024-01-17 16:04:00
W08484,P0471,C0109,126,68,Mobile,2024-01-12 19:49:00
W08485,P0423,C0331,38,94,Mobile,2024-05-25 21:45:00
W08486,P0473,C0253,148,21,TV,2024-02-06 02:48:00
W08487,P0408,C0384,89,84,TV,2024-03-19 02:49:00
W08488,P0276,C0290,145,48,Tablet,2024-03-30 08:18:00
W08489,P0399,C0116,126,79,Tablet,2024-02-10 19:25:00
W08490,P0085,C0303,124,76,Tablet,2024-05-08 17:56:00
W08491,P0117,C0274,86,24,TV,2024-04-27 06:04:00
W08492,P0362,C0268,124,13,Laptop,2024-05-15 23:57:00
W08493,P0204,C0134,109,53,Laptop,2024-03-17 09:16:00
W08494,P0146,C0329,86,48,Tablet,2024-01-18 06:42:00
W08495,P0444,C0101,96,79,Laptop,2024-03-08 09:54:00
W08496,P0215,C0215,44,95,Mobile,2024-02-19 21:44:00
W08497,P0105,C0314,140,46,Tablet,2024-04-30 07:58:00
W08498,P0349,C0354,58,67,Laptop,2024-03-08 09:10:00
W08499,P0297,C0245,93,41,Mobile,2024-03-03 10:39:00
W08500,P0356,C0147,139,37,Mobile,2024-05-14 10:33:00
W08501,P0069,C0380,6,99,Mobile,2024-02-28 05:03:00
W08502,P0487,C0278,101,13,Mobile,2024-05-12 03:58:00
W08503,P0474,C0313,60,19,Laptop,2024-02-05 20:47:00
W08504,P0255,C0385,108,36,TV,2024-03-28 20:43:00
W08505,P0231,C0345,128,93,Mobile,2024-01-19 15:53:00
W08506,P0203,C0353,129,45,Tablet,2024-03-06 04:14:00
W08507,P0362,C0306,82,14,Laptop,2024-05-04 19:29:00
W08508,P0395,C0172,12,90,Mobile,2024-04-12 06:24:00
W08509,P0248,C0322,88,59,Tablet,2024-05-10 06:22:00
W08510,P0440,C0315,86,41,Mobile,2024-01-21 23:25:00
W08511,P0402,C0241,92,32,TV,2024-05-03 21:30:00
W08512,P0396,C0256,71,86,Mobile,2024-01-22 18:54:00
W08513,P0249,C0322,121,70,TV,2024-05-04 19:41:00
W08514,P0144,C0331,82,10,Tablet,2024-05-07 19:01:00
W08515,P0283,C0242,71,40,Laptop,2024-03-12 11:33:00
W08516,P0356,C0175,46,28,Mobile,2024-03-08 05:58:00
W08517,P0401,C0140,68,96,TV,2024-01-29 07:22:00
W08518,P0241,C0373,132,63,Tablet,2024-04-14 09:44:00
W08519,P0341,C0170,77,43,Mobile,2024-04-28 14:12:00
W08520,P0375,C0211,94,13,Mobile,2024-03-29 17:03:00
W08521,P0229,C0334,11,57,Mobile,2024-04-25 04:00:00
W08522,P0031,C0297,11,57,TV,2024-02-22 19:25:00
W08523,P0109,C0299,126,58,Laptop,2024-03-04 16:15:00
W08524,P0419,C0124,120,69,Tablet,2024-05-17 00:30:00
W08525,P0027,C0247,17,53,TV,2024-02-05 04:25:00
W08526,P0343,C0162,24,43,Laptop,2024-01-26 13:07:00
W08527,P0160,C0167,57,65,Tablet,2024-05-04 09:15:00
W08528,P0017,C0130,90,83,TV,2024-03-02 11:52:00
W08529,P0267,C0207,101,15,TV,2024-03-19 08:40:00
W08530,P0129,C0266,65,85,Laptop,2024-03-11 10:01:00
W08531,P0220,C0221,129,85,Tablet,2024-01-24 02:19:00
W08532,P0082,C0111,106,91,Laptop,2024-02-29 22:43:00
W08533,P0049,C0172,120,45,Laptop,2024-04-29 09:49:00
W08534,P0041,C0353,94,44,TV,2024-01-16 09:00:00
W08535,P0020,C0385,100,34,Laptop,2024-04-28 04:50:00
W08536,P0327,C0219,65,58,Mobile,2024-02-12 17:56:00
W08537,P0037,C0108,60,64,Mobile,2024-01-20 20:55:00
W08538,P0382,C0315,98,50,Mobile,2024-01-08 08:02:00
W08539,P0400,C0321,44,66,Mobile,2024-02-11 05:32:00
W08540,P0039,C0180,85,31,Tablet,2024-03-10 17:19:00
W08541,P0109,C0172,67,53,Laptop,2024-03-09 00:52:00
W08542,P0429,C0300,136,38,Laptop,2024-01-06 23:22:00
W08543,P0064,C0273,99,80,Mobile,2024-02-02 08:46:00
W08544,P0175,C0389,66,57,Tablet,2024-01-14 01:02:00
W08545,P0279,C0334,14,12,Laptop,2024-01-05 19:04:00
W08546,P0032,C0361,40,94,Mobile,2024-03-30 21:03:00
W08547,P0433,C0245,134,54,TV,2024-04-16 02:59:00
W08548,P0209,C0122,64,29,Laptop,2024-01-16 05:54:00
W08549,P0379,C0178,77,82,TV,2024-02-22 12:06:00
W08550,P0019,C0330,71,45,Laptop,2024-03-17 10:04:00
W08551,P0106,C0260,85,69,Laptop,2024-04-07 05:53:00
W08552,P0482,C0114,81,87,Laptop,2024-05-22 22:18:00
W08553,P0206,C0336,72,27,TV,2024-05-16 04:41:00
W08554,P0247,C0248,86,75,Tablet,2024-01-03 14:27:00
W08555,P0323,C0250,60,40,TV,2024-02-16 00:04:00
W08556,P0167,C0130,103,95,Mobile,2024-03-02 09:55:00
W08557,P0089,C0261,18,18,Tablet,2024-05-12 06:33:00
W08558,P0316,C0361,148,29,TV,2024-03-20 01:02:00
W08559,P0011,C0118,80,29,TV,2024-01-25 00:43:00
W08560,P0049,C0163,79,56,Mobile,2024-01-14 14:13:00
W08561,P0399,C0235,70,10,TV,2024-01-19 23:01:00
W08562,P0384,C0257,37,92,Tablet,2024-01-20 08:02:00
W08563,P0467,C0157,17,23,TV,2024-03-19 02:18:00
W08564,P0061,C0365,34,10,Tablet,2024-04-07 11:03:00
W08565,P0171,C0354,30,78,Mobile,2024-01-17 02:35:00
W08566,P0143,C0287,118,19,Tablet,2024-02-19 07:58:00
W08567,P0207,C0299,17,82,TV,2024-01-10 02:28:00
W08568,P0486,C0271,72,58,Mobile,2024-02-27 02:41:00
W08569,P0463,C0106,127,23,Tablet,2024-04-04 18:50:00
W08570,P0201,C0356,37,69,Tablet,2024-05-18 13:20:00
W08571,P0005,C0348,147,91,Laptop,2024-02-15 07:25:00
W08572,P0211,C0319,149,51,Laptop,2024-05-08 13:49:00
W08573,P0472,C0104,10,68,TV,2024-03-27 21:12:00
W08574,P0029,C0101,9,34,Laptop,2024-03-13 21:20:00
W08575,P0190,C0131,58,45,TV,2024-01-21 07:17:00
W08576,P0188,C0217,148,44,Mobile,2024-01-04 15:46:00
W08577,P0325,C0375,129,100,Tablet,2024-03-03 12:35:00
W08578,P0255,C0297,9,95,Mobile,2024-02-05 13:16:00
W08579,P0150,C0277,129,20,Mobile,2024-03-09 10:22:00
W08580,P0013,C0387,80,19,Laptop,2024-05-23 14:27:00
W08581,P0434,C0336,54,17,Tablet,2024-02-10 16:00:00
W08582,P0372,C0179,85,32,Mobile,2024-05-27 15:31:00
W08583,P0497,C0343,117,15,Tablet,2024-02-17 23:29:00
W08584,P0431,C0305,24,87,Tablet,2024-05-23 18:54:00
W08585,P0366,C0311,129,97,Mobile,2024-03-02 14:34:00
W08586,P0157,C0191,39,73,Tablet,2024-04-15 02:11:00
W08587,P0080,C0266,71,82,TV,2024-04-22 10:00:00
W08588,P0356,C0261,142,55,Tablet,2024-03-18 18:18:00
W08589,P0273,C0106,45,47,TV,2024-01-25 23:55:00
W08590,P0148,C0241,138,34,TV,2024-01-07 00:35:00
W08591,P0206,C0305,20,95,TV,2024-01-10 03:42:00
W08592,P0114,C0120,28,11,Mobile,2024-01-18 04:00:00
W08593,P0006,C0200,64,98,TV,2024-05-13 06:30:00
W08594,P0278,C0265,125,33,Tablet,2024-04-11 11:20:00
W08595,P0232,C0145,78,76,Laptop,2024-01-25 15:48:00
W08596,P0137,C0327,143,99,Laptop,2024-02-02 22:46:00
W08597,P0160,C0152,7,80,Laptop,2024-03-13 00:05:00
W08598,P0344,C0246,124,70,TV,2024-05-16 15:11:00
W08599,P0289,C0381,23,18,Mobile,2024-04-02 14:35:00
W08600,P0205,C0223,44,54,TV,2024-01-26 00:37:00
W08601,P0483,C0307,57,25,Laptop,2024-05-21 16:52:00
W08602,P0326,C0397,71,23,Tablet,2024-04-12 00:41:00
W08603,P0305,C0202,90,35,TV,2024-05-26 01:05:00
W08604,P0360,C0374,93,55,Laptop,2024-02-11 17:41:00
W08605,P0158,C0229,135,67,Tablet,2024-05-20 11:03:00
W08606,P0358,C0267,90,83,Mobile,2024-04-05 05:25:00
W08607,P0400,C0302,112,39,Tablet,2024-02-07 18:40:00
W08608,P0449,C0202,125,95,Mobile,2024-04-17 10:30:00
W08609,P0106,C0171,88,65,Tablet,2024-03-14 18:00:00
W08610,P0082,C0108,50,41,Mobile,2024-04-19 05:34:00
W08611,P0342,C0262,9,87,Mobile,2024-02-05 12:46:00
W08612,P0474,C0173,111,32,Mobile,2024-05-08 04:18:00
W08613,P0270,C0127,127,26,TV,2024-01-14 00:33:00
W08614,P0440,C0269,77,33,Tablet,2024-03-10 13:56:00
W08615,P0421,C0363,85,56,Mobile,2024-04-13 12:18:00
W08616,P0049,C0388,61,20,Tablet,2024-02-17 14:06:00
W08617,P0206,C0173,37,50,TV,2024-04-26 20:30:00
W08618,P0218,C0309,101,24,Laptop,2024-05-23 10:49:00
W08619,P0306,C0199,40,95,Laptop,2024-05-26 16:36:00
W08620,P0164,C0131,97,100,Mobile,2024-03-07 03:52:00
W08621,P0436,C0133,26,61,TV,2024-01-28 07:59:00
W08622,P0279,C0313,86,43,Tablet,2024-04-30 16:15:00
W08623,P0322,C0245,21,69,Mobile,2024-01-09 11:54:00
W08624,P0231,C0199,48,66,Laptop,2024-05-13 06:18:00
W08625,P0199,C0280,26,42,TV,2024-02-18 06:20:00
W08626,P0487,C0235,133,30,Laptop,2024-03-16 05:59:00
W08627,P0429,C0290,34,33,TV,2024-05-28 00:32:00
W08628,P0371,C0130,73,29,Laptop,2024-02-22 03:21:00
W08629,P0214,C0182,93,77,Mobile,2024-01-18 19:58:00
W08630,P0284,C0157,15,69,Mobile,2024-01-13 15:22:00
W08631,P0486,C0274,55,55,Mobile,2024-03-14 01:35:00
W08632,P0276,C0308,67,42,Laptop,2024-04-14 02:52:00
W08633,P0433,C0283,90,40,Tablet,2024-05-10 23:49:00
W08634,P0185,C0335,127,43,Laptop,2024-03-07 04:48:00
W08635,P0210,C0207,38,31,Laptop,2024-01-02 02:53:00
W08636,P0121,C0286,125,39,Tablet,2024-03-14 20:54:00
W08637,P0216,C0366,82,14,Mobile,2024-05-14 02:22:00
W08638,P0097,C0232,127,50,Laptop,2024-01-26 15:06:00
W08639,P0443,C0271,24,54,Laptop,2024-05-07 00:26:00
W08640,P0119,C0398,21,96,Mobile,2024-05-14 03:21:00
W08641,P0365,C0124,38,70,Laptop,2024-01-21 11:09:00
W08642,P0282,C0361,103,22,Tablet,2024-04-03 17:11:00
W08643,P0403,C0296,120,18,TV,2024-03-23 04:18:00
W08644,P0496,C0199,118,87,Laptop,2024-02-24 15:10:00
W08645,P0106,C0201,101,90,Tablet,2024-02-05 17:09:00
W08646,P0397,C0220,130,44,Mobile,2024-04-30 09:13:00
W08647,P0458,C0303,124,27,TV,2024-02-19 01:51:00
W08648,P0318,C0190,70,21,Mobile,2024-05-25 03:49:00
W08649,P0382,C0295,76,50,Mobile,2024-02-19 07:40:00
W08650,P0142,C0277,97,25,Mobile,2024-02-08 03:45:00
W08651,P0457,C0215,55,22,TV,2024-02-28 18:19:00
W08652,P0395,C0132,128,27,Tablet,2024-05-11 15:31:00
W08653,P0323,C0315,99,85,Tablet,2024-02-17 15:09:00
W08654,P0488,C0379,34,60,Tablet,2024-03-21 22:08:00
W08655,P0268,C0343,103,42,Tablet,2024-03-07 03:49:00
W08656,P0291,C0386,115,79,TV,2024-03-17 04:36:00
W08657,P0487,C0170,117,91,Mobile,2024-04-14 12:00:00
W08658,P0366,C0171,42,76,Laptop,2024-01-16 02:23:00
W08659,P0167,C0211,21,63,TV,2024-01-28 11:30:00
W08660,P0160,C0258,78,15,Mobile,2024-03-20 00:56:00
W08661,P0231,C0137,133,45,Laptop,2024-04-19 05:07:00
W08662,P0014,C0135,22,64,Mobile,2024-03-24 09:19:00
W08663,P0492,C0159,129,59,Tablet,2024-05-06 23:17:00
W08664,P0193,C0307,54,95,TV,2024-04-02 18:10:00
W08665,P0155,C0166,124,80,TV,2024-03-14 03:13:00
W08666,P0101,C0362,100,75,Laptop,2024-01-10 02:47:00
W08667,P0060,C0370,58,24,TV,2024-05-24 03:05:00
W08668,P0043,C0333,35,31,Mobile,2024-04-27 14:24:00
W08669,P0193,C0257,101,58,Mobile,2024-01-06 16:46:00
W08670,P0311,C0206,50,47,Laptop,2024-01-18 07:36:00
W08671,P0109,C0254,39,17,Laptop,2024-03-12 05:44:00
W08672,P0093,C0118,53,17,Laptop,2024-02-11 17:00:00
W08673,P0216,C0360,85,93,Laptop,2024-01-04 13:07:00
W08674,P0465,C0219,33,46,Tablet,2024-01-28 15:35:00
W08675,P0163,C0202,138,81,Mobile,2024-04-13 04:06:00
W08676,P0351,C0125,5,87,Mobile,2024-02-13 17:26:00
W08677,P0234,C0280,31,93,Mobile,2024-02-16 02:23:00
W08678,P0416,C0262,144,34,Mobile,2024-04-04 20:16:00
W08679,P0403,C0315,8,91,Tablet,2024-01-16 06:14:00
W08680,P0351,C0224,84,63,Laptop,2024-04-26 21:29:00
W08681,P0167,C0392,132,30,TV,2024-05-01 09:15:00
W08682,P0148,C0256,15,68,Mobile,2024-04-04 01:13:00
W08683,P0028,C0293,56,40,TV,2024-04-22 03:45:00
W08684,P0259,C0153,88,15,Tablet,2024-02-20 05:07:00
W08685,P0416,C0270,76,51,Tablet,2024-04-01 07:55:00
W08686,P0086,C0198,108,61,Laptop,2024-02-28 08:44:00
W08687,P0108,C0247,94,56,Tablet,2024-01-12 09:21:00
W08688,P0442,C0400,101,93,Laptop,2024-02-26 21:12:00
W08689,P0438,C0130,129,37,TV,2024-04-28 09:28:00
W08690,P0426,C0174,75,45,Tablet,2024-01-08 01:45:00
W08691,P0117,C0272,58,49,Laptop,2024-05-16 11:39:00
W08692,P0364,C0184,50,99,TV,2024-04-29 13:50:00
W08693,P0015,C0173,132,22,Mobile,2024-03-12 12:34:00
W08694,P0486,C0332,38,58,Laptop,2024-05-10 07:36:00
W08695,P0211,C0390,126,13,Laptop,2024-01-13 15:04:00
W08696,P0318,C0227,91,73,TV,2024-02-21 16:43:00
W08697,P0031,C0185,139,89,TV,2024-03-02 19:02:00
W08698,P0445,C0354,94,32,TV,2024-04-18 21:27:00
W08699,P0282,C0252,56,67,TV,2024-04-04 14:52:00
W08700,P0453,C0107,53,96,TV,2024-02-22 00:56:00
W08701,P0185,C0236,123,24,Laptop,2024-05-26 18:10:00
W08702,P0404,C0284,85,98,TV,2024-02-15 10:05:00
W08703,P0066,C0327,99,88,Mobile,2024-05-17 06:08:00
W08704,P0405,C0344,93,55,TV,2024-04-02 03:51:00
W08705,P0371,C0364,41,48,Tablet,2024-05-25 15:07:00
W08706,P0316,C0351,147,56,Laptop,2024-02-18 17:26:00
W08707,P0063,C0270,6,46,Mobile,2024-03-02 21:30:00
W08708,P0435,C0154,143,50,Laptop,2024-03-13 01:57:00
W08709,P0228,C0232,100,54,Tablet,2024-03-28 17:58:00
W08710,P0476,C0194,21,39,TV,2024-01-09 04:27:00
W08711,P0468,C0146,124,80,Laptop,2024-05-18 01:52:00
W08712,P0101,C0199,36,77,Laptop,2024-01-08 11:53:00
W08713,P0423,C0334,23,16,TV,2024-02-05 14:52:00
W08714,P0356,C0369,8,56,Laptop,2024-02-19 01:46:00
W08715,P0139,C0137,29,56,Laptop,2024-01-09 12:24:00
W08716,P0119,C0175,25,91,Laptop,2024-03-07 05:08:00
W08717,P0057,C0158,97,88,Tablet,2024-03-22 10:21:00
W08718,P0131,C0119,93,69,Tablet,2024-05-24 12:19:00
W08719,P0037,C0288,117,14,Tablet,2024-02-22 06:51:00
W08720,P0468,C0239,102,57,Mobile,2024-04-23 09:34:00
W08721,P0480,C0243,146,96,Laptop,2024-05-22 21:38:00
W08722,P0111,C0208,52,83,TV,2024-05-03 01:25:00
W08723,P0153,C0321,55,98,TV,2024-03-10 00:46:00
W08724,P0405,C0245,15,31,Laptop,2024-04-17 15:43:00
W08725,P0250,C0105,18,32,TV,2024-01-20 19:13:00
W08726,P0242,C0156,11,54,Mobile,2024-02-05 06:28:00
W08727,P0208,C0355,44,88,TV,2024-03-04 21:26:00
W08728,P0368,C0322,85,61,Tablet,2024-04-29 21:41:00
W08729,P0170,C0148,127,80,Tablet,2024-02-15 19:51:00
W08730,P0257,C0263,90,55,Tablet,2024-04-19 00:45:00
W08731,P0279,C0336,48,47,Tablet,2024-01-28 01:26:00
W08732,P0363,C0348,9,49,TV,2024-02-04 23:28:00
W08733,P0113,C0200,108,24,Laptop,2024-01-09 17:25:00
W08734,P0408,C0121,32,78,Mobile,2024-03-10 20:06:00
W08735,P0175,C0202,125,21,Mobile,2024-05-20 23:46:00
W08736,P0089,C0105,100,86,TV,2024-03-05 15:55:00
W08737,P0135,C0297,53,76,TV,2024-05-19 09:14:00
W08738,P0294,C0249,61,66,Tablet,2024-01-17 13:16:00
W08739,P0495,C0311,89,28,Laptop,2024-05-14 00:43:00
W08740,P0303,C0260,105,99,Tablet,2024-05-12 08:01:00
W08741,P0359,C0246,42,39,Laptop,2024-01-07 19:57:00
W08742,P0419,C0158,134,88,Tablet,2024-02-23 03:39:00
W08743,P0206,C0340,135,27,Mobile,2024-02-15 23:37:00
W08744,P0318,C0179,78,72,Laptop,2024-01-04 20:18:00
W08745,P0073,C0252,39,16,Mobile,2024-03-31 18:04:00
W08746,P0259,C0105,129,69,Tablet,2024-04-20 09:08:00
W08747,P0358,C0281,89,87,Mobile,2024-01-03 17:16:00
W08748,P0148,C0301,62,97,TV,2024-03-28 05:31:00
W08749,P0489,C0233,38,72,Mobile,2024-01-08 01:22:00
W08750,P0225,C0222,29,66,Mobile,2024-01-09 15:23:00
W08751,P0105,C0269,36,97,Tablet,2024-03-18 23:23:00
W08752,P0044,C0198,114,84,Mobile,2024-05-25 07:33:00
W08753,P0416,C0382,105,48,Mobile,2024-03-29 05:32:00
W08754,P0356,C0368,131,52,TV,2024-02-23 12:06:00
W08755,P0026,C0119,93,65,Laptop,2024-04-06 05:53:00
W08756,P0304,C0232,113,19,Laptop,2024-02-25 18:43:00
W08757,P0261,C0196,104,29,Mobile,2024-05-24 17:13:00
W08758,P0059,C0310,25,73,Laptop,2024-02-13 23:29:00
W08759,P0061,C0105,25,48,Laptop,2024-05-21 12:40:00
W08760,P0305,C0228,121,95,Mobile,2024-05-09 08:50:00
W08761,P0414,C0154,18,37,Tablet,2024-03-20 08:32:00
W08762,P0401,C0298,28,39,Mobile,2024-05-09 16:47:00
W08763,P0070,C0306,24,67,Laptop,2024-01-27 21:13:00
W08764,P0442,C0280,69,79,TV,2024-05-17 21:38:00
W08765,P0447,C0341,56,71,Laptop,2024-05-20 21:19:00
W08766,P0445,C0374,105,10,Tablet,2024-04-23 07:35:00
W08767,P0447,C0238,108,77,Mobile,2024-04-04 02:52:00
W08768,P0271,C0123,99,34,Laptop,2024-05-28 07:18:00
W08769,P0257,C0220,96,48,Laptop,2024-02-26 08:17:00
W08770,P0397,C0215,14,20,TV,2024-04-11 02:48:00
W08771,P0432,C0182,74,68,Tablet,2024-03-10 09:20:00
W08772,P0384,C0296,19,46,Laptop,2024-03-31 07:34:00
W08773,P0418,C0280,14,85,Laptop,2024-02-26 15:45:00
W08774,P0125,C0275,23,38,Mobile,2024-04-21 19:31:00
W08775,P0414,C0298,72,91,Tablet,2024-01-13 11:54:00
W08776,P0019,C0126,26,18,TV,2024-05-01 14:36:00
W08777,P0119,C0199,67,55,Laptop,2024-05-26 22:51:00
W08778,P0320,C0333,42,85,Tablet,2024-04-11 17:59:00
W08779,P0066,C0291,19,18,Tablet,2024-02-14 22:19:00
W08780,P0245,C0166,74,74,Tablet,2024-02-23 00:36:00
W08781,P0057,C0346,118,80,Tablet,2024-02-06 16:52:00
W08782,P0044,C0204,48,51,Laptop,2024-01-14 14:22:00
W08783,P0012,C0291,108,43,Tablet,2024-04-11 13:29:00
W08784,P0378,C0241,28,37,Mobile,2024-01-01 00:22:00
W08785,P0424,C0279,90,99,Mobile,2024-01-28 08:15:00
W08786,P0236,C0361,98,70,TV,2024-05-11 07:04:00
W08787,P0024,C0275,136,49,TV,2024-01-18 10:26:00
W08788,P0395,C0264,10,63,Tablet,2024-02-08 20:33:00
W08789,P0450,C0119,42,68,TV,2024-01-06 03:30:00
W08790,P0257,C0120,30,87,Tablet,2024-02-22 16:11:00
W08791,P0442,C0387,6,54,Mobile,2024-01-25 02:12:00
W08792,P0284,C0339,72,89,Mobile,2024-01-08 01:50:00
W08793,P0324,C0144,73,48,Mobile,2024-02-12 14:09:00
W08794,P0361,C0296,51,51,Mobile,2024-05-02 15:00:00
W08795,P0251,C0295,103,20,TV,2024-01-04 14:20:00
W08796,P0094,C0149,68,84,TV,2024-05-08 14:21:00
W08797,P0380,C0159,84,47,Tablet,2024-02-25 19:56:00
W08798,P0443,C0232,144,66,TV,2024-01-03 13:09:00
W08799,P0455,C0267,77,21,Mobile,2024-02-25 23:52:00
W08800,P0380,C0235,143,51,Mobile,2024-04-25 01:23:00
W08801,P0022,C0189,12,72,Tablet,2024-01-30 01:19:00
W08802,P0474,C0371,64,18,Mobile,2024-03-06 20:32:00
W08803,P0157,C0363,136,31,Mobile,2024-01-10 20:22:00
W08804,P0089,C0216,96,47,Tablet,2024-02-28 03:53:00
W08805,P0202,C0296,122,82,Tablet,2024-02-20 04:03:00
W08806,P0468,C0208,130,66,Laptop,2024-05-02 23:36:00
W08807,P0462,C0147,123,76,TV,2024-02-23 14:08:00
W08808,P0481,C0341,87,39,TV,2024-05-16 00:08:00
W08809,P0197,C0330,89,35,Tablet,2024-04-10 13:26:00
W08810,P0045,C0345,108,81,Laptop,2024-05-15 19:36:00
W08811,P0454,C0350,118,63,TV,2024-04-19 13:53:00
W08812,P0470,C0177,19,41,Mobile,2024-01-10 23:16:00
W08813,P0380,C0162,55,31,Tablet,2024-03-23 15:54:00
W08814,P0401,C0159,54,17,Tablet,2024-05-18 22:29:00
W08815,P0079,C0338,115,75,TV,2024-02-08 02:55:00
W08816,P0039,C0289,59,23,Mobile,2024-01-13 22:18:00
W08817,P0424,C0156,16,14,Mobile,2024-03-07 15:51:00
W08818,P0284,C0178,137,22,Tablet,2024-02-10 20:07:00
W08819,P0386,C0322,83,96,Tablet,2024-02-04 08:24:00
W08820,P0466,C0147,94,86,Mobile,2024-03-21 16:02:00
W08821,P0155,C0238,13,92,Tablet,2024-02-03 18:19:00
W08822,P0149,C0124,108,33,Laptop,2024-03-10 08:42:00
W08823,P0343,C0129,108,44,TV,2024-04-21 21:46:00
W08824,P0391,C0235,145,87,Mobile,2024-02-17 04:33:00
W08825,P0445,C0381,48,77,TV,2024-01-27 00:53:00
W08826,P0052,C0392,101,35,Laptop,2024-02-24 14:47:00
W08827,P0251,C0289,102,83,Tablet,2024-01-21 14:42:00
W08828,P0432,C0171,123,47,TV,2024-04-29 20:48:00
W08829,P0382,C0306,72,43,TV,2024-02-27 21:18:00
W08830,P0147,C0342,57,43,Tablet,2024-02-23 19:29:00
W08831,P0329,C0284,113,28,TV,2024-01-03 23:28:00
W08832,P0396,C0228,5,12,TV,2024-01-06 08:50:00
W08833,P0494,C0330,15,45,Laptop,2024-03-26 23:14:00
W08834,P0350,C0141,141,13,TV,2024-05-02 20:20:00
W08835,P0455,C0381,42,35,Tablet,2024-03-13 13:34:00
W08836,P0258,C0262,145,84,Tablet,2024-03-25 21:47:00
W08837,P0273,C0258,137,12,Tablet,2024-02-15 19:15:00
W08838,P0459,C0121,29,58,Mobile,2024-04-29 19:19:00
W08839,P0498,C0110,130,18,Laptop,2024-04-25 09:32:00
W08840,P0125,C0187,14,55,TV,2024-01-17 00:33:00
W08841,P0204,C0133,137,75,TV,2024-01-20 20:31:00
W08842,P0256,C0303,26,23,Tablet,2024-02-12 18:37:00
W08843,P0131,C0104,46,12,Tablet,2024-04-24 06:48:00
W08844,P0021,C0123,105,11,Tablet,2024-05-06 10:16:00
W08845,P0078,C0297,32,95,Tablet,2024-03-11 01:23:00
W08846,P0335,C0374,25,42,Mobile,2024-01-03 21:02:00
W08847,P0051,C0373,143,19,Laptop,2024-02-15 20:55:00
W08848,P0362,C0207,73,62,Laptop,2024-01-26 06:33:00
W08849,P0361,C0300,41,53,Mobile,2024-01-08 22:14:00
W08850,P0266,C0315,121,47,TV,2024-03-31 10:25:00
W08851,P0116,C0102,37,30,TV,2024-03-19 22:45:00
W08852,P0055,C0221,49,44,Laptop,2024-02-14 09:21:00
W08853,P0292,C0203,140,76,Laptop,2024-03-04 18:38:00
W08854,P0051,C0249,120,92,TV,2024-01-02 15:40:00
W08855,P0330,C0252,138,31,Mobile,2024-04-04 01:01:00
W08856,P0273,C0153,147,29,Mobile,2024-05-21 12:13:00
W08857,P0254,C0266,147,92,TV,2024-04-09 18:54:00
W08858,P0492,C0267,141,77,Mobile,2024-04-13 13:01:00
W08859,P0473,C0395,65,17,Tablet,2024-01-27 09:56:00
W08860,P0061,C0171,60,60,Laptop,2024-01-09 04:35:00
W08861,P0347,C0228,137,35,TV,2024-03-19 20:39:00
W08862,P0481,C0133,130,60,Tablet,2024-02-26 10:55:00
W08863,P0459,C0257,130,74,Tablet,2024-04-09 14:02:00
W08864,P0397,C0366,127,35,Mobile,2024-05-15 09:38:00
W08865,P0449,C0304,39,56,Mobile,2024-01-19 06:59:00
W08866,P0351,C0295,14,52,Laptop,2024-01-11 10:37:00
W08867,P0225,C0209,95,18,Laptop,2024-03-20 20:06:00
W08868,P0469,C0259,25,44,TV,2024-02-23 00:16:00
W08869,P0336,C0383,144,91,Laptop,2024-01-24 05:39:00
W08870,P0103,C0127,13,28,Tablet,2024-01-07 17:14:00
W08871,P0471,C0327,148,57,Laptop,2024-01-12 02:12:00
W08872,P0458,C0352,124,89,Tablet,2024-05-12 10:39:00
W08873,P0048,C0365,131,37,Tablet,2024-05-27 13:42:00
W08874,P0225,C0362,27,12,TV,2024-03-19 05:45:00
W08875,P0342,C0234,43,27,Mobile,2024-04-06 21:12:00
W08876,P0233,C0126,132,22,Laptop,2024-05-06 17:27:00
W08877,P0070,C0143,26,36,TV,2024-05-10 05:55:00
W08878,P0047,C0119,59,49,Laptop,2024-03-11 02:29:00
W08879,P0228,C0116,78,48,Tablet,2024-01-14 22:07:00
W08880,P0495,C0205,51,67,Laptop,2024-01-29 00:49:00
W08881,P0010,C0379,31,66,Mobile,2024-05-17 07:34:00
W08882,P0185,C0303,132,33,Laptop,2024-01-27 05:34:00
W08883,P0080,C0308,52,31,Laptop,2024-04-05 11:07:00
W08884,P0013,C0266,19,60,Tablet,2024-05-16 05:26:00
W08885,P0499,C0159,85,99,Laptop,2024-03-20 11:05:00
W08886,P0445,C0148,122,93,Mobile,2024-03-21 01:26:00
W08887,P0314,C0248,49,97,Laptop,2024-01-08 04:17:00
W08888,P0340,C0377,23,85,Tablet,2024-05-02 18:39:00
W08889,P0324,C0278,59,91,TV,2024-04-02 08:34:00
W08890,P0084,C0389,90,85,Tablet,2024-05-15 23:14:00
W08891,P0086,C0214,109,47,Tablet,2024-02-18 23:00:00
W08892,P0157,C0396,82,70,Tablet,2024-05-27 21:48:00
W08893,P0144,C0318,130,58,TV,2024-05-24 04:21:00
W08894,P0491,C0366,64,32,Mobile,2024-03-02 08:10:00
W08895,P0063,C0262,80,13,Tablet,2024-01-31 11:41:00
W08896,P0431,C0136,95,85,Tablet,2024-04-28 21:31:00
W08897,P0043,C0175,120,90,Mobile,2024-01-12 20:14:00
W08898,P0407,C0235,28,94,Mobile,2024-05-23 01:30:00
W08899,P0158,C0372,130,46,Laptop,2024-03-28 05:00:00
W08900,P0185,C0279,118,15,Mobile,2024-04-20 01:19:00
W08901,P0286,C0259,104,37,TV,2024-03-08 10:51:00
W08902,P0491,C0343,76,17,Tablet,2024-01-18 17:57:00
W08903,P0323,C0304,118,29,Tablet,2024-04-21 12:25:00
W08904,P0440,C0383,97,25,TV,2024-03-18 06:57:00
W08905,P0024,C0378,76,22,Laptop,2024-03-28 09:58:00
W08906,P0497,C0243,96,88,Tablet,2024-01-05 19:06:00
W08907,P0357,C0108,101,71,Tablet,2024-02-23 03:35:00
W08908,P0205,C0216,15,86,Laptop,2024-02-08 16:05:00
W08909,P0362,C0372,46,75,Laptop,2024-04-18 20:51:00
W08910,P0224,C0276,130,62,Laptop,2024-05-11 22:33:00
W08911,P0101,C0314,26,93,TV,2024-03-05 11:19:00
W08912,P0204,C0315,134,37,TV,2024-02-06 10:22:00
W08913,P0008,C0157,148,27,Mobile,2024-05-04 01:26:00
W08914,P0472,C0329,143,16,Laptop,2024-02-16 06:50:00
W08915,P0172,C0400,100,30,TV,2024-05-27 16:52:00
W08916,P0208,C0137,73,50,TV,2024-01-13 07:26:00
W08917,P0096,C0384,104,48,Mobile,2024-02-13 06:47:00
W08918,P0162,C0324,66,82,TV,2024-05-04 06:14:00
W08919,P0291,C0301,23,19,Tablet,2024-05-10 10:37:00
W08920,P0096,C0200,64,40,TV,2024-05-17 16:00:00
W08921,P0306,C0382,99,51,Laptop,2024-02-18 03:05:00
W08922,P0145,C0175,105,86,Mobile,2024-03-18 23:29:00
W08923,P0258,C0312,85,78,Laptop,2024-04-12 23:19:00
W08924,P0474,C0291,22,68,Laptop,2024-01-31 04:09:00
W08925,P0438,C0163,89,47,Mobile,2024-02-06 20:24:00
W08926,P0300,C0212,133,52,Tablet,2024-01-24 04:59:00
W08927,P0465,C0243,146,11,Mobile,2024-03-23 13:28:00
W08928,P0102,C0199,63,15,Tablet,2024-02-11 23:07:00
W08929,P0177,C0365,114,86,Tablet,2024-02-09 22:43:00
W08930,P0386,C0325,123,38,Laptop,2024-01-04 01:47:00
W08931,P0328,C0175,124,87,Laptop,2024-02-29 18:57:00
W08932,P0110,C0378,80,39,Laptop,2024-01-05 20:47:00
W08933,P0198,C0298,147,98,Laptop,2024-01-06 21:14:00
W08934,P0393,C0284,24,49,Mobile,2024-01-14 11:49:00
W08935,P0129,C0393,38,46,TV,2024-05-05 20:29:00
W08936,P0453,C0157,62,16,Mobile,2024-05-19 18:05:00
W08937,P0359,C0349,64,59,TV,2024-01-27 00:53:00
W08938,P0137,C0214,112,27,Mobile,2024-03-30 02:15:00
W08939,P0398,C0240,145,17,Laptop,2024-03-14 19:27:00
W08940,P0027,C0141,97,80,TV,2024-01-26 02:15:00
W08941,P0137,C0253,71,64,Mobile,2024-02-14 14:11:00
W08942,P0164,C0332,93,57,Mobile,2024-05-26 23:44:00
W08943,P0349,C0205,44,83,Tablet,2024-04-12 14:51:00
W08944,P0468,C0206,51,67,Mobile,2024-05-02 11:08:00
W08945,P0463,C0400,92,25,Laptop,2024-01-14 17:20:00
W08946,P0356,C0230,143,34,Mobile,2024-01-13 14:20:00
W08947,P0131,C0261,24,38,Mobile,2024-03-03 21:01:00
W08948,P0373,C0357,60,17,Laptop,2024-02-02 04:44:00
W08949,P0151,C0329,104,93,TV,2024-02-06 01:42:00
W08950,P0378,C0282,117,64,TV,2024-01-24 03:58:00
W08951,P0246,C0114,92,61,Laptop,2024-05-12 19:08:00
W08952,P0110,C0200,108,100,TV,2024-02-22 14:41:00
W08953,P0073,C0325,29,86,Tablet,2024-04-04 03:07:00
W08954,P0286,C0331,37,35,Mobile,2024-04-29 21:19:00
W08955,P0275,C0153,107,34,Mobile,2024-03-13 16:26:00
W08956,P0358,C0106,83,82,TV,2024-04-15 13:13:00
W08957,P0067,C0190,133,35,TV,2024-01-18 11:15:00
W08958,P0050,C0164,20,85,TV,2024-05-15 21:16:00
W08959,P0304,C0188,89,99,Laptop,2024-04-02 19:59:00
W08960,P0003,C0133,63,56,Tablet,2024-03-11 16:27:00
W08961,P0226,C0172,129,95,Tablet,2024-02-02 17:53:00
W08962,P0066,C0144,135,10,TV,2024-01-04 14:11:00
W08963,P0155,C0353,147,73,Laptop,2024-04-26 20:46:00
W08964,P0471,C0207,36,21,TV,2024-04-11 21:25:00
W08965,P0362,C0390,115,33,Laptop,2024-01-23 15:02:00
W08966,P0480,C0102,104,39,Laptop,2024-04-29 18:04:00
W08967,P0111,C0236,107,23,Mobile,2024-04-09 10:45:00
W08968,P0483,C0217,120,32,TV,2024-01-24 21:56:00
W08969,P0296,C0221,122,11,Mobile,2024-02-14 11:30:00
W08970,P0381,C0388,123,12,Mobile,2024-04-09 14:29:00
W08971,P0256,C0194,140,15,Tablet,2024-03-03 00:28:00
W08972,P0274,C0107,11,92,Laptop,2024-04-10 06:04:00
W08973,P0155,C0188,136,30,Laptop,2024-04-05 06:48:00
W08974,P0139,C0282,14,29,Laptop,2024-01-10 21:54:00
W08975,P0167,C0291,64,30,Laptop,2024-02-24 19:36:00
W08976,P0019,C0308,29,49,Mobile,2024-04-05 17:15:00
W08977,P0345,C0391,46,77,Laptop,2024-01-04 23:05:00
W08978,P0391,C0378,51,34,Tablet,2024-03-30 10:56:00
W08979,P0223,C0152,100,80,Tablet,2024-03-05 18:25:00
W08980,P0057,C0367,118,80,Mobile,2024-04-14 22:43:00
W08981,P0386,C0344,36,42,Mobile,2024-04-14 03:45:00
W08982,P0294,C0282,78,60,TV,2024-04-24 00:27:00
W08983,P0133,C0311,20,99,TV,2024-01-16 21:40:00
W08984,P0462,C0298,148,90,Laptop,2024-03-17 08:02:00
W08985,P0338,C0370,98,81,Mobile,2024-02-11 09:25:00
W08986,P0292,C0133,9,99,Mobile,2024-02-01 01:53:00
W08987,P0452,C0202,11,88,Tablet,2024-02-07 07:33:00
W08988,P0344,C0382,12,29,Tablet,2024-04-23 12:21:00
W08989,P0205,C0337,37,28,Tablet,2024-04-19 04:04:00
W08990,P0119,C0316,66,80,Mobile,2024-04-12 22:36:00
W08991,P0253,C0227,120,65,TV,2024-05-19 13:40:00
W08992,P0085,C0194,133,65,Mobile,2024-04-30 21:22:00
W08993,P0185,C0174,95,10,Mobile,2024-02-23 01:07:00
W08994,P0225,C0228,59,48,Mobile,2024-04-23 03:39:00
W08995,P0148,C0174,82,46,TV,2024-05-09 22:01:00
W08996,P0389,C0356,10,27,Tablet,2024-04-03 21:16:00
W08997,P0280,C0202,56,81,Laptop,2024-05-28 08:11:00
W08998,P0227,C0147,6,88,Laptop,2024-04-10 03:34:00
W08999,P0286,C0265,43,15,Laptop,2024-05-03 12:31:00
W09000,P0284,C0356,125,31,TV,2024-02-28 20:37:00
W09001,P0181,C0383,36,20,TV,2024-04-07 08:47:00
W09002,P0435,C0348,120,99,Laptop,2024-05-27 11:05:00
W09003,P0109,C0304,96,81,Laptop,2024-01-16 11:49:00
W09004,P0135,C0186,36,18,TV,2024-04-17 08:54:00
W09005,P0426,C0264,97,22,Laptop,2024-02-11 05:27:00
W09006,P0291,C0157,135,12,Mobile,2024-05-13 19:48:00
W09007,P0375,C0306,66,76,Tablet,2024-04-25 02:29:00
W09008,P0478,C0248,17,16,TV,2024-01-06 17:35:00
W09009,P0290,C0379,74,76,Tablet,2024-05-24 13:25:00
W09010,P0103,C0390,25,84,Laptop,2024-05-24 04:52:00
W09011,P0201,C0121,18,55,Laptop,2024-03-01 06:55:00
W09012,P0117,C0237,93,67,TV,2024-05-06 09:57:00
W09013,P0332,C0110,75,37,TV,2024-01-07 15:17:00
W09014,P0310,C0145,111,40,Mobile,2024-03-25 12:53:00
W09015,P0029,C0349,132,61,TV,2024-05-21 23:36:00
W09016,P0394,C0130,36,18,Tablet,2024-02-16 22:44:00
W09017,P0027,C0325,36,100,TV,2024-04-03 07:05:00
W09018,P0467,C0277,85,85,Mobile,2024-01-23 08:34:00
W09019,P0013,C0196,106,17,Tablet,2024-05-08 21:12:00
W09020,P0042,C0117,89,95,Laptop,2024-03-11 02:10:00
W09021,P0421,C0128,47,27,TV,2024-03-07 13:42:00
W09022,P0445,C0226,135,58,Laptop,2024-05-11 09:02:00
W09023,P0224,C0373,49,20,Mobile,2024-03-06 11:57:00
W09024,P0463,C0287,50,11,TV,2024-04-10 00:30:00
W09025,P0021,C0242,119,38,Mobile,2024-04-26 03:10:00
W09026,P0387,C0238,108,64,Laptop,2024-03-06 06:54:00
W09027,P0136,C0329,17,62,Tablet,2024-02-16 12:26:00
W09028,P0326,C0314,56,35,Mobile,2024-01-22 17:49:00
W09029,P0221,C0374,13,60,TV,2024-03-29 06:14:00
W09030,P0467,C0391,73,87,TV,2024-02-15 21:20:00
W09031,P0145,C0158,47,15,Laptop,2024-04-05 18:48:00
W09032,P0010,C0118,11,21,Laptop,2024-03-21 22:04:00
W09033,P0225,C0280,48,43,Laptop,2024-03-17 20:53:00
W09034,P0141,C0258,106,79,Laptop,2024-03-06 00:31:00
W09035,P0475,C0356,72,73,TV,2024-04-05 00:57:00
W09036,P0106,C0137,126,46,TV,2024-04-13 05:11:00
W09037,P0268,C0396,81,46,TV,2024-05-13 18:10:00
W09038,P0194,C0362,48,17,Mobile,2024-04-27 03:54:00
W09039,P0458,C0179,44,46,Tablet,2024-05-10 18:55:00
W09040,P0128,C0254,66,55,Tablet,2024-05-12 23:51:00
W09041,P0213,C0258,53,40,Tablet,2024-02-23 13:21:00
W09042,P0151,C0175,81,20,Mobile,2024-02-08 01:51:00
W09043,P0449,C0155,45,45,Laptop,2024-03-28 07:55:00
W09044,P0481,C0306,27,77,Laptop,2024-02-17 22:08:00
W09045,P0384,C0315,47,26,Laptop,2024-02-03 03:27:00
W09046,P0180,C0109,109,25,TV,2024-04-09 09:41:00
W09047,P0317,C0206,117,39,Mobile,2024-04-23 03:39:00
W09048,P0026,C0345,114,48,Tablet,2024-02-03 13:38:00
W09049,P0015,C0203,142,53,Laptop,2024-04-14 05:48:00
W09050,P0022,C0375,109,78,Tablet,2024-05-21 18:12:00
W09051,P0345,C0133,64,46,Laptop,2024-03-29 14:30:00
W09052,P0065,C0208,133,35,Tablet,2024-05-15 08:42:00
W09053,P0251,C0369,144,92,TV,2024-05-27 15:50:00
W09054,P0410,C0173,97,30,Mobile,2024-02-05 15:09:00
W09055,P0021,C0281,79,28,Laptop,2024-02-07 20:31:00
W09056,P0233,C0368,149,20,Laptop,2024-01-01 23:03:00
W09057,P0408,C0252,62,28,Laptop,2024-03-05 17:04:00
W09058,P0487,C0168,42,78,Laptop,2024-05-04 13:47:00
W09059,P0016,C0297,10,11,Mobile,2024-01-25 14:18:00
W09060,P0416,C0395,142,34,Mobile,2024-05-17 17:53:00
W09061,P0272,C0132,30,99,Laptop,2024-05-19 00:31:00
W09062,P0205,C0208,62,39,Tablet,2024-02-02 11:51:00
W09063,P0298,C0179,21,26,TV,2024-01-26 18:04:00
W09064,P0160,C0359,57,94,Laptop,2024-02-10 19:13:00
W09065,P0434,C0275,9,93,TV,2024-04-08 22:57:00
W09066,P0041,C0115,71,27,Tablet,2024-01-31 11:33:00
W09067,P0108,C0151,111,89,Laptop,2024-04-24 02:26:00
W09068,P0125,C0207,71,85,Laptop,2024-02-17 12:49:00
W09069,P0152,C0310,135,49,TV,2024-05-18 19:55:00
W09070,P0013,C0302,141,15,Laptop,2024-04-10 11:38:00
W09071,P0203,C0377,143,97,Tablet,2024-05-07 22:18:00
W09072,P0079,C0318,117,52,Mobile,2024-04-29 13:25:00
W09073,P0394,C0141,145,79,TV,2024-04-16 13:29:00
W09074,P0042,C0359,140,26,Mobile,2024-05-16 23:39:00
W09075,P0169,C0303,26,51,TV,2024-01-10 20:10:00
W09076,P0249,C0199,42,28,Mobile,2024-05-12 00:32:00
W09077,P0121,C0249,31,64,Tablet,2024-03-09 09:51:00
W09078,P0387,C0205,30,38,Tablet,2024-04-10 21:48:00
W09079,P0439,C0303,27,63,Laptop,2024-05-25 12:12:00
W09080,P0272,C0195,124,80,Tablet,2024-05-13 02:39:00
W09081,P0300,C0277,107,92,Tablet,2024-05-03 17:50:00
W09082,P0209,C0165,69,17,Laptop,2024-01-11 12:11:00
W09083,P0473,C0141,78,17,TV,2024-03-23 23:08:00
W09084,P0158,C0324,51,78,Tablet,2024-01-27 19:31:00
W09085,P0495,C0167,65,52,Tablet,2024-05-10 19:27:00
W09086,P0121,C0355,136,59,Mobile,2024-04-12 13:31:00
W09087,P0227,C0398,8,94,Tablet,2024-04-02 16:14:00
W09088,P0421,C0169,33,13,Laptop,2024-01-30 01:58:00
W09089,P0444,C0271,77,45,Tablet,2024-01-29 16:52:00
W09090,P0461,C0201,83,14,Mobile,2024-01-30 14:31:00
W09091,P0024,C0240,48,96,Tablet,2024-04-19 13:19:00
W09092,P0230,C0306,7,28,Mobile,2024-05-17 07:54:00
W09093,P0026,C0173,83,51,Tablet,2024-02-20 23:35:00
W09094,P0058,C0160,125,24,TV,2024-02-05 20:57:00
W09095,P0265,C0256,143,67,Laptop,2024-02-24 15:30:00
W09096,P0126,C0224,138,23,Tablet,2024-02-05 12:31:00
W09097,P0445,C0114,51,57,TV,2024-02-25 18:32:00
W09098,P0275,C0364,11,81,TV,2024-03-02 12:36:00
W09099,P0028,C0127,119,82,Laptop,2024-03-27 23:52:00
W09100,P0391,C0345,114,84,Mobile,2024-03-04 11:39:00
W09101,P0301,C0150,72,91,TV,2024-02-26 18:56:00
W09102,P0470,C0287,5,72,Laptop,2024-03-10 12:18:00
W09103,P0128,C0157,81,64,Tablet,2024-01-20 03:52:00
W09104,P0094,C0359,47,41,Mobile,2024-02-23 04:16:00
W09105,P0191,C0255,22,45,Mobile,2024-03-30 06:47:00
W09106,P0421,C0134,91,94,Mobile,2024-01-13 06:05:00
W09107,P0272,C0126,77,100,TV,2024-03-31 05:50:00
W09108,P0484,C0350,111,94,TV,2024-02-12 19:42:00
W09109,P0005,C0186,10,84,Laptop,2024-03-14 16:23:00
W09110,P0157,C0260,148,66,Mobile,2024-01-14 22:58:00
W09111,P0052,C0300,133,53,Mobile,2024-04-18 15:29:00
W09112,P0243,C0206,26,43,Laptop,2024-05-24 23:48:00
W09113,P0151,C0375,50,60,Tablet,2024-04-05 09:29:00
W09114,P0262,C0389,55,78,Mobile,2024-05-15 05:51:00
W09115,P0420,C0358,132,19,Mobile,2024-02-07 09:35:00
W09116,P0441,C0320,99,21,Laptop,2024-01-09 10:32:00
W09117,P0417,C0115,42,50,Laptop,2024-02-01 08:42:00
W09118,P0305,C0121,48,12,TV,2024-04-14 10:58:00
W09119,P0425,C0159,95,74,Tablet,2024-03-22 01:21:00
W09120,P0080,C0182,46,49,TV,2024-01-12 00:03:00
W09121,P0183,C0218,64,74,TV,2024-02-12 17:54:00
W09122,P0354,C0213,130,86,Laptop,2024-01-05 19:17:00
W09123,P0107,C0395,61,88,TV,2024-03-27 23:05:00
W09124,P0154,C0376,81,80,Tablet,2024-02-25 20:40:00
W09125,P0293,C0357,100,39,Mobile,2024-04-19 18:11:00
W09126,P0205,C0365,11,97,TV,2024-04-05 19:26:00
W09127,P0116,C0335,55,81,TV,2024-03-30 12:58:00
W09128,P0017,C0151,115,76,TV,2024-02-27 12:09:00
W09129,P0480,C0266,36,88,Tablet,2024-05-07 04:36:00
W09130,P0288,C0331,11,52,Tablet,2024-03-12 19:12:00
W09131,P0156,C0321,80,62,Tablet,2024-04-11 11:37:00
W09132,P0477,C0371,147,87,Laptop,2024-01-13 20:43:00
W09133,P0025,C0184,63,100,Mobile,2024-01-06 12:30:00
W09134,P0431,C0330,117,39,Laptop,2024-04-21 03:47:00
W09135,P0278,C0397,89,50,Mobile,2024-01-17 00:11:00
W09136,P0475,C0322,144,53,TV,2024-03-26 11:31:00
W09137,P0317,C0254,81,46,Tablet,2024-05-01 01:09:00
W09138,P0126,C0154,43,15,Tablet,2024-04-17 03:20:00
W09139,P0300,C0219,67,92,Tablet,2024-02-21 10:28:00
W09140,P0358,C0298,134,46,TV,2024-01-03 21:27:00
W09141,P0276,C0373,33,10,Mobile,2024-05-17 05:02:00
W09142,P0365,C0298,65,98,Laptop,2024-03-04 09:14:00
W09143,P0178,C0228,33,19,Laptop,2024-05-04 21:33:00
W09144,P0344,C0192,42,35,TV,2024-03-31 12:24:00
W09145,P0431,C0109,11,96,Mobile,2024-05-11 17:05:00
W09146,P0047,C0327,34,26,Tablet,2024-04-24 08:00:00
W09147,P0200,C0146,119,73,Mobile,2024-01-01 05:30:00
W09148,P0051,C0234,8,36,Mobile,2024-03-05 15:41:00
W09149,P0439,C0116,9,84,Tablet,2024-05-04 12:47:00
W09150,P0462,C0315,50,77,Mobile,2024-05-14 13:53:00
W09151,P0295,C0212,79,27,TV,2024-05-22 05:27:00
W09152,P0270,C0257,134,92,Laptop,2024-04-25 06:16:00
W09153,P0197,C0396,109,59,TV,2024-02-16 01:29:00
W09154,P0431,C0298,58,99,Mobile,2024-02-09 17:00:00
W09155,P0021,C0158,112,74,Tablet,2024-02-11 17:38:00
W09156,P0143,C0178,63,29,Laptop,2024-02-10 02:03:00
W09157,P0248,C0342,37,71,TV,2024-02-26 13:25:00
W09158,P0356,C0199,26,84,Mobile,2024-04-05 06:31:00
W09159,P0353,C0106,51,68,Tablet,2024-03-03 22:46:00
W09160,P0465,C0379,138,34,TV,2024-05-11 19:59:00
W09161,P0468,C0312,28,92,Mobile,2024-02-21 08:08:00
W09162,P0001,C0373,121,74,Tablet,2024-03-27 00:04:00
W09163,P0464,C0184,130,74,TV,2024-04-29 20:32:00
W09164,P0365,C0212,55,76,Tablet,2024-01-24 22:45:00
W09165,P0338,C0298,122,67,TV,2024-05-24 12:17:00
W09166,P0394,C0128,45,49,TV,2024-01-26 21:15:00
W09167,P0407,C0241,71,56,Mobile,2024-01-03 17:05:00
W09168,P0274,C0273,93,52,Laptop,2024-04-01 17:05:00
W09169,P0241,C0120,96,17,Laptop,2024-05-29 00:03:00
W09170,P0058,C0217,125,71,Tablet,2024-02-07 07:47:00
W09171,P0126,C0154,85,43,Tablet,2024-03-10 03:20:00
W09172,P0329,C0327,134,17,Tablet,2024-02-21 21:15:00
W09173,P0366,C0209,95,34,Tablet,2024-01-31 15:21:00
W09174,P0478,C0331,104,35,Tablet,2024-02-05 19:37:00
W09175,P0461,C0329,82,100,Mobile,2024-05-12 14:42:00
W09176,P0052,C0399,47,63,Tablet,2024-03-14 21:37:00
W09177,P0500,C0187,127,92,Laptop,2024-01-15 08:28:00
W09178,P0223,C0374,36,96,Laptop,2024-04-06 00:04:00
W09179,P0302,C0328,144,50,TV,2024-02-06 05:59:00
W09180,P0363,C0171,27,89,TV,2024-03-26 03:33:00
W09181,P0269,C0328,148,81,Mobile,2024-05-29 17:18:00
W09182,P0096,C0213,6,72,Mobile,2024-01-17 09:22:00
W09183,P0273,C0393,11,81,Tablet,2024-02-14 11:42:00
W09184,P0323,C0391,25,84,TV,2024-05-01 23:55:00
W09185,P0061,C0205,99,16,Mobile,2024-05-28 19:53:00
W09186,P0321,C0391,130,94,Mobile,2024-03-22 23:44:00
W09187,P0181,C0109,125,94,Laptop,2024-05-14 14:16:00
W09188,P0133,C0265,29,78,Mobile,2024-04-10 09:11:00
W09189,P0416,C0160,39,59,Mobile,2024-02-12 14:00:00
W09190,P0089,C0206,139,52,TV,2024-01-23 10:06:00
W09191,P0173,C0211,36,26,Tablet,2024-01-17 18:55:00
W09192,P0312,C0189,57,30,Tablet,2024-04-12 13:45:00
W09193,P0005,C0368,73,15,Mobile,2024-03-26 09:06:00
W09194,P0357,C0330,29,80,TV,2024-01-30 20:15:00
W09195,P0343,C0171,99,84,Tablet,2024-04-13 11:16:00
W09196,P0204,C0219,90,91,Tablet,2024-05-01 19:17:00
W09197,P0162,C0203,106,47,Mobile,2024-02-03 05:11:00
W09198,P0061,C0302,81,72,Tablet,2024-01-25 06:10:00
W09199,P0471,C0123,134,21,Tablet,2024-01-13 22:22:00
W09200,P0464,C0190,90,31,Laptop,2024-04-11 06:17:00
W09201,P0497,C0193,65,12,TV,2024-04-29 20:26:00
W09202,P0190,C0364,141,28,Mobile,2024-01-11 07:41:00
W09203,P0325,C0385,55,52,Mobile,2024-04-18 01:43:00
W09204,P0063,C0271,6,96,Laptop,2024-04-20 07:07:00
W09205,P0044,C0321,36,76,Mobile,2024-03-09 14:29:00
W09206,P0239,C0124,84,96,Laptop,2024-01-02 11:19:00
W09207,P0028,C0302,101,14,TV,2024-02-06 14:45:00
W09208,P0198,C0224,79,38,Tablet,2024-02-18 21:13:00
W09209,P0269,C0242,12,14,Tablet,2024-03-15 09:46:00
W09210,P0171,C0152,89,54,TV,2024-02-03 13:45:00
W09211,P0030,C0170,125,63,Mobile,2024-04-20 14:23:00
W09212,P0154,C0360,24,33,TV,2024-02-29 15:07:00
W09213,P0209,C0286,11,30,Tablet,2024-02-01 20:32:00
W09214,P0063,C0307,125,41,Laptop,2024-05-11 00:32:00
W09215,P0329,C0393,126,14,Laptop,2024-02-12 01:46:00
W09216,P0057,C0139,141,71,Mobile,2024-01-09 03:45:00
W09217,P0320,C0166,90,27,Tablet,2024-04-23 10:36:00
W09218,P0208,C0113,134,44,Laptop,2024-01-20 02:46:00
W09219,P0433,C0294,64,89,Laptop,2024-02-10 04:59:00
W09220,P0308,C0388,73,97,Laptop,2024-05-04 00:34:00
W09221,P0063,C0233,49,14,Mobile,2024-02-27 13:35:00
W09222,P0248,C0295,66,18,Tablet,2024-02-27 18:44:00
W09223,P0466,C0178,142,13,TV,2024-02-26 20:38:00
W09224,P0141,C0350,127,42,Laptop,2024-03-04 01:01:00
W09225,P0093,C0332,30,100,TV,2024-03-23 06:08:00
W09226,P0107,C0280,22,31,TV,2024-04-21 01:33:00
W09227,P0365,C0277,63,68,Mobile,2024-03-25 17:29:00
W09228,P0088,C0129,50,20,Mobile,2024-04-30 00:49:00
W09229,P0301,C0266,16,78,TV,2024-04-24 12:43:00
W09230,P0108,C0326,117,19,Mobile,2024-02-05 23:53:00
W09231,P0046,C0236,59,12,TV,2024-02-02 23:22:00
W09232,P0077,C0287,14,24,Laptop,2024-04-09 22:27:00
W09233,P0217,C0155,39,46,Tablet,2024-03-13 11:45:00
W09234,P0169,C0102,84,49,TV,2024-01-23 09:26:00
W09235,P0302,C0117,10,26,Tablet,2024-04-19 02:28:00
W09236,P0129,C0159,131,29,TV,2024-05-29 11:38:00
W09237,P0201,C0188,72,13,Laptop,2024-05-08 01:47:00
W09238,P0196,C0323,13,43,Mobile,2024-05-12 07:04:00
W09239,P0348,C0372,75,43,TV,2024-05-29 18:11:00
W09240,P0268,C0158,138,76,Mobile,2024-03-06 10:55:00
W09241,P0088,C0292,48,37,Laptop,2024-02-22 05:20:00
W09242,P0253,C0150,68,88,Tablet,2024-03-04 12:07:00
W09243,P0238,C0313,71,45,TV,2024-03-08 07:26:00
W09244,P0073,C0330,48,44,TV,2024-03-02 03:29:00
W09245,P0419,C0254,120,50,Tablet,2024-03-21 06:09:00
W09246,P0358,C0373,146,68,TV,2024-02-21 09:36:00
W09247,P0355,C0146,141,83,TV,2024-05-09 11:28:00
W09248,P0161,C0218,61,26,Tablet,2024-01-22 16:31:00
W09249,P0058,C0276,61,39,Mobile,2024-03-16 05:49:00
W09250,P0384,C0168,147,63,Mobile,2024-03-11 18:49:00
W09251,P0373,C0351,11,61,Tablet,2024-02-19 04:14:00
W09252,P0291,C0330,23,81,Laptop,2024-04-11 07:23:00
W09253,P0430,C0300,138,32,Tablet,2024-04-22 17:33:00
W09254,P0340,C0246,43,28,Tablet,2024-01-12 11:28:00
W09255,P0066,C0151,75,46,Mobile,2024-03-22 00:45:00
W09256,P0428,C0286,29,68,TV,2024-05-09 12:36:00
W09257,P0026,C0299,106,45,Laptop,2024-04-06 20:26:00
W09258,P0298,C0245,15,77,TV,2024-03-20 22:13:00
W09259,P0077,C0159,35,35,TV,2024-02-04 09:23:00
W09260,P0286,C0295,122,36,Laptop,2024-03-24 13:59:00
W09261,P0372,C0243,118,86,Tablet,2024-01-26 03:44:00
W09262,P0416,C0323,144,71,Tablet,2024-03-01 23:57:00
W09263,P0036,C0200,13,71,TV,2024-04-04 20:48:00
W09264,P0019,C0126,145,61,TV,2024-01-11 15:48:00
W09265,P0278,C0114,24,53,Laptop,2024-02-10 10:44:00
W09266,P0321,C0222,63,42,Mobile,2024-03-06 23:40:00
W09267,P0313,C0365,89,99,Laptop,2024-05-21 13:56:00
W09268,P0267,C0107,69,93,Laptop,2024-02-28 11:35:00
W09269,P0282,C0319,64,72,Laptop,2024-03-06 18:11:00
W09270,P0432,C0320,129,81,Mobile,2024-03-13 03:21:00
W09271,P0019,C0283,45,89,Tablet,2024-01-06 17:18:00
W09272,P0339,C0208,85,78,Laptop,2024-02-11 09:02:00
W09273,P0140,C0224,8,43,Mobile,2024-01-06 21:52:00
W09274,P0067,C0270,74,36,TV,2024-01-21 11:33:00
W09275,P0312,C0357,87,45,Laptop,2024-04-03 10:11:00
W09276,P0018,C0109,98,13,TV,2024-02-24 19:57:00
W09277,P0369,C0380,67,62,TV,2024-01-22 04:03:00
W09278,P0261,C0225,12,80,Mobile,2024-02-29 01:43:00
W09279,P0112,C0262,124,46,TV,2024-05-18 22:06:00
W09280,P0408,C0136,89,97,TV,2024-03-17 17:21:00
W09281,P0462,C0104,95,88,Laptop,2024-01-22 20:07:00
W09282,P0115,C0187,120,59,TV,2024-05-24 21:44:00
W09283,P0166,C0364,110,79,Laptop,2024-02-01 11:37:00
W09284,P0067,C0191,148,35,TV,2024-01-11 13:00:00
W09285,P0255,C0395,76,99,Tablet,2024-04-06 15:45:00
W09286,P0070,C0158,84,34,Tablet,2024-04-10 17:04:00
W09287,P0460,C0240,11,42,Mobile,2024-02-08 17:30:00
W09288,P0308,C0272,73,76,TV,2024-02-05 02:39:00
W09289,P0203,C0360,91,82,Mobile,2024-05-22 09:02:00
W09290,P0127,C0125,12,46,Laptop,2024-05-06 16:48:00
W09291,P0423,C0298,135,47,Laptop,2024-05-29 00:30:00
W09292,P0443,C0167,118,36,TV,2024-04-09 05:01:00
W09293,P0410,C0218,40,22,TV,2024-04-06 12:44:00
W09294,P0321,C0380,104,32,Tablet,2024-01-01 15:39:00
W09295,P0080,C0106,83,76,Laptop,2024-02-26 00:08:00
W09296,P0176,C0197,34,96,Laptop,2024-01-05 14:06:00
W09297,P0113,C0172,19,97,Laptop,2024-04-23 12:56:00
W09298,P0111,C0358,91,64,Mobile,2024-01-24 08:12:00
W09299,P0309,C0138,62,46,TV,2024-05-29 01:42:00
W09300,P0137,C0396,101,21,Laptop,2024-02-29 18:29:00
W09301,P0133,C0156,137,63,Laptop,2024-04-25 11:18:00
W09302,P0372,C0203,141,29,TV,2024-03-24 03:21:00
W09303,P0328,C0203,106,27,TV,2024-03-30 01:28:00
W09304,P0189,C0316,119,16,Mobile,2024-04-29 02:35:00
W09305,P0277,C0121,141,99,Tablet,2024-05-22 03:07:00
W09306,P0225,C0215,22,85,Laptop,2024-01-06 17:55:00
W09307,P0103,C0310,147,11,Tablet,2024-05-19 09:46:00
W09308,P0107,C0391,82,63,TV,2024-05-09 00:54:00
W09309,P0063,C0303,66,17,Tablet,2024-01-15 18:43:00
W09310,P0404,C0288,44,42,Mobile,2024-03-09 22:02:00
W09311,P0442,C0251,128,55,Tablet,2024-01-17 22:57:00
W09312,P0245,C0291,64,51,Laptop,2024-04-25 19:35:00
W09313,P0173,C0314,60,72,Mobile,2024-03-14 01:55:00
W09314,P0406,C0142,88,86,TV,2024-01-30 05:22:00
W09315,P0333,C0294,45,97,Mobile,2024-02-20 03:48:00
W09316,P0487,C0350,21,42,Laptop,2024-01-03 05:59:00
W09317,P0331,C0181,109,78,TV,2024-01-05 00:27:00
W09318,P0210,C0141,29,79,Tablet,2024-04-17 20:54:00
W09319,P0191,C0120,130,13,Laptop,2024-05-18 14:28:00
W09320,P0158,C0109,97,67,Mobile,2024-03-16 21:34:00
W09321,P0319,C0224,141,38,Mobile,2024-03-23 22:07:00
W09322,P0225,C0303,122,30,Mobile,2024-05-06 00:27:00
W09323,P0172,C0178,6,35,TV,2024-01-07 12:23:00
W09324,P0323,C0310,49,95,Mobile,2024-04-03 18:25:00
W09325,P0442,C0118,123,50,TV,2024-03-28 23:33:00
W09326,P0449,C0336,138,87,Mobile,2024-03-08 07:30:00
W09327,P0036,C0300,11,43,Mobile,2024-04-27 07:14:00
W09328,P0134,C0382,70,53,TV,2024-05-13 03:37:00
W09329,P0037,C0352,80,10,TV,2024-04-17 15:47:00
W09330,P0093,C0339,56,41,TV,2024-04-02 13:07:00
W09331,P0075,C0369,98,41,Laptop,2024-01-10 00:25:00
W09332,P0244,C0219,40,60,Tablet,2024-02-17 14:18:00
W09333,P0183,C0382,39,33,Mobile,2024-04-23 17:17:00
W09334,P0205,C0107,70,53,Laptop,2024-04-09 20:10:00
W09335,P0459,C0373,135,94,Tablet,2024-01-12 14:43:00
W09336,P0187,C0353,110,85,Mobile,2024-05-02 04:38:00
W09337,P0166,C0228,80,93,Mobile,2024-03-25 22:31:00
W09338,P0115,C0192,8,46,Mobile,2024-05-01 10:06:00
W09339,P0409,C0106,59,93,Tablet,2024-01-25 08:48:00
W09340,P0207,C0174,24,75,Mobile,2024-01-29 15:55:00
W09341,P0245,C0156,23,23,Laptop,2024-03-07 05:12:00
W09342,P0333,C0395,140,26,Mobile,2024-03-12 21:33:00
W09343,P0490,C0338,31,97,Laptop,2024-02-08 10:55:00
W09344,P0161,C0122,140,24,TV,2024-01-18 03:42:00
W09345,P0013,C0141,22,70,Tablet,2024-03-15 01:41:00
W09346,P0294,C0366,33,58,Laptop,2024-01-20 14:44:00
W09347,P0442,C0358,50,17,Mobile,2024-01-04 06:34:00
W09348,P0472,C0148,135,12,Laptop,2024-04-23 13:52:00
W09349,P0404,C0398,141,84,Laptop,2024-05-25 02:46:00
W09350,P0236,C0239,142,36,TV,2024-02-13 01:57:00
W09351,P0273,C0302,88,18,Tablet,2024-04-09 19:58:00
W09352,P0379,C0240,5,24,TV,2024-05-07 20:50:00
W09353,P0114,C0242,136,41,Tablet,2024-02-07 07:42:00
W09354,P0152,C0386,105,20,TV,2024-05-15 01:43:00
W09355,P0026,C0333,100,12,Tablet,2024-01-13 09:26:00
W09356,P0168,C0258,22,35,Mobile,2024-03-28 09:56:00
W09357,P0032,C0138,82,16,Laptop,2024-04-18 09:14:00
W09358,P0221,C0175,49,64,Laptop,2024-05-11 01:10:00
W09359,P0206,C0275,116,48,TV,2024-01-12 16:12:00
W09360,P0421,C0139,19,13,Mobile,2024-02-13 21:35:00
W09361,P0342,C0173,8,39,Mobile,2024-05-13 17:17:00
W09362,P0098,C0158,92,47,Mobile,2024-04-24 18:55:00
W09363,P0091,C0189,98,60,TV,2024-05-02 05:13:00
W09364,P0476,C0373,81,87,Tablet,2024-04-29 13:22:00
W09365,P0377,C0234,143,45,Mobile,2024-01-10 14:08:00
W09366,P0214,C0243,32,92,Mobile,2024-02-13 22:30:00
W09367,P0188,C0195,79,69,Tablet,2024-01-18 14:06:00
W09368,P0057,C0256,58,60,Tablet,2024-03-26 21:12:00
W09369,P0107,C0301,69,85,Mobile,2024-05-03 13:17:00
W09370,P0442,C0260,51,58,TV,2024-01-20 14:23:00
W09371,P0195,C0311,122,24,TV,2024-05-04 00:41:00
W09372,P0022,C0272,8,82,Laptop,2024-03-29 09:58:00
W09373,P0186,C0170,38,100,Laptop,2024-01-05 05:05:00
W09374,P0368,C0245,80,93,Laptop,2024-02-10 14:21:00
W09375,P0085,C0267,65,37,TV,2024-02-26 12:10:00
W09376,P0080,C0217,105,34,Laptop,2024-05-14 02:12:00
W09377,P0329,C0285,97,89,Mobile,2024-02-20 10:17:00
W09378,P0077,C0303,106,91,TV,2024-05-15 11:35:00
W09379,P0330,C0262,117,45,TV,2024-01-11 08:27:00
W09380,P0383,C0288,87,13,Laptop,2024-05-29 05:53:00
W09381,P0433,C0143,135,30,Mobile,2024-04-08 16:12:00
W09382,P0377,C0301,44,100,Mobile,2024-05-18 15:55:00
W09383,P0341,C0331,73,74,TV,2024-04-05 01:45:00
W09384,P0177,C0104,36,78,TV,2024-05-22 11:17:00
W09385,P0426,C0340,28,19,Laptop,2024-01-01 21:05:00
W09386,P0424,C0306,117,59,Mobile,2024-03-28 13:09:00
W09387,P0455,C0194,119,94,TV,2024-01-03 14:57:00
W09388,P0174,C0332,39,19,Tablet,2024-03-01 23:59:00
W09389,P0406,C0260,36,99,Mobile,2024-02-07 12:16:00
W09390,P0082,C0213,49,25,Tablet,2024-02-15 19:53:00
W09391,P0021,C0352,112,47,TV,2024-05-13 17:44:00
W09392,P0179,C0322,90,76,Laptop,2024-05-18 16:36:00
W09393,P0498,C0194,38,29,TV,2024-02-10 07:34:00
W09394,P0398,C0267,148,78,TV,2024-02-26 15:41:00
W09395,P0330,C0238,15,79,Tablet,2024-05-02 03:59:00
W09396,P0225,C0310,96,34,TV,2024-03-26 19:59:00
W09397,P0265,C0356,58,98,Laptop,2024-03-03 09:10:00
W09398,P0402,C0173,80,63,Tablet,2024-05-17 07:33:00
W09399,P0269,C0314,104,21,Tablet,2024-01-27 07:36:00
W09400,P0251,C0366,120,74,Laptop,2024-03-21 15:48:00
W09401,P0273,C0251,128,63,Tablet,2024-04-16 07:23:00
W09402,P0382,C0335,87,76,Laptop,2024-02-05 09:56:00
W09403,P0343,C0316,60,30,Tablet,2024-01-28 04:31:00
W09404,P0409,C0209,67,14,TV,2024-02-04 20:07:00
W09405,P0438,C0400,136,67,TV,2024-04-08 21:00:00
W09406,P0272,C0396,143,88,Mobile,2024-05-26 16:20:00
W09407,P0280,C0220,135,13,Tablet,2024-05-01 23:18:00
W09408,P0223,C0198,115,28,Laptop,2024-03-03 22:29:00
W09409,P0075,C0310,74,90,Laptop,2024-05-29 11:46:00
W09410,P0151,C0132,38,64,Tablet,2024-03-20 02:32:00
W09411,P0425,C0326,123,70,TV,2024-01-17 09:10:00
W09412,P0359,C0315,80,81,Laptop,2024-03-17 22:51:00
W09413,P0342,C0223,46,33,Mobile,2024-01-24 07:01:00
W09414,P0417,C0247,27,77,Laptop,2024-03-28 16:32:00
W09415,P0105,C0152,44,97,Laptop,2024-02-13 13:23:00
W09416,P0042,C0280,19,28,Laptop,2024-04-08 06:17:00
W09417,P0176,C0390,119,33,Mobile,2024-05-03 01:19:00
W09418,P0245,C0287,61,63,Mobile,2024-02-14 16:27:00
W09419,P0253,C0208,115,30,Laptop,2024-05-18 23:52:00
W09420,P0274,C0226,146,90,Mobile,2024-01-31 06:10:00
W09421,P0447,C0361,144,81,TV,2024-03-07 05:31:00
W09422,P0334,C0294,111,28,Laptop,2024-02-09 07:09:00
W09423,P0092,C0397,121,84,Mobile,2024-02-10 06:15:00
W09424,P0011,C0134,39,62,Mobile,2024-03-21 06:59:00
W09425,P0152,C0376,82,59,Mobile,2024-02-26 22:25:00
W09426,P0189,C0282,6,32,TV,2024-01-30 21:29:00
W09427,P0448,C0339,22,46,Mobile,2024-03-01 13:23:00
W09428,P0164,C0246,39,37,Tablet,2024-02-23 16:17:00
W09429,P0126,C0144,13,96,Tablet,2024-01-04 22:13:00
W09430,P0211,C0391,143,85,TV,2024-04-20 10:02:00
W09431,P0461,C0395,71,89,TV,2024-03-29 05:19:00
W09432,P0097,C0359,73,89,Mobile,2024-04-28 08:20:00
W09433,P0309,C0119,109,87,TV,2024-05-29 20:57:00
W09434,P0339,C0315,42,80,Mobile,2024-03-21 09:30:00
W09435,P0047,C0311,74,30,Mobile,2024-02-13 20:03:00
W09436,P0308,C0331,85,30,Mobile,2024-03-16 14:52:00
W09437,P0224,C0105,70,50,Tablet,2024-01-16 00:54:00
W09438,P0463,C0369,45,44,Tablet,2024-04-04 01:16:00
W09439,P0057,C0262,28,97,Laptop,2024-02-09 20:42:00
W09440,P0075,C0316,9,10,TV,2024-01-21 12:25:00
W09441,P0254,C0374,25,87,Tablet,2024-01-10 14:59:00
W09442,P0151,C0200,10,93,TV,2024-02-12 23:04:00
W09443,P0059,C0271,136,91,Mobile,2024-03-03 02:50:00
W09444,P0325,C0352,13,76,TV,2024-03-22 05:06:00
W09445,P0440,C0269,73,100,Mobile,2024-02-25 16:31:00
W09446,P0086,C0138,72,79,TV,2024-02-03 13:46:00
W09447,P0170,C0328,130,13,Tablet,2024-05-09 02:09:00
W09448,P0146,C0225,141,10,TV,2024-05-17 19:34:00
W09449,P0327,C0378,63,30,Mobile,2024-05-22 10:29:00
W09450,P0033,C0385,84,91,Tablet,2024-05-07 17:20:00
W09451,P0003,C0237,33,61,Mobile,2024-03-22 17:17:00
W09452,P0284,C0208,55,62,Mobile,2024-03-21 20:30:00
W09453,P0257,C0168,40,94,Tablet,2024-05-02 00:22:00
W09454,P0126,C0204,80,89,TV,2024-04-11 19:45:00
W09455,P0447,C0346,109,65,Laptop,2024-04-07 02:23:00
W09456,P0113,C0265,49,99,Laptop,2024-04-13 23:25:00
W09457,P0303,C0292,105,82,TV,2024-03-08 19:54:00
W09458,P0293,C0295,108,96,TV,2024-03-04 04:33:00
W09459,P0342,C0232,10,75,Tablet,2024-04-22 02:04:00
W09460,P0048,C0396,40,76,Mobile,2024-05-06 05:16:00
W09461,P0364,C0244,148,42,Tablet,2024-03-15 01:46:00
W09462,P0275,C0319,26,97,Tablet,2024-05-27 15:06:00
W09463,P0398,C0126,73,32,Mobile,2024-03-21 16:11:00
W09464,P0195,C0351,73,15,Mobile,2024-04-15 13:15:00
W09465,P0339,C0195,67,94,TV,2024-01-08 14:18:00
W09466,P0225,C0300,79,56,Mobile,2024-05-29 16:53:00
W09467,P0213,C0203,111,67,Mobile,2024-04-30 19:35:00
W09468,P0321,C0293,23,14,TV,2024-03-06 20:37:00
W09469,P0282,C0102,106,86,Tablet,2024-03-04 18:08:00
W09470,P0138,C0347,130,86,Laptop,2024-05-04 04:29:00
W09471,P0355,C0191,131,92,Mobile,2024-01-25 18:43:00
W09472,P0333,C0145,118,18,Tablet,2024-04-14 19:14:00
W09473,P0070,C0103,77,12,Tablet,2024-05-12 22:24:00
W09474,P0299,C0164,118,70,Laptop,2024-01-19 03:44:00
W09475,P0070,C0235,149,73,Mobile,2024-04-15 16:29:00
W09476,P0483,C0391,45,55,Tablet,2024-05-17 20:49:00
W09477,P0208,C0378,86,65,Tablet,2024-05-23 23:03:00
W09478,P0489,C0276,81,48,Mobile,2024-01-15 09:19:00
W09479,P0200,C0382,32,22,Mobile,2024-05-18 16:43:00
W09480,P0059,C0220,114,50,Tablet,2024-02-03 06:53:00
W09481,P0259,C0362,25,20,TV,2024-04-08 16:38:00
W09482,P0389,C0274,134,50,TV,2024-03-10 01:54:00
W09483,P0341,C0218,10,84,Tablet,2024-04-05 16:15:00
W09484,P0351,C0285,56,56,Mobile,2024-03-15 00:35:00
W09485,P0334,C0343,9,58,Mobile,2024-03-03 11:05:00
W09486,P0357,C0314,47,74,TV,2024-04-02 00:04:00
W09487,P0339,C0221,100,44,TV,2024-01-25 08:27:00
W09488,P0165,C0163,105,44,Laptop,2024-04-07 21:31:00
W09489,P0245,C0249,118,76,TV,2024-05-29 23:36:00
W09490,P0084,C0376,44,13,Mobile,2024-03-24 21:48:00
W09491,P0436,C0129,143,33,TV,2024-04-18 00:26:00
W09492,P0450,C0399,146,93,Tablet,2024-02-24 19:16:00
W09493,P0377,C0325,6,45,Laptop,2024-02-21 13:00:00
W09494,P0447,C0273,67,86,Laptop,2024-02-11 23:42:00
W09495,P0391,C0344,123,65,Mobile,2024-03-19 17:21:00
W09496,P0481,C0231,98,13,Tablet,2024-02-19 14:14:00
W09497,P0309,C0120,83,49,TV,2024-04-16 09:18:00
W09498,P0114,C0181,133,52,Laptop,2024-03-29 03:22:00
W09499,P0234,C0393,149,67,Laptop,2024-01-12 17:16:00
W09500,P0262,C0394,58,71,Tablet,2024-05-16 22:18:00
W09501,P0391,C0335,126,16,Laptop,2024-02-12 22:33:00
W09502,P0172,C0321,128,18,Tablet,2024-01-23 10:12:00
W09503,P0018,C0270,70,31,Mobile,2024-05-23 15:58:00
W09504,P0235,C0146,147,13,Laptop,2024-04-18 20:56:00
W09505,P0310,C0160,26,45,TV,2024-04-20 15:33:00
W09506,P0383,C0196,24,79,Tablet,2024-01-17 13:26:00
W09507,P0157,C0369,97,76,Mobile,2024-02-10 09:19:00
W09508,P0211,C0131,47,44,TV,2024-03-17 08:09:00
W09509,P0281,C0216,25,42,Tablet,2024-01-01 01:56:00
W09510,P0319,C0162,52,16,TV,2024-01-19 16:33:00
W09511,P0196,C0246,70,64,Laptop,2024-02-28 03:15:00
W09512,P0115,C0153,119,56,Mobile,2024-04-16 07:04:00
W09513,P0397,C0151,20,71,Tablet,2024-05-17 21:47:00
W09514,P0160,C0269,25,76,Tablet,2024-02-03 04:54:00
W09515,P0155,C0295,105,73,Mobile,2024-05-05 05:38:00
W09516,P0051,C0183,12,52,TV,2024-04-15 02:59:00
W09517,P0418,C0234,114,27,Mobile,2024-04-19 20:51:00
W09518,P0284,C0368,90,12,Mobile,2024-04-30 10:18:00
W09519,P0073,C0181,62,68,Mobile,2024-05-10 00:22:00
W09520,P0328,C0319,9,71,Mobile,2024-05-24 22:30:00
W09521,P0341,C0102,115,48,Laptop,2024-04-16 19:29:00
W09522,P0110,C0351,113,100,Tablet,2024-02-15 18:13:00
W09523,P0286,C0336,34,73,TV,2024-01-31 18:36:00
W09524,P0221,C0256,99,82,TV,2024-05-16 02:42:00
W09525,P0009,C0137,13,90,Mobile,2024-03-21 18:06:00
W09526,P0397,C0329,99,69,Mobile,2024-04-09 17:51:00
W09527,P0082,C0245,99,51,TV,2024-03-14 13:45:00
W09528,P0320,C0156,45,14,TV,2024-01-30 02:36:00
W09529,P0294,C0221,55,55,Laptop,2024-01-10 04:15:00
W09530,P0375,C0311,65,13,Mobile,2024-02-08 17:58:00
W09531,P0022,C0360,10,23,TV,2024-01-28 15:36:00
W09532,P0415,C0203,123,20,Tablet,2024-04-27 06:09:00
W09533,P0099,C0335,30,69,Laptop,2024-03-15 14:08:00
W09534,P0170,C0138,10,31,Laptop,2024-04-09 05:15:00
W09535,P0190,C0208,57,14,Mobile,2024-05-16 07:23:00
W09536,P0106,C0324,65,62,Laptop,2024-04-06 21:22:00
W09537,P0320,C0393,98,21,Laptop,2024-05-15 20:21:00
W09538,P0458,C0284,44,30,Tablet,2024-04-25 07:24:00
W09539,P0265,C0255,28,88,Laptop,2024-02-27 09:41:00
W09540,P0382,C0132,96,33,Tablet,2024-04-02 12:20:00
W09541,P0351,C0334,49,22,Laptop,2024-05-19 10:48:00
W09542,P0428,C0350,42,35,Laptop,2024-04-14 05:04:00
W09543,P0447,C0158,112,49,Mobile,2024-03-23 08:48:00
W09544,P0168,C0263,140,35,Mobile,2024-02-23 18:55:00
W09545,P0344,C0117,68,54,Mobile,2024-02-18 01:24:00
W09546,P0425,C0354,91,39,Mobile,2024-01-12 04:11:00
W09547,P0113,C0246,111,73,TV,2024-05-05 10:09:00
W09548,P0328,C0329,55,82,Mobile,2024-05-15 23:48:00
W09549,P0306,C0340,10,97,Mobile,2024-02-17 17:31:00
W09550,P0148,C0386,89,47,Mobile,2024-03-20 21:29:00
W09551,P0337,C0116,40,27,Laptop,2024-02-21 10:54:00
W09552,P0220,C0175,93,18,Laptop,2024-05-11 14:17:00
W09553,P0454,C0360,103,95,Laptop,2024-03-02 14:34:00
W09554,P0426,C0104,41,65,Mobile,2024-05-11 03:20:00
W09555,P0033,C0351,21,47,Tablet,2024-04-08 13:42:00
W09556,P0220,C0185,20,30,TV,2024-01-28 23:00:00
W09557,P0319,C0163,53,80,Tablet,2024-02-16 16:59:00
W09558,P0185,C0200,98,21,Tablet,2024-05-16 02:09:00
W09559,P0193,C0343,55,45,Tablet,2024-04-26 23:07:00
W09560,P0361,C0395,9,20,Tablet,2024-03-09 08:59:00
W09561,P0180,C0262,101,76,TV,2024-03-19 08:45:00
W09562,P0355,C0278,77,36,Tablet,2024-02-15 15:08:00
W09563,P0472,C0352,149,72,Mobile,2024-01-16 08:29:00
W09564,P0006,C0142,144,80,Tablet,2024-03-21 21:04:00
W09565,P0391,C0342,60,75,TV,2024-02-27 13:35:00
W09566,P0009,C0191,126,83,TV,2024-02-18 22:48:00
W09567,P0357,C0128,130,76,Tablet,2024-05-09 17:17:00
W09568,P0061,C0255,83,90,Mobile,2024-04-12 06:16:00
W09569,P0464,C0219,20,74,Tablet,2024-05-24 14:50:00
W09570,P0418,C0320,130,43,Laptop,2024-05-17 12:08:00
W09571,P0163,C0364,91,86,TV,2024-04-11 19:41:00
W09572,P0099,C0221,26,87,Tablet,2024-01-18 12:07:00
W09573,P0148,C0146,114,90,Laptop,2024-03-03 09:20:00
W09574,P0058,C0380,99,43,Mobile,2024-02-25 22:50:00
W09575,P0215,C0215,47,73,Laptop,2024-02-27 02:34:00
W09576,P0316,C0268,83,26,TV,2024-02-24 08:06:00
W09577,P0490,C0346,25,60,Laptop,2024-04-12 06:07:00
W09578,P0182,C0380,127,65,Laptop,2024-04-17 17:50:00
W09579,P0035,C0334,12,98,Laptop,2024-04-16 07:29:00
W09580,P0303,C0122,53,57,Mobile,2024-03-24 15:23:00
W09581,P0046,C0302,129,71,Mobile,2024-05-07 11:36:00
W09582,P0087,C0168,110,65,Mobile,2024-02-27 02:22:00
W09583,P0004,C0236,138,20,Mobile,2024-05-23 18:40:00
W09584,P0266,C0331,85,94,Tablet,2024-02-16 03:10:00
W09585,P0107,C0158,108,29,Laptop,2024-05-19 10:14:00
W09586,P0075,C0115,113,77,TV,2024-03-24 15:24:00
W09587,P0040,C0364,129,43,Laptop,2024-02-18 10:23:00
W09588,P0127,C0270,96,51,Tablet,2024-02-29 22:25:00
W09589,P0183,C0391,125,50,Laptop,2024-03-27 04:41:00
W09590,P0119,C0269,115,71,Laptop,2024-03-11 12:43:00
W09591,P0073,C0148,27,26,TV,2024-03-14 07:32:00
W09592,P0040,C0196,114,21,TV,2024-02-16 18:39:00
W09593,P0204,C0144,79,77,TV,2024-01-31 08:53:00
W09594,P0465,C0340,66,50,Laptop,2024-01-17 20:35:00
W09595,P0096,C0391,100,23,Tablet,2024-05-27 20:58:00
W09596,P0279,C0383,61,13,Mobile,2024-05-15 16:46:00
W09597,P0143,C0170,106,91,Mobile,2024-04-07 05:04:00
W09598,P0115,C0353,74,86,Laptop,2024-03-27 08:28:00
W09599,P0476,C0166,69,83,Mobile,2024-05-18 11:24:00
W09600,P0372,C0385,41,23,Mobile,2024-01-18 14:16:00
W09601,P0486,C0131,72,18,Laptop,2024-05-29 05:00:00
W09602,P0133,C0314,79,52,Laptop,2024-05-06 22:52:00
W09603,P0168,C0281,21,29,Tablet,2024-01-21 16:55:00
W09604,P0402,C0302,139,10,Mobile,2024-03-16 02:31:00
W09605,P0245,C0168,56,90,Laptop,2024-03-31 01:35:00
W09606,P0277,C0125,134,81,Mobile,2024-04-05 18:18:00
W09607,P0463,C0348,41,26,TV,2024-04-19 10:39:00
W09608,P0259,C0260,61,94,TV,2024-04-12 19:16:00
W09609,P0046,C0380,105,98,Tablet,2024-05-23 19:22:00
W09610,P0346,C0357,14,29,Laptop,2024-02-04 01:51:00
W09611,P0335,C0211,85,68,Mobile,2024-03-27 21:03:00
W09612,P0383,C0147,94,98,TV,2024-03-21 19:21:00
W09613,P0237,C0279,137,94,Laptop,2024-03-22 20:59:00
W09614,P0053,C0136,137,22,TV,2024-05-15 13:13:00
W09615,P0148,C0298,124,86,TV,2024-01-03 01:55:00
W09616,P0187,C0142,106,56,Laptop,2024-05-10 15:33:00
W09617,P0021,C0190,31,59,TV,2024-05-09 23:44:00
W09618,P0090,C0168,9,86,Laptop,2024-02-05 05:41:00
W09619,P0233,C0170,65,49,Tablet,2024-04-07 20:39:00
W09620,P0215,C0210,140,16,Laptop,2024-05-03 09:44:00
W09621,P0369,C0122,101,64,TV,2024-04-19 00:26:00
W09622,P0051,C0377,25,60,TV,2024-05-29 09:39:00
W09623,P0153,C0295,55,85,Mobile,2024-01-14 01:37:00
W09624,P0324,C0145,83,11,Tablet,2024-01-23 08:09:00
W09625,P0116,C0211,63,23,TV,2024-04-24 10:23:00
W09626,P0394,C0309,6,26,Tablet,2024-04-05 20:56:00
W09627,P0214,C0330,62,86,Mobile,2024-03-01 09:56:00
W09628,P0451,C0278,24,10,Tablet,2024-03-11 12:19:00
W09629,P0339,C0350,137,10,Laptop,2024-03-25 05:05:00
W09630,P0351,C0111,93,35,Tablet,2024-05-19 20:59:00
W09631,P0137,C0352,142,55,TV,2024-02-04 17:42:00
W09632,P0285,C0335,109,22,TV,2024-05-12 00:29:00
W09633,P0421,C0236,116,43,Laptop,2024-05-11 12:46:00
W09634,P0366,C0354,133,71,TV,2024-05-22 10:14:00
W09635,P0071,C0154,102,82,Mobile,2024-03-14 17:58:00
W09636,P0245,C0229,18,60,TV,2024-02-29 00:23:00
W09637,P0038,C0326,25,92,Mobile,2024-01-22 07:07:00
W09638,P0216,C0120,20,96,Tablet,2024-02-01 14:22:00
W09639,P0127,C0200,68,50,Tablet,2024-03-23 08:31:00
W09640,P0072,C0390,88,64,TV,2024-03-10 11:11:00
W09641,P0226,C0157,77,37,TV,2024-05-09 18:31:00
W09642,P0315,C0326,64,70,Laptop,2024-04-18 09:30:00
W09643,P0441,C0241,102,16,Tablet,2024-03-17 12:46:00
W09644,P0474,C0225,51,87,Mobile,2024-01-14 13:38:00
W09645,P0444,C0152,51,11,Laptop,2024-05-18 01:17:00
W09646,P0284,C0234,37,85,Laptop,2024-03-20 00:09:00
W09647,P0412,C0392,25,11,Tablet,2024-03-20 10:35:00
W09648,P0302,C0253,99,37,Laptop,2024-02-03 19:04:00
W09649,P0246,C0286,67,63,Mobile,2024-03-20 11:57:00
W09650,P0071,C0339,46,85,Laptop,2024-02-22 21:37:00
W09651,P0195,C0283,109,67,Mobile,2024-04-11 01:37:00
W09652,P0500,C0103,130,56,Mobile,2024-02-14 11:50:00
W09653,P0470,C0384,119,70,TV,2024-02-04 18:57:00
W09654,P0439,C0296,47,49,Tablet,2024-01-21 21:04:00
W09655,P0038,C0266,72,95,Tablet,2024-04-05 00:43:00
W09656,P0117,C0390,30,27,Tablet,2024-03-20 22:15:00
W09657,P0238,C0241,112,23,Tablet,2024-05-17 07:15:00
W09658,P0364,C0211,37,34,Mobile,2024-05-22 17:03:00
W09659,P0402,C0361,53,19,Tablet,2024-02-24 22:02:00
W09660,P0204,C0288,88,57,Tablet,2024-02-19 04:21:00
W09661,P0351,C0373,45,57,Mobile,2024-03-02 23:39:00
W09662,P0319,C0285,40,70,TV,2024-04-25 00:30:00
W09663,P0359,C0387,99,62,Tablet,2024-03-14 15:48:00
W09664,P0005,C0192,123,18,Laptop,2024-02-03 19:52:00
W09665,P0428,C0294,87,20,TV,2024-01-10 05:07:00
W09666,P0489,C0147,24,36,TV,2024-03-18 08:34:00
W09667,P0157,C0244,91,68,TV,2024-05-14 15:34:00
W09668,P0107,C0249,130,67,Tablet,2024-02-17 04:13:00
W09669,P0228,C0220,104,22,Mobile,2024-03-14 22:38:00
W09670,P0142,C0234,77,74,Tablet,2024-05-23 19:49:00
W09671,P0314,C0297,20,20,Tablet,2024-01-04 17:07:00
W09672,P0172,C0137,31,66,TV,2024-04-29 01:58:00
W09673,P0146,C0287,49,76,Mobile,2024-01-17 18:13:00
W09674,P0007,C0313,17,75,Tablet,2024-04-06 12:55:00
W09675,P0343,C0210,6,33,Tablet,2024-04-23 03:00:00
W09676,P0353,C0287,80,93,Tablet,2024-01-05 20:20:00
W09677,P0446,C0178,109,58,Tablet,2024-02-16 10:33:00
W09678,P0301,C0398,101,49,Mobile,2024-05-14 19:23:00
W09679,P0016,C0225,91,88,Mobile,2024-04-03 09:48:00
W09680,P0320,C0102,63,79,Mobile,2024-02-18 05:09:00
W09681,P0037,C0171,18,93,Laptop,2024-01-18 13:59:00
W09682,P0499,C0312,107,95,Mobile,2024-05-13 07:38:00
W09683,P0153,C0108,34,11,Mobile,2024-05-01 06:00:00
W09684,P0265,C0284,114,63,TV,2024-03-09 11:01:00
W09685,P0183,C0264,102,24,Tablet,2024-04-26 12:37:00
W09686,P0156,C0369,13,57,Tablet,2024-02-01 10:20:00
W09687,P0137,C0395,28,63,TV,2024-04-06 03:01:00
W09688,P0396,C0181,116,55,Mobile,2024-04-17 22:00:00
W09689,P0402,C0362,45,66,Tablet,2024-01-08 00:29:00
W09690,P0475,C0375,36,64,Laptop,2024-02-15 14:32:00
W09691,P0090,C0205,25,69,Laptop,2024-04-05 16:24:00
W09692,P0440,C0128,74,39,TV,2024-03-01 12:16:00
W09693,P0218,C0147,115,37,Laptop,2024-05-20 18:32:00
W09694,P0330,C0155,93,61,TV,2024-05-05 09:32:00
W09695,P0186,C0179,6,50,Laptop,2024-04-29 16:48:00
W09696,P0381,C0101,60,30,Laptop,2024-04-30 09:19:00
W09697,P0209,C0268,19,96,Laptop,2024-02-28 11:36:00
W09698,P0051,C0123,22,51,TV,2024-01-11 13:12:00
W09699,P0288,C0328,36,22,Tablet,2024-02-15 05:09:00
W09700,P0088,C0398,18,54,TV,2024-02-03 16:58:00
W09701,P0491,C0360,56,99,Mobile,2024-03-24 08:00:00
W09702,P0432,C0364,26,63,Mobile,2024-03-02 13:44:00
W09703,P0136,C0264,18,28,Laptop,2024-04-02 10:27:00
W09704,P0158,C0110,38,36,Laptop,2024-03-16 19:16:00
W09705,P0282,C0216,90,49,Tablet,2024-03-16 16:28:00
W09706,P0408,C0258,60,16,Tablet,2024-02-06 00:29:00
W09707,P0155,C0372,67,34,Tablet,2024-02-11 18:04:00
W09708,P0463,C0258,148,58,Laptop,2024-02-17 15:57:00
W09709,P0220,C0302,84,45,TV,2024-03-24 07:27:00
W09710,P0459,C0221,44,80,Laptop,2024-03-08 22:05:00
W09711,P0167,C0239,42,93,Mobile,2024-04-22 08:59:00
W09712,P0322,C0262,27,33,Laptop,2024-03-17 08:34:00
W09713,P0179,C0308,114,70,Tablet,2024-02-06 15:43:00
W09714,P0329,C0155,52,78,Mobile,2024-05-26 01:31:00
W09715,P0050,C0360,86,61,Laptop,2024-03-23 07:45:00
W09716,P0301,C0144,117,45,Tablet,2024-04-30 17:43:00
W09717,P0087,C0259,26,60,Laptop,2024-03-13 21:48:00
W09718,P0033,C0198,129,42,Laptop,2024-02-11 18:09:00
W09719,P0275,C0126,58,62,Tablet,2024-05-03 01:48:00
W09720,P0141,C0298,44,97,Mobile,2024-04-01 16:42:00
W09721,P0206,C0197,34,83,Mobile,2024-04-21 13:39:00
W09722,P0224,C0339,46,47,TV,2024-02-29 14:21:00
W09723,P0113,C0112,131,53,Mobile,2024-05-23 08:45:00
W09724,P0278,C0145,86,14,Laptop,2024-02-20 13:11:00
W09725,P0404,C0109,57,40,Tablet,2024-04-16 03:29:00
W09726,P0353,C0101,5,18,Mobile,2024-03-13 02:26:00
W09727,P0005,C0310,110,41,Laptop,2024-03-24 05:16:00
W09728,P0382,C0154,31,50,Laptop,2024-04-15 10:05:00
W09729,P0212,C0204,21,14,Mobile,2024-03-03 19:37:00
W09730,P0256,C0252,67,60,Tablet,2024-04-04 09:06:00
W09731,P0334,C0110,132,63,Tablet,2024-03-07 05:11:00
W09732,P0475,C0140,125,100,TV,2024-02-09 12:44:00
W09733,P0474,C0144,126,37,Tablet,2024-05-13 15:47:00
W09734,P0416,C0368,131,52,Tablet,2024-05-08 07:15:00
W09735,P0030,C0378,126,21,Mobile,2024-01-24 05:57:00
W09736,P0347,C0255,70,78,Mobile,2024-04-24 04:11:00
W09737,P0410,C0182,27,81,Laptop,2024-05-14 08:42:00
W09738,P0082,C0297,40,26,Mobile,2024-02-05 10:59:00
W09739,P0493,C0152,15,17,TV,2024-03-03 01:19:00
W09740,P0471,C0323,32,96,Laptop,2024-03-28 17:33:00
W09741,P0236,C0159,49,27,Tablet,2024-04-12 06:07:00
W09742,P0495,C0394,128,19,Mobile,2024-03-24 16:57:00
W09743,P0344,C0376,126,48,TV,2024-01-21 09:08:00
W09744,P0388,C0376,85,50,Laptop,2024-01-27 10:13:00
W09745,P0361,C0210,15,53,TV,2024-02-07 03:51:00
W09746,P0323,C0130,40,78,TV,2024-02-29 13:57:00
W09747,P0253,C0207,82,52,Tablet,2024-02-01 22:39:00
W09748,P0118,C0397,39,90,Laptop,2024-05-10 11:28:00
W09749,P0427,C0195,131,56,Mobile,2024-04-11 17:01:00
W09750,P0030,C0385,33,84,Tablet,2024-04-11 13:17:00
W09751,P0111,C0307,128,57,TV,2024-01-22 00:18:00
W09752,P0400,C0272,20,28,Laptop,2024-01-31 04:35:00
W09753,P0254,C0179,107,30,Tablet,2024-05-26 14:57:00
W09754,P0199,C0350,88,12,Mobile,2024-02-09 11:18:00
W09755,P0295,C0318,100,65,TV,2024-03-31 18:15:00
W09756,P0342,C0157,54,52,Laptop,2024-04-18 13:14:00
W09757,P0297,C0247,47,10,Tablet,2024-03-19 10:51:00
W09758,P0287,C0334,23,97,Tablet,2024-03-18 03:18:00
W09759,P0433,C0117,117,45,TV,2024-01-17 03:37:00
W09760,P0397,C0297,125,15,Tablet,2024-03-24 10:49:00
W09761,P0489,C0289,22,83,Mobile,2024-05-26 20:33:00
W09762,P0425,C0232,138,55,Mobile,2024-03-28 05:29:00
W09763,P0244,C0348,39,97,Mobile,2024-05-06 22:55:00
W09764,P0221,C0250,18,32,Laptop,2024-02-20 01:40:00
W09765,P0156,C0302,68,29,Tablet,2024-03-11 05:26:00
W09766,P0383,C0313,141,62,Mobile,2024-01-10 05:52:00
W09767,P0236,C0317,6,47,Mobile,2024-05-13 00:05:00
W09768,P0320,C0106,10,44,Laptop,2024-03-17 22:36:00
W09769,P0373,C0258,103,43,Tablet,2024-01-02 03:30:00
W09770,P0019,C0175,125,59,Mobile,2024-02-20 16:49:00
W09771,P0215,C0351,77,56,Mobile,2024-04-30 10:39:00
W09772,P0367,C0146,139,45,Mobile,2024-01-02 17:54:00
W09773,P0114,C0329,67,25,Laptop,2024-03-10 13:07:00
W09774,P0200,C0282,6,96,Tablet,2024-01-23 22:13:00
W09775,P0025,C0183,69,58,Mobile,2024-05-22 02:13:00
W09776,P0422,C0245,105,74,TV,2024-05-15 09:28:00
W09777,P0121,C0150,42,72,Laptop,2024-04-24 19:32:00
W09778,P0230,C0200,66,61,TV,2024-05-02 13:23:00
W09779,P0099,C0320,123,82,Tablet,2024-03-11 18:12:00
W09780,P0346,C0239,56,85,Laptop,2024-02-27 01:02:00
W09781,P0003,C0114,114,69,Laptop,2024-01-16 23:33:00
W09782,P0386,C0113,78,26,Laptop,2024-03-18 15:47:00
W09783,P0261,C0350,102,76,Tablet,2024-01-02 03:36:00
W09784,P0445,C0272,67,47,TV,2024-04-23 23:23:00
W09785,P0254,C0206,143,38,Mobile,2024-05-25 16:16:00
W09786,P0020,C0289,52,40,Tablet,2024-03-26 02:08:00
W09787,P0204,C0117,105,68,Mobile,2024-01-21 04:16:00
W09788,P0294,C0150,78,63,Mobile,2024-05-11 16:31:00
W09789,P0464,C0349,42,62,Mobile,2024-02-27 21:20:00
W09790,P0357,C0327,140,35,Laptop,2024-05-20 11:25:00
W09791,P0128,C0179,10,22,Laptop,2024-01-07 17:54:00
W09792,P0358,C0372,72,66,TV,2024-01-03 02:57:00
W09793,P0292,C0313,138,28,Tablet,2024-01-31 22:59:00
W09794,P0174,C0117,115,36,Mobile,2024-03-02 16:02:00
W09795,P0221,C0351,36,22,Tablet,2024-04-17 17:58:00
W09796,P0355,C0184,42,61,Tablet,2024-02-13 09:52:00
W09797,P0369,C0297,119,73,Tablet,2024-01-30 05:21:00
W09798,P0037,C0365,113,67,Laptop,2024-05-15 00:13:00
W09799,P0310,C0118,68,28,Mobile,2024-04-10 10:17:00
W09800,P0149,C0321,58,92,Mobile,2024-04-12 22:21:00
W09801,P0405,C0335,117,12,Tablet,2024-03-15 03:13:00
W09802,P0092,C0276,18,76,TV,2024-04-16 18:39:00
W09803,P0070,C0172,68,35,Laptop,2024-02-09 12:47:00
W09804,P0084,C0191,58,15,Tablet,2024-05-20 01:46:00
W09805,P0444,C0123,23,22,Tablet,2024-01-17 08:46:00
W09806,P0420,C0313,130,36,Mobile,2024-01-16 08:44:00
W09807,P0205,C0394,64,97,TV,2024-02-05 17:46:00
W09808,P0488,C0228,36,19,Tablet,2024-04-23 05:49:00
W09809,P0267,C0159,40,25,TV,2024-05-20 17:33:00
W09810,P0088,C0185,50,32,Mobile,2024-01-30 16:01:00
W09811,P0252,C0329,18,56,Mobile,2024-04-03 21:58:00
W09812,P0211,C0368,122,21,Tablet,2024-02-06 14:58:00
W09813,P0343,C0212,54,37,TV,2024-03-29 08:22:00
W09814,P0031,C0216,69,86,Tablet,2024-01-14 03:11:00
W09815,P0357,C0338,81,27,Tablet,2024-02-08 11:33:00
W09816,P0421,C0152,68,67,Tablet,2024-05-09 20:47:00
W09817,P0316,C0184,27,11,Tablet,2024-02-12 06:26:00
W09818,P0061,C0211,129,55,TV,2024-01-08 03:22:00
W09819,P0067,C0300,88,26,Tablet,2024-03-05 14:59:00
W09820,P0226,C0319,74,96,Mobile,2024-03-08 18:35:00
W09821,P0413,C0329,77,73,Mobile,2024-01-10 02:57:00
W09822,P0451,C0121,96,96,TV,2024-03-01 09:18:00
W09823,P0335,C0276,78,74,Tablet,2024-01-03 01:42:00
W09824,P0327,C0156,48,63,Tablet,2024-01-17 01:55:00
W09825,P0067,C0391,80,52,Laptop,2024-03-31 07:43:00
W09826,P0128,C0400,145,87,Tablet,2024-04-13 04:18:00
W09827,P0111,C0395,123,85,TV,2024-02-21 23:10:00
W09828,P0491,C0243,44,64,TV,2024-02-11 10:41:00
W09829,P0272,C0326,8,23,Laptop,2024-02-08 17:02:00
W09830,P0301,C0108,133,53,Mobile,2024-02-15 09:19:00
W09831,P0034,C0224,10,47,TV,2024-01-27 08:27:00
W09832,P0212,C0346,59,67,Tablet,2024-01-15 12:54:00
W09833,P0300,C0201,70,58,Tablet,2024-04-18 15:52:00
W09834,P0373,C0193,122,25,Mobile,2024-02-11 12:56:00
W09835,P0125,C0354,33,91,Laptop,2024-04-14 08:23:00
W09836,P0103,C0180,57,83,TV,2024-03-16 00:29:00
W09837,P0481,C0398,135,92,Tablet,2024-03-24 02:05:00
W09838,P0206,C0131,136,39,Mobile,2024-03-24 23:09:00
W09839,P0120,C0399,86,77,Mobile,2024-01-27 04:22:00
W09840,P0170,C0382,140,80,Mobile,2024-04-13 20:45:00
W09841,P0035,C0112,109,89,Tablet,2024-03-12 00:01:00
W09842,P0382,C0227,90,46,Mobile,2024-05-21 06:33:00
W09843,P0331,C0287,87,78,Mobile,2024-02-19 19:29:00
W09844,P0246,C0169,77,64,Mobile,2024-01-18 08:47:00
W09845,P0340,C0111,103,48,TV,2024-02-21 16:04:00
W09846,P0414,C0123,30,66,Tablet,2024-03-24 05:51:00
W09847,P0309,C0309,38,58,TV,2024-02-11 03:28:00
W09848,P0058,C0315,75,72,Laptop,2024-04-22 12:00:00
W09849,P0412,C0223,98,43,Mobile,2024-05-03 17:18:00
W09850,P0399,C0173,93,66,Tablet,2024-03-30 07:55:00
W09851,P0422,C0310,31,71,Laptop,2024-02-11 09:16:00
W09852,P0306,C0374,37,48,TV,2024-04-03 01:46:00
W09853,P0141,C0194,76,83,Laptop,2024-01-22 02:07:00
W09854,P0111,C0336,53,76,TV,2024-02-07 03:17:00
W09855,P0163,C0254,67,71,Tablet,2024-04-10 00:06:00
W09856,P0111,C0374,23,38,TV,2024-02-13 22:35:00
W09857,P0152,C0313,26,40,Laptop,2024-01-07 03:13:00
W09858,P0376,C0228,94,69,TV,2024-02-29 17:04:00
W09859,P0065,C0333,71,48,TV,2024-03-02 05:42:00
W09860,P0106,C0141,141,88,Laptop,2024-03-29 17:21:00
W09861,P0216,C0389,75,10,Laptop,2024-04-17 23:14:00
W09862,P0091,C0143,83,65,Mobile,2024-02-23 03:54:00
W09863,P0402,C0370,136,92,Laptop,2024-03-09 07:26:00
W09864,P0442,C0128,41,67,TV,2024-04-07 00:07:00
W09865,P0026,C0370,32,100,Tablet,2024-02-24 02:13:00
W09866,P0157,C0174,141,30,Tablet,2024-05-08 00:55:00
W09867,P0072,C0245,39,63,Mobile,2024-04-13 18:57:00
W09868,P0044,C0262,116,80,TV,2024-03-28 02:17:00
W09869,P0090,C0346,13,52,Laptop,2024-04-17 08:54:00
W09870,P0133,C0370,56,63,TV,2024-05-23 14:28:00
W09871,P0161,C0311,149,11,Laptop,2024-05-23 00:55:00
W09872,P0232,C0380,13,23,Laptop,2024-04-17 17:09:00
W09873,P0380,C0323,58,12,Laptop,2024-01-30 07:26:00
W09874,P0261,C0170,137,23,Mobile,2024-05-08 22:10:00
W09875,P0383,C0120,128,14,Laptop,2024-04-15 10:38:00
W09876,P0369,C0221,113,90,TV,2024-02-15 23:48:00
W09877,P0111,C0273,70,48,Mobile,2024-04-08 13:56:00
W09878,P0164,C0134,49,10,Mobile,2024-03-03 12:59:00
W09879,P0077,C0171,75,52,Tablet,2024-03-09 08:29:00
W09880,P0209,C0133,110,68,Mobile,2024-03-13 13:31:00
W09881,P0013,C0362,37,87,TV,2024-02-21 04:24:00
W09882,P0409,C0372,122,90,Tablet,2024-04-27 00:09:00
W09883,P0058,C0209,84,24,Laptop,2024-02-15 23:02:00
W09884,P0386,C0123,92,55,Tablet,2024-02-06 17:55:00
W09885,P0344,C0246,98,16,Mobile,2024-04-08 09:52:00
W09886,P0036,C0114,49,51,Laptop,2024-01-13 23:33:00
W09887,P0025,C0136,39,16,Laptop,2024-04-10 15:27:00
W09888,P0034,C0371,85,56,TV,2024-01-11 01:20:00
W09889,P0140,C0361,106,97,Mobile,2024-01-05 00:05:00
W09890,P0275,C0153,14,99,TV,2024-04-26 08:00:00
W09891,P0370,C0148,45,87,Mobile,2024-05-28 18:24:00
W09892,P0362,C0111,118,28,Mobile,2024-01-03 18:03:00
W09893,P0222,C0358,130,62,Laptop,2024-04-02 03:47:00
W09894,P0037,C0380,21,99,Laptop,2024-02-03 04:52:00
W09895,P0363,C0310,131,25,Tablet,2024-02-11 20:16:00
W09896,P0129,C0112,75,71,Mobile,2024-01-01 06:27:00
W09897,P0316,C0351,15,75,Mobile,2024-04-12 23:41:00
W09898,P0323,C0260,67,74,Laptop,2024-04-19 10:57:00
W09899,P0433,C0136,24,60,Mobile,2024-02-03 22:12:00
W09900,P0218,C0249,145,45,Mobile,2024-01-22 03:08:00
W09901,P0335,C0298,21,44,Mobile,2024-05-29 20:01:00
W09902,P0430,C0346,102,33,TV,2024-01-16 15:23:00
W09903,P0248,C0304,89,78,Tablet,2024-04-28 12:39:00
W09904,P0111,C0144,20,38,Tablet,2024-02-11 03:13:00
W09905,P0304,C0306,27,10,Mobile,2024-03-11 23:16:00
W09906,P0220,C0341,143,66,Mobile,2024-01-20 06:03:00
W09907,P0196,C0141,128,18,Laptop,2024-05-09 12:54:00
W09908,P0147,C0176,146,89,Tablet,2024-01-09 08:58:00
W09909,P0344,C0302,75,24,Tablet,2024-05-09 01:24:00
W09910,P0040,C0195,37,83,Laptop,2024-02-29 04:02:00
W09911,P0134,C0128,49,25,Tablet,2024-04-21 22:45:00
W09912,P0464,C0244,55,57,TV,2024-05-09 10:56:00
W09913,P0352,C0159,119,45,Laptop,2024-03-23 23:03:00
W09914,P0478,C0229,128,62,Mobile,2024-03-28 12:21:00
W09915,P0191,C0101,91,88,TV,2024-05-05 07:50:00
W09916,P0163,C0387,33,12,Tablet,2024-04-07 06:55:00
W09917,P0456,C0122,10,28,Mobile,2024-02-20 11:21:00
W09918,P0061,C0326,137,50,Tablet,2024-03-03 18:32:00
W09919,P0005,C0304,100,46,Tablet,2024-05-10 10:00:00
W09920,P0037,C0287,94,68,Mobile,2024-04-01 19:59:00
W09921,P0460,C0384,86,76,Mobile,2024-04-17 12:55:00
W09922,P0217,C0127,25,17,TV,2024-05-12 08:02:00
W09923,P0225,C0229,63,97,Tablet,2024-04-28 02:48:00
W09924,P0487,C0195,28,23,Laptop,2024-04-17 02:26:00
W09925,P0216,C0166,135,70,Laptop,2024-04-29 20:12:00
W09926,P0139,C0277,90,44,Laptop,2024-02-15 06:41:00
W09927,P0106,C0375,76,25,Tablet,2024-03-14 14:23:00
W09928,P0099,C0256,114,80,Tablet,2024-01-18 02:19:00
W09929,P0168,C0119,61,44,Mobile,2024-04-24 05:27:00
W09930,P0449,C0158,114,17,TV,2024-02-15 07:18:00
W09931,P0264,C0373,97,69,Tablet,2024-02-07 06:25:00
W09932,P0087,C0298,75,21,Laptop,2024-01-09 21:16:00
W09933,P0084,C0179,74,58,Tablet,2024-04-17 18:41:00
W09934,P0224,C0141,74,89,TV,2024-01-19 18:14:00
W09935,P0011,C0326,80,77,Tablet,2024-02-08 07:26:00
W09936,P0327,C0361,51,44,TV,2024-03-30 20:42:00
W09937,P0186,C0345,93,54,Mobile,2024-04-16 15:15:00
W09938,P0350,C0123,23,50,TV,2024-05-15 09:03:00
W09939,P0379,C0297,145,70,Laptop,2024-05-05 19:30:00
W09940,P0432,C0336,49,85,Tablet,2024-01-24 00:23:00
W09941,P0231,C0226,89,94,Tablet,2024-04-29 22:00:00
W09942,P0141,C0366,130,24,Laptop,2024-03-27 16:55:00
W09943,P0106,C0240,113,76,TV,2024-03-22 07:27:00
W09944,P0253,C0227,112,68,Tablet,2024-05-23 16:35:00
W09945,P0444,C0386,76,11,Tablet,2024-02-02 17:27:00
W09946,P0049,C0214,139,15,TV,2024-03-01 01:23:00
W09947,P0451,C0113,135,66,TV,2024-04-28 01:11:00
W09948,P0263,C0328,41,25,TV,2024-03-14 22:44:00
W09949,P0491,C0109,7,32,Tablet,2024-04-05 07:24:00
W09950,P0205,C0246,128,50,Laptop,2024-04-19 13:47:00
W09951,P0357,C0263,141,39,Laptop,2024-02-20 06:16:00
W09952,P0409,C0323,11,76,Mobile,2024-03-13 03:31:00
W09953,P0407,C0316,101,64,TV,2024-01-07 05:30:00
W09954,P0051,C0269,102,89,Laptop,2024-01-19 19:26:00
W09955,P0175,C0126,106,13,TV,2024-03-10 13:43:00
W09956,P0225,C0225,106,37,Tablet,2024-05-17 08:31:00
W09957,P0261,C0400,60,59,Laptop,2024-03-20 10:20:00
W09958,P0480,C0350,54,37,Tablet,2024-02-04 22:31:00
W09959,P0222,C0110,32,62,Mobile,2024-04-01 21:22:00
W09960,P0223,C0205,29,76,Laptop,2024-03-06 11:57:00
W09961,P0269,C0206,146,35,Laptop,2024-02-21 05:48:00
W09962,P0298,C0101,88,48,Mobile,2024-02-16 08:34:00
W09963,P0381,C0282,139,22,TV,2024-05-22 03:33:00
W09964,P0389,C0241,136,80,Laptop,2024-02-03 09:21:00
W09965,P0407,C0330,66,63,Mobile,2024-02-02 21:22:00
W09966,P0318,C0164,89,22,Tablet,2024-01-02 23:31:00
W09967,P0385,C0178,69,68,Mobile,2024-01-16 11:33:00
W09968,P0074,C0332,56,13,Tablet,2024-02-02 21:28:00
W09969,P0114,C0187,7,89,Mobile,2024-02-26 17:43:00
W09970,P0219,C0283,81,66,Laptop,2024-02-21 03:29:00
W09971,P0054,C0246,139,69,TV,2024-01-16 19:19:00
W09972,P0200,C0192,74,56,Laptop,2024-03-27 18:03:00
W09973,P0372,C0223,74,86,Laptop,2024-01-03 17:18:00
W09974,P0131,C0376,100,83,Tablet,2024-04-11 17:02:00
W09975,P0339,C0164,20,14,Laptop,2024-01-23 20:58:00
W09976,P0192,C0319,140,45,Mobile,2024-05-10 17:03:00
W09977,P0179,C0292,125,28,TV,2024-01-17 14:41:00
W09978,P0386,C0207,15,39,Laptop,2024-02-27 16:31:00
W09979,P0305,C0347,54,50,TV,2024-04-19 03:04:00
W09980,P0287,C0157,91,57,Tablet,2024-05-14 17:15:00
W09981,P0240,C0145,10,37,Laptop,2024-01-08 01:19:00
W09982,P0245,C0186,114,40,TV,2024-02-10 05:01:00
W09983,P0330,C0138,147,66,Mobile,2024-01-29 21:35:00
W09984,P0117,C0282,143,52,TV,2024-05-12 17:08:00
W09985,P0208,C0264,8,74,Mobile,2024-01-30 10:28:00
W09986,P0485,C0345,142,18,Mobile,2024-01-05 02:20:00
W09987,P0212,C0226,125,21,Tablet,2024-02-18 05:44:00
W09988,P0259,C0307,144,96,TV,2024-02-19 21:33:00
W09989,P0380,C0367,88,21,Laptop,2024-04-17 07:53:00
W09990,P0163,C0187,24,51,Laptop,2024-03-22 18:27:00
W09991,P0226,C0245,16,82,Laptop,2024-02-03 18:14:00
W09992,P0341,C0222,42,62,Laptop,2024-02-29 14:01:00
W09993,P0420,C0198,51,99,TV,2024-03-21 23:38:00
W09994,P0064,C0389,86,66,Tablet,2024-04-07 18:34:00
W09995,P0416,C0233,78,93,Laptop,2024-04-04 21:12:00
W09996,P0246,C0165,46,25,Laptop,2024-05-11 11:20:00
W09997,P0018,C0299,9,86,Mobile,2024-02-29 14:08:00
W09998,P0034,C0225,119,59,TV,2024-03-24 13:12:00
W09999,P0312,C0308,131,13,Mobile,2024-02-02 21:38:00
W10000,P0486,C0308,103,98,Mobile,2024-02-26 00:14:00
